punk_id,label
3702.0,0
6037.0,0
8811.0,0
2743.0,0
9990.0,0
8622.0,0
7684.0,0
7540.0,0
283.0,0
9335.0,0
6532.0,0
7442.0,0
7557.0,0
8432.0,0
9752.0,0
4578.0,0
4817.0,0
280.0,0
7343.0,0
4024.0,0
5391.0,0
6987.0,0
7907.0,0
3084.0,0
4164.0,0
1512.0,0
983.0,0
1236.0,0
1083.0,0
1613.0,0
2503.0,0
7910.0,0
3062.0,0
4990.0,0
6460.0,0
1340.0,0
9409.0,0
9340.0,0
1775.0,0
9844.0,0
3606.0,0
3471.0,0
1015.0,0
3616.0,0
7821.0,0
6913.0,0
4797.0,0
564.0,0
836.0,0
4614.0,0
5151.0,0
596.0,0
3795.0,0
7131.0,0
2207.0,0
6818.0,0
2826.0,0
3311.0,0
203.0,0
9561.0,0
9197.0,0
4932.0,0
2410.0,0
6402.0,0
6504.0,0
6287.0,0
1376.0,0
4893.0,0
9719.0,0
3110.0,0
2076.0,0
2808.0,0
950.0,0
2917.0,0
1672.0,0
4368.0,0
5767.0,0
5210.0,0
7239.0,0
9619.0,0
5455.0,0
1995.0,0
2080.0,0
5606.0,0
5728.0,0
3500.0,0
3407.0,0
4889.0,0
8298.0,0
4240.0,0
820.0,0
5237.0,0
6464.0,0
6363.0,0
9042.0,0
7294.0,0
7853.0,0
7419.0,0
5443.0,0
3661.0,0
3334.0,0
8437.0,0
3107.0,0
6136.0,0
4226.0,0
9510.0,0
5938.0,0
4036.0,0
9754.0,0
387.0,0
1721.0,0
5183.0,0
1845.0,0
6219.0,0
6099.0,0
8091.0,0
5564.0,0
843.0,0
3009.0,0
3304.0,0
6692.0,0
4246.0,0
7568.0,0
4526.0,0
340.0,0
5720.0,0
1903.0,0
9933.0,0
9875.0,0
1812.0,0
3737.0,0
9447.0,0
9540.0,0
6288.0,0
2948.0,0
332.0,0
8814.0,0
1539.0,0
5692.0,0
7730.0,0
5799.0,0
4161.0,0
8208.0,0
6566.0,0
2864.0,0
1859.0,0
2776.0,0
6807.0,0
6022.0,0
9143.0,0
6620.0,0
4804.0,0
1719.0,0
1374.0,0
5723.0,0
9539.0,0
2513.0,0
6608.0,0
9211.0,0
2230.0,0
9123.0,0
4189.0,0
2860.0,0
1981.0,0
6584.0,0
8420.0,0
5228.0,0
7959.0,0
6359.0,0
5039.0,0
8454.0,0
5069.0,0
1704.0,0
1489.0,0
8449.0,0
6362.0,0
5939.0,0
7357.0,0
2534.0,0
6169.0,0
3468.0,0
6360.0,0
4814.0,0
9763.0,0
8001.0,0
9022.0,0
2224.0,0
8634.0,0
7954.0,0
7479.0,0
8498.0,0
7160.0,0
7925.0,0
2216.0,0
8913.0,0
7113.0,0
7207.0,0
5487.0,0
3173.0,0
6622.0,0
8176.0,0
7041.0,0
6786.0,0
6305.0,0
2211.0,0
9713.0,0
759.0,0
5427.0,0
8871.0,0
2474.0,0
8096.0,0
1697.0,0
7714.0,0
793.0,0
489.0,0
3576.0,0
9113.0,0
9322.0,0
6485.0,0
1085.0,0
4744.0,0
9874.0,0
8571.0,0
9493.0,0
4976.0,0
1425.0,0
7045.0,0
4044.0,0
6411.0,0
2506.0,0
3533.0,0
4823.0,0
2490.0,0
8606.0,0
8902.0,0
2568.0,0
5984.0,0
3109.0,0
6997.0,0
3856.0,0
300.0,0
628.0,0
8944.0,0
4798.0,0
2683.0,0
3530.0,0
9103.0,0
124.0,0
9114.0,0
6508.0,0
5262.0,0
1912.0,0
8288.0,0
9690.0,0
3755.0,0
9350.0,0
4130.0,0
8544.0,0
9208.0,0
9773.0,0
9562.0,0
7162.0,0
6560.0,0
9456.0,0
4584.0,0
2888.0,0
1965.0,0
8707.0,0
4453.0,0
1187.0,0
4564.0,0
2831.0,0
1898.0,0
9967.0,0
7506.0,0
5619.0,0
1605.0,0
1361.0,0
2953.0,0
7864.0,0
5126.0,0
6516.0,0
704.0,0
3345.0,0
5041.0,0
6662.0,0
5040.0,0
4106.0,0
8574.0,0
9610.0,0
6215.0,0
2817.0,0
7553.0,0
8479.0,0
985.0,0
4871.0,0
1261.0,0
4914.0,0
2672.0,0
8475.0,0
9157.0,0
3519.0,0
5243.0,0
4252.0,0
9065.0,0
3740.0,0
740.0,0
4509.0,0
7967.0,0
8471.0,0
4198.0,0
6444.0,0
7293.0,0
2976.0,0
7737.0,0
5140.0,0
3923.0,0
2766.0,0
7744.0,0
4974.0,0
5705.0,0
7545.0,0
713.0,0
4116.0,0
9089.0,0
9982.0,0
1463.0,0
8828.0,0
4610.0,0
8643.0,0
9275.0,0
6283.0,0
3001.0,0
4117.0,0
9731.0,0
9255.0,0
5612.0,0
8458.0,0
7564.0,0
7509.0,0
7489.0,0
5642.0,0
4072.0,0
4539.0,0
4389.0,0
6553.0,0
9000.0,0
9308.0,0
9879.0,0
7946.0,0
385.0,0
9313.0,0
2569.0,0
6869.0,0
4194.0,0
8847.0,0
1473.0,0
5416.0,0
449.0,0
3608.0,0
3517.0,0
7323.0,0
5686.0,0
3878.0,0
8438.0,0
6820.0,0
4924.0,0
4868.0,0
8620.0,0
2968.0,0
4129.0,0
1552.0,0
4601.0,0
1618.0,0
8936.0,0
620.0,0
2936.0,0
8216.0,0
4142.0,0
3645.0,0
617.0,0
4901.0,0
2397.0,0
8524.0,0
9505.0,0
2963.0,0
1370.0,0
3263.0,0
1857.0,0
3395.0,0
4690.0,0
5530.0,0
5773.0,0
8671.0,0
9744.0,0
8905.0,0
8644.0,0
8143.0,0
2493.0,0
7532.0,0
5324.0,0
2065.0,0
4943.0,0
5131.0,0
7989.0,0
6408.0,0
2524.0,0
8897.0,0
6035.0,0
1186.0,0
7136.0,0
7106.0,0
4019.0,0
2222.0,0
9620.0,0
3048.0,0
2647.0,0
1739.0,0
5224.0,0
2279.0,0
7204.0,0
8295.0,0
3599.0,0
8049.0,0
7505.0,0
6354.0,0
7463.0,0
7272.0,0
8645.0,0
3142.0,0
3907.0,0
9958.0,0
4443.0,0
5011.0,0
7672.0,0
9764.0,0
1430.0,0
1403.0,0
1151.0,0
2773.0,0
5549.0,0
7069.0,0
4402.0,0
8172.0,0
3254.0,0
8444.0,0
1915.0,0
5096.0,0
9317.0,0
8845.0,0
4689.0,0
2233.0,0
3160.0,0
8604.0,0
1855.0,0
5683.0,0
7931.0,0
7313.0,0
1533.0,0
8171.0,0
6470.0,0
5973.0,0
2961.0,0
4361.0,0
8351.0,0
3050.0,0
6956.0,0
5367.0,0
8904.0,0
1520.0,0
839.0,0
89.0,0
1288.0,0
5315.0,0
6638.0,0
5149.0,0
5246.0,0
6632.0,0
6623.0,0
6307.0,0
4162.0,0
6549.0,0
4318.0,0
4324.0,0
4355.0,0
3441.0,0
4996.0,0
8603.0,0
3409.0,0
6635.0,0
6161.0,0
1068.0,0
6806.0,0
9325.0,0
7212.0,0
2777.0,0
5867.0,0
5825.0,0
3825.0,0
5731.0,0
9339.0,0
604.0,0
5993.0,0
7110.0,0
3662.0,0
8613.0,0
7571.0,0
7632.0,0
7720.0,0
2966.0,0
943.0,0
7973.0,0
1266.0,0
7957.0,0
9704.0,0
2414.0,0
2287.0,0
2979.0,0
7842.0,0
1003.0,0
3965.0,0
9239.0,0
5633.0,0
7733.0,0
7062.0,0
8021.0,0
9449.0,0
259.0,0
9043.0,0
4470.0,0
2641.0,0
9146.0,0
6989.0,0
1937.0,0
9631.0,0
8363.0,0
1467.0,0
4902.0,0
9164.0,0
1127.0,0
2006.0,0
6211.0,0
9588.0,0
2537.0,0
6076.0,0
3362.0,0
4631.0,0
3586.0,0
682.0,0
4195.0,0
2631.0,0
4197.0,0
3744.0,0
9502.0,0
7894.0,0
8718.0,0
6617.0,0
8177.0,0
7750.0,0
6975.0,0
7847.0,0
1943.0,0
7335.0,0
6791.0,0
9108.0,0
5638.0,0
3697.0,0
9059.0,0
1961.0,0
1439.0,0
118.0,0
7830.0,0
8743.0,0
2088.0,0
1006.0,0
3944.0,0
4275.0,0
2595.0,0
7905.0,0
5762.0,0
7416.0,0
5150.0,0
5486.0,0
7493.0,0
8874.0,0
9460.0,0
7492.0,0
4716.0,0
1803.0,0
4167.0,0
9216.0,0
4918.0,0
2250.0,0
1834.0,0
8911.0,0
2626.0,0
6778.0,0
5936.0,0
4175.0,0
2905.0,0
7655.0,0
3408.0,0
197.0,0
3790.0,0
3609.0,0
3350.0,0
1402.0,0
7803.0,0
9828.0,0
6191.0,0
1139.0,0
6273.0,0
4562.0,0
6278.0,0
8526.0,0
695.0,0
8312.0,0
1129.0,0
2348.0,0
2588.0,0
9753.0,0
2876.0,0
1781.0,0
2275.0,0
9932.0,0
3534.0,0
4227.0,0
3242.0,0
5674.0,0
9277.0,0
6212.0,0
9032.0,0
4059.0,0
3771.0,0
8762.0,0
6322.0,0
4979.0,0
8166.0,0
8204.0,0
1092.0,0
287.0,0
3579.0,0
4843.0,0
2317.0,0
3512.0,0
7456.0,0
6561.0,0
3615.0,0
5395.0,0
9577.0,0
1767.0,0
6603.0,0
486.0,0
7141.0,0
9174.0,0
8501.0,0
3589.0,0
9660.0,0
1564.0,0
8326.0,0
7190.0,0
1848.0,0
5840.0,0
6292.0,0
1378.0,0
5631.0,0
1385.0,0
5429.0,0
6971.0,0
1677.0,0
1316.0,0
7565.0,0
5779.0,0
7913.0,0
6524.0,0
2522.0,0
6387.0,0
5071.0,0
7558.0,0
8504.0,0
9266.0,0
6755.0,0
6593.0,0
7963.0,0
3194.0,0
3569.0,0
5881.0,0
2099.0,0
6090.0,0
9137.0,0
3217.0,0
9066.0,0
2832.0,0
1942.0,0
8059.0,0
6708.0,0
900.0,0
5771.0,0
700.0,0
8473.0,0
8372.0,0
7317.0,0
2438.0,0
2126.0,0
8213.0,0
2458.0,0
318.0,0
4930.0,0
6676.0,0
4416.0,0
5820.0,0
4957.0,0
7060.0,0
2102.0,0
8956.0,0
551.0,0
2150.0,0
4076.0,0
8562.0,0
1737.0,0
6557.0,0
8394.0,0
8305.0,0
5542.0,0
9550.0,0
7372.0,0
3003.0,0
6374.0,0
1054.0,0
7129.0,0
229.0,0
4813.0,0
2989.0,0
3742.0,0
3094.0,0
3041.0,0
8930.0,0
3015.0,0
4007.0,0
3539.0,0
1299.0,0
2863.0,0
8695.0,0
538.0,0
1585.0,0
2845.0,0
7811.0,0
8591.0,0
8551.0,0
4541.0,0
9236.0,0
9345.0,0
1936.0,0
6509.0,0
4941.0,0
618.0,0
5400.0,0
3583.0,0
3168.0,0
8392.0,0
8927.0,0
1535.0,0
9152.0,0
7427.0,0
1345.0,0
6931.0,0
1254.0,0
6710.0,0
8611.0,0
1735.0,0
1030.0,0
7598.0,0
5399.0,0
5077.0,0
6167.0,0
399.0,0
2782.0,0
8970.0,0
352.0,0
548.0,0
5865.0,0
9054.0,0
1776.0,0
797.0,0
6826.0,0
7116.0,0
3360.0,0
3807.0,0
3429.0,0
8247.0,0
1480.0,0
1509.0,0
6259.0,0
407.0,0
6967.0,0
2058.0,0
6812.0,0
3448.0,0
7307.0,0
7005.0,0
8378.0,0
9696.0,0
7764.0,0
6110.0,0
6325.0,0
2390.0,0
9902.0,0
3915.0,0
3951.0,0
6068.0,0
3051.0,0
4053.0,0
4124.0,0
3628.0,0
906.0,0
8961.0,0
8089.0,0
402.0,0
3976.0,0
3509.0,0
7435.0,0
8389.0,0
2253.0,0
6281.0,0
4391.0,0
2050.0,0
2999.0,0
3938.0,0
2870.0,0
3193.0,0
4085.0,0
3572.0,0
2584.0,0
5592.0,0
8273.0,0
7735.0,0
4524.0,0
9768.0,0
6210.0,0
6196.0,0
3302.0,0
3223.0,0
7029.0,0
9767.0,0
7003.0,0
5492.0,0
3150.0,0
5468.0,0
9868.0,0
1794.0,0
9469.0,0
4557.0,0
2023.0,0
7507.0,0
9200.0,0
6828.0,0
973.0,0
3030.0,0
1617.0,0
5912.0,0
8004.0,0
4867.0,0
6648.0,0
9001.0,0
5855.0,0
5994.0,0
257.0,0
4664.0,0
4447.0,0
3985.0,0
4542.0,0
9855.0,0
5814.0,0
4202.0,0
9384.0,0
4554.0,0
5169.0,0
8198.0,0
6031.0,0
2714.0,0
6601.0,0
1451.0,0
1523.0,0
9689.0,0
8919.0,0
6265.0,0
5374.0,0
4968.0,0
9337.0,0
7098.0,0
3490.0,0
8826.0,0
3418.0,0
470.0,0
522.0,0
1830.0,0
1071.0,0
8399.0,0
7147.0,0
591.0,0
9873.0,0
9351.0,0
6712.0,0
6313.0,0
4454.0,0
9695.0,0
3239.0,0
9770.0,0
9390.0,0
5458.0,0
3634.0,0
3580.0,0
3438.0,0
3383.0,0
2457.0,0
898.0,0
6349.0,0
6558.0,0
5903.0,0
5177.0,0
1075.0,0
8540.0,0
4101.0,0
8900.0,0
2852.0,0
9580.0,0
9920.0,0
285.0,0
8720.0,0
6112.0,0
9670.0,0
8600.0,0
6581.0,0
4961.0,0
376.0,0
5998.0,0
7018.0,0
3730.0,0
5667.0,0
814.0,0
1469.0,0
1575.0,0
8938.0,0
7983.0,0
9705.0,0
8808.0,0
2907.0,0
2498.0,0
5188.0,0
717.0,0
5346.0,0
6936.0,0
2531.0,0
9142.0,0
6230.0,0
3936.0,0
1454.0,0
9420.0,0
5462.0,0
7265.0,0
8321.0,0
9068.0,0
9297.0,0
3496.0,0
1791.0,0
7443.0,0
3626.0,0
3722.0,0
1091.0,0
9508.0,0
5620.0,0
3188.0,0
9843.0,0
6993.0,0
9190.0,0
2163.0,0
4140.0,0
3921.0,0
8264.0,0
6047.0,0
6854.0,0
3449.0,0
2816.0,0
8083.0,0
4841.0,0
1829.0,0
6056.0,0
4228.0,0
6124.0,0
9124.0,0
2878.0,0
8730.0,0
1321.0,0
1446.0,0
9247.0,0
9141.0,0
4878.0,0
2947.0,0
3380.0,0
6033.0,0
9386.0,0
5660.0,0
1884.0,0
8702.0,0
5933.0,0
9686.0,0
4399.0,0
7877.0,0
6002.0,0
5672.0,0
1817.0,0
2200.0,0
6705.0,0
2194.0,0
8774.0,0
2612.0,0
6802.0,0
5271.0,0
8542.0,0
9608.0,0
5146.0,0
5323.0,0
7809.0,0
3129.0,0
4041.0,0
6615.0,0
7406.0,0
3344.0,0
7053.0,0
1586.0,0
1045.0,0
7251.0,0
4096.0,0
329.0,0
3527.0,0
5558.0,0
2354.0,0
7495.0,0
6697.0,0
4916.0,0
7729.0,0
150.0,0
3459.0,0
2853.0,0
8665.0,0
1386.0,0
7998.0,0
729.0,0
8922.0,0
715.0,0
2996.0,0
9603.0,0
5829.0,0
4866.0,0
4310.0,0
5979.0,0
3623.0,0
5358.0,0
8189.0,0
1722.0,0
3922.0,0
7620.0,0
920.0,0
7015.0,0
2257.0,0
9450.0,0
9063.0,0
1173.0,0
5020.0,0
5639.0,0
7308.0,0
488.0,0
9284.0,0
3033.0,0
4148.0,0
6861.0,0
718.0,0
5195.0,0
143.0,0
7316.0,0
1683.0,0
774.0,0
4827.0,0
7233.0,0
7810.0,0
2921.0,0
6138.0,0
9023.0,0
1614.0,0
6633.0,0
8599.0,0
4089.0,0
4765.0,0
2429.0,0
9094.0,0
2347.0,0
8456.0,0
6545.0,0
3315.0,0
9272.0,0
8937.0,0
6058.0,0
239.0,0
9298.0,0
6537.0,0
8345.0,0
9581.0,0
3874.0,0
4367.0,0
857.0,0
509.0,0
8585.0,0
7919.0,0
9759.0,0
9798.0,0
4265.0,0
9522.0,0
5123.0,0
8357.0,0
8747.0,0
3021.0,0
2079.0,0
4600.0,0
8331.0,0
6871.0,0
7494.0,0
8068.0,0
6393.0,0
5108.0,0
5701.0,0
913.0,0
2780.0,0
669.0,0
8335.0,0
3013.0,0
1052.0,0
6546.0,0
9465.0,0
1524.0,0
4692.0,0
7186.0,0
7111.0,0
8907.0,0
9178.0,0
1234.0,0
5726.0,0
3596.0,0
2880.0,0
7755.0,0
7117.0,0
3853.0,0
1941.0,0
2684.0,0
6629.0,0
3356.0,0
4224.0,0
8537.0,0
8285.0,0
1703.0,0
3956.0,0
3817.0,0
3406.0,0
6963.0,0
6591.0,0
6398.0,0
7628.0,0
4650.0,0
1280.0,0
3577.0,0
6088.0,0
4320.0,0
9528.0,0
2036.0,0
2934.0,0
4550.0,0
7087.0,0
6092.0,0
3905.0,0
3980.0,0
4965.0,0
1029.0,0
8131.0,0
3859.0,0
2366.0,0
9791.0,0
5733.0,0
853.0,0
9673.0,0
9970.0,0
8153.0,0
8598.0,0
6134.0,0
2061.0,0
6696.0,0
3365.0,0
769.0,0
9248.0,0
5320.0,0
9598.0,0
286.0,0
6714.0,0
5959.0,0
7260.0,0
9845.0,0
3618.0,0
3699.0,0
3002.0,0
3277.0,0
5083.0,0
8903.0,0
349.0,0
8242.0,0
9385.0,0
3970.0,0
678.0,0
8157.0,0
9117.0,0
7812.0,0
8268.0,0
6779.0,0
730.0,0
7948.0,0
9668.0,0
7163.0,0
2699.0,0
1462.0,0
4209.0,0
3910.0,0
3246.0,0
9840.0,0
8924.0,0
2193.0,0
5043.0,0
3696.0,0
6614.0,0
7200.0,0
7662.0,0
6361.0,0
8497.0,0
3010.0,0
1324.0,0
4528.0,0
7096.0,0
5037.0,0
7824.0,0
3917.0,0
3114.0,0
8435.0,0
6131.0,0
2447.0,0
2378.0,0
3255.0,0
886.0,0
1804.0,0
5777.0,0
9167.0,0
1476.0,0
1851.0,0
9234.0,0
2011.0,0
1482.0,0
7075.0,0
8375.0,0
5547.0,0
9363.0,0
8175.0,0
9805.0,0
3204.0,0
3760.0,0
2320.0,0
800.0,0
3855.0,0
7929.0,0
2542.0,0
4461.0,0
6947.0,0
8115.0,0
7554.0,0
3868.0,0
7290.0,0
4931.0,0
7421.0,0
8751.0,0
1161.0,0
4231.0,0
6843.0,0
4776.0,0
9601.0,0
8995.0,0
9332.0,0
2634.0,0
240.0,0
5220.0,0
1319.0,0
7645.0,0
2835.0,0
8253.0,0
7634.0,0
4699.0,0
3353.0,0
2440.0,0
5954.0,0
2735.0,0
4953.0,0
8069.0,0
7519.0,0
6945.0,0
1764.0,0
1580.0,0
6624.0,0
7823.0,0
6742.0,0
3080.0,0
3159.0,0
1770.0,0
6282.0,0
7981.0,0
8534.0,0
3949.0,0
7271.0,0
1123.0,0
5280.0,0
3619.0,0
3759.0,0
5337.0,0
3378.0,0
4219.0,0
4295.0,0
4463.0,0
9391.0,0
9099.0,0
6713.0,0
3020.0,0
3139.0,0
3989.0,0
5067.0,0
8636.0,0
3658.0,0
3514.0,0
8668.0,0
2805.0,0
9720.0,0
8407.0,0
5543.0,0
4263.0,0
9537.0,0
2067.0,0
6217.0,0
2762.0,0
6860.0,0
534.0,0
1711.0,0
5835.0,0
4289.0,0
6928.0,0
5384.0,0
7818.0,0
3224.0,0
5664.0,0
8586.0,0
3167.0,0
1436.0,0
4063.0,0
7897.0,0
8492.0,0
4630.0,0
8564.0,0
7752.0,0
6574.0,0
9372.0,0
9301.0,0
5348.0,0
5063.0,0
6050.0,0
8315.0,0
5227.0,0
5741.0,0
1592.0,0
5681.0,0
9224.0,0
1626.0,0
3958.0,0
3670.0,0
9084.0,0
4988.0,0
4006.0,0
5975.0,0
8233.0,0
794.0,0
8686.0,0
8947.0,0
1360.0,0
3780.0,0
4236.0,0
8783.0,0
5940.0,0
1702.0,0
5482.0,0
9171.0,0
8459.0,0
5860.0,0
6085.0,0
1623.0,0
5550.0,0
5445.0,0
3444.0,0
6666.0,0
6115.0,0
6926.0,0
4149.0,0
4300.0,0
6888.0,0
1673.0,0
5803.0,0
8221.0,0
9749.0,0
4963.0,0
3316.0,0
7378.0,0
3693.0,0
4643.0,0
3286.0,0
8906.0,0
8220.0,0
6420.0,0
2156.0,0
3000.0,0
9708.0,0
2677.0,0
4441.0,0
7074.0,0
9047.0,0
497.0,0
3769.0,0
3927.0,0
3258.0,0
1853.0,0
5879.0,0
2328.0,0
7731.0,0
2721.0,0
8998.0,0
9488.0,0
3770.0,0
5575.0,0
3966.0,0
952.0,0
7459.0,0
4029.0,0
161.0,0
141.0,0
1513.0,0
4543.0,0
1622.0,0
4807.0,0
2469.0,0
5675.0,0
2376.0,0
6462.0,0
6767.0,0
6729.0,0
5196.0,0
5456.0,0
5091.0,0
2028.0,0
5389.0,0
5050.0,0
2220.0,0
4034.0,0
6227.0,0
6448.0,0
4982.0,0
4842.0,0
5014.0,0
7710.0,0
4815.0,0
9249.0,0
2750.0,0
5536.0,0
819.0,0
5538.0,0
7225.0,0
2405.0,0
3467.0,0
2343.0,0
8428.0,0
2125.0,0
5956.0,0
9856.0,0
3245.0,0
8173.0,0
9161.0,0
8637.0,0
4003.0,0
7502.0,0
2235.0,0
8855.0,0
8431.0,0
6226.0,0
4238.0,0
2635.0,0
9112.0,0
3054.0,0
1836.0,0
2969.0,0
7401.0,0
8781.0,0
1394.0,0
8429.0,0
5602.0,0
5512.0,0
6177.0,0
3169.0,0
1813.0,0
8446.0,0
6414.0,0
6401.0,0
4253.0,0
4894.0,0
3346.0,0
8950.0,0
9507.0,0
2409.0,0
1041.0,0
5260.0,0
8215.0,0
7054.0,0
5875.0,0
6445.0,0
6135.0,0
6065.0,0
9795.0,0
7000.0,0
7508.0,0
6113.0,0
3484.0,0
9496.0,0
8512.0,0
4591.0,0
7019.0,0
8230.0,0
5732.0,0
4926.0,0
3671.0,0
4152.0,0
3812.0,0
3762.0,0
1362.0,0
6825.0,0
1890.0,0
2016.0,0
5518.0,0
3959.0,0
2363.0,0
1825.0,0
6751.0,0
9555.0,0
5730.0,0
4485.0,0
3029.0,0
7245.0,0
5755.0,0
6421.0,0
2381.0,0
7549.0,0
7534.0,0
3018.0,0
5334.0,0
5103.0,0
8302.0,0
9087.0,0
7342.0,0
7728.0,0
2659.0,0
2829.0,0
9416.0,0
3650.0,0
2008.0,0
6877.0,0
4104.0,0
7740.0,0
2689.0,0
2327.0,0
5969.0,0
8653.0,0
9071.0,0
1752.0,0
3261.0,0
9319.0,0
7762.0,0
9188.0,0
9354.0,0
5098.0,0
9684.0,0
6644.0,0
1110.0,0
5494.0,0
9233.0,0
5005.0,0
3207.0,0
3842.0,0
6025.0,0
7237.0,0
1407.0,0
7356.0,0
7080.0,0
5537.0,0
2358.0,0
2353.0,0
2548.0,0
3757.0,0
2720.0,0
7298.0,0
5226.0,0
7404.0,0
3617.0,0
5648.0,0
5917.0,0
7104.0,0
803.0,0
4274.0,0
6238.0,0
3994.0,0
2223.0,0
6672.0,0
5756.0,0
7807.0,0
4225.0,0
6753.0,0
4206.0,0
9206.0,0
6762.0,0
8178.0,0
4460.0,0
914.0,0
6734.0,0
7651.0,0
5557.0,0
4534.0,0
4458.0,0
4223.0,0
4475.0,0
1532.0,0
8051.0,0
7525.0,0
7945.0,0
8573.0,0
4854.0,0
2586.0,0
9924.0,0
4529.0,0
8576.0,0
5635.0,0
5695.0,0
6846.0,0
7264.0,0
6410.0,0
5913.0,0
2236.0,0
6772.0,0
8381.0,0
7332.0,0
3964.0,0
2730.0,0
2321.0,0
8352.0,0
9305.0,0
8807.0,0
4624.0,0
8667.0,0
8726.0,0
825.0,0
2749.0,0
9506.0,0
7044.0,0
9173.0,0
1448.0,0
6353.0,0
2342.0,0
2213.0,0
9081.0,0
9478.0,0
8969.0,0
1745.0,0
3504.0,0
8045.0,0
5051.0,0
3185.0,0
6128.0,0
1043.0,0
7912.0,0
5273.0,0
7289.0,0
4590.0,0
2964.0,0
3501.0,0
8561.0,0
7555.0,0
7852.0,0
4826.0,0
1793.0,0
9543.0,0
1796.0,0
7909.0,0
9355.0,0
2956.0,0
7279.0,0
6073.0,0
923.0,0
8687.0,0
4994.0,0
9252.0,0
4679.0,0
6506.0,0
342.0,0
8334.0,0
6405.0,0
6850.0,0
3836.0,0
5372.0,0
3800.0,0
8941.0,0
4151.0,0
6496.0,0
7195.0,0
6272.0,0
3343.0,0
9884.0,0
2695.0,0
2047.0,0
6052.0,0
3470.0,0
6492.0,0
5964.0,0
6804.0,0
4042.0,0
6000.0,0
9725.0,0
328.0,0
7708.0,0
8010.0,0
7969.0,0
8559.0,0
5883.0,0
5625.0,0
9730.0,0
2745.0,0
506.0,0
5626.0,0
7375.0,0
8683.0,0
1902.0,0
6066.0,0
3819.0,0
8786.0,0
9408.0,0
6844.0,0
5080.0,0
169.0,0
642.0,0
5522.0,0
7613.0,0
8916.0,0
8101.0,0
6266.0,0
2482.0,0
2290.0,0
1778.0,0
3327.0,0
4792.0,0
9254.0,0
7164.0,0
6220.0,0
8195.0,0
1846.0,0
1649.0,0
5750.0,0
2789.0,0
5748.0,0
8149.0,0
1862.0,0
8457.0,0
6932.0,0
8395.0,0
5859.0,0
355.0,0
1587.0,0
9158.0,0
4606.0,0
8196.0,0
7815.0,0
9622.0,0
6449.0,0
9348.0,0
9162.0,0
2834.0,0
2673.0,0
3526.0,0
5269.0,0
6892.0,0
3499.0,0
8761.0,0
3004.0,0
4616.0,0
6863.0,0
1100.0,0
2128.0,0
660.0,0
3653.0,0
5902.0,0
1527.0,0
5682.0,0
9010.0,0
3308.0,0
7605.0,0
5886.0,0
4113.0,0
4950.0,0
7751.0,0
3202.0,0
5982.0,0
8419.0,0
9370.0,0
2661.0,0
5790.0,0
1765.0,0
2975.0,0
9921.0,0
1175.0,0
1257.0,0
9632.0,0
5463.0,0
9214.0,0
1516.0,0
9136.0,0
9521.0,0
6350.0,0
6158.0,0
709.0,0
3117.0,0
7429.0,0
1676.0,0
5647.0,0
2473.0,0
7515.0,0
6012.0,0
636.0,0
2984.0,0
7213.0,0
1631.0,0
1665.0,0
6397.0,0
7572.0,0
4474.0,0
1325.0,0
2771.0,0
5055.0,0
7627.0,0
2382.0,0
5567.0,0
6424.0,0
7157.0,0
1991.0,0
8546.0,0
8818.0,0
2245.0,0
8451.0,0
3520.0,0
8191.0,0
613.0,0
3463.0,0
5018.0,0
8800.0,0
9612.0,0
2998.0,0
6241.0,0
4816.0,0
9223.0,0
9656.0,0
3460.0,0
3203.0,0
3665.0,0
8488.0,0
4802.0,0
4734.0,0
4031.0,0
5189.0,0
5398.0,0
2333.0,0
4770.0,0
3924.0,0
4112.0,0
8029.0,0
4204.0,0
5089.0,0
4233.0,0
8698.0,0
862.0,0
3208.0,0
8725.0,0
8548.0,0
8180.0,0
5404.0,0
9082.0,0
4082.0,0
1212.0,0
5659.0,0
3008.0,0
5293.0,0
6533.0,0
9910.0,0
773.0,0
6605.0,0
1648.0,0
7408.0,0
7790.0,0
8376.0,0
1279.0,0
5535.0,0
4329.0,0
1267.0,0
6669.0,0
9261.0,0
5671.0,0
9375.0,0
5965.0,0
6793.0,0
4805.0,0
4122.0,0
9356.0,0
4767.0,0
7933.0,0
8813.0,0
4427.0,0
6709.0,0
1320.0,0
6010.0,0
6493.0,0
9571.0,0
5309.0,0
9771.0,0
8423.0,0
473.0,0
650.0,0
2660.0,0
9056.0,0
5653.0,0
8408.0,0
3508.0,0
5868.0,0
5517.0,0
6595.0,0
3248.0,0
1495.0,0
6832.0,0
1435.0,0
9031.0,0
2041.0,0
9040.0,0
2939.0,0
8988.0,0
7656.0,0
7870.0,0
3546.0,0
5514.0,0
6659.0,0
550.0,0
9724.0,0
4905.0,0
8630.0,0
8156.0,0
3209.0,0
9417.0,0
4271.0,0
7854.0,0
4105.0,0
5197.0,0
1639.0,0
586.0,0
5740.0,0
8617.0,0
6275.0,0
4811.0,0
5766.0,0
5823.0,0
4311.0,0
4773.0,0
9839.0,0
7354.0,0
6657.0,0
6737.0,0
4141.0,0
160.0,0
3854.0,0
8946.0,0
7705.0,0
8872.0,0
7359.0,0
570.0,0
716.0,0
2263.0,0
5116.0,0
3218.0,0
5120.0,0
1210.0,0
8798.0,0
3672.0,0
561.0,0
4352.0,0
8109.0,0
322.0,0
8050.0,0
4553.0,0
2686.0,0
2190.0,0
4055.0,0
2581.0,0
5471.0,0
3708.0,0
3007.0,0
7158.0,0
3829.0,0
3253.0,0
3601.0,0
6415.0,0
5637.0,0
1256.0,0
1119.0,0
2679.0,0
5603.0,0
3215.0,0
855.0,0
1335.0,0
9747.0,0
9304.0,0
5090.0,0
2787.0,0
457.0,0
8515.0,0
5657.0,0
7434.0,0
2850.0,0
3081.0,0
6443.0,0
4009.0,0
5588.0,0
2767.0,0
7999.0,0
9536.0,0
7745.0,0
6775.0,0
743.0,0
2904.0,0
5655.0,0
5352.0,0
1389.0,0
6747.0,0
9863.0,0
1510.0,0
7665.0,0
2221.0,0
686.0,0
6072.0,0
1315.0,0
7142.0,0
7377.0,0
14.0,0
1417.0,0
2443.0,0
2738.0,0
2013.0,0
1766.0,0
3492.0,0
7556.0,0
2017.0,0
5449.0,0
2281.0,0
9210.0,0
8461.0,0
5966.0,0
3392.0,0
8468.0,0
6381.0,0
8263.0,0
8535.0,0
3581.0,0
8894.0,0
5215.0,0
3125.0,0
852.0,0
2160.0,0
6379.0,0
4852.0,0
3548.0,0
5488.0,0
6483.0,0
6183.0,0
9900.0,0
7405.0,0
9538.0,0
1205.0,0
5751.0,0
1502.0,0
4242.0,0
9881.0,0
406.0,0
4561.0,0
6061.0,0
7890.0,0
2636.0,0
1289.0,0
8380.0,0
2417.0,0
4576.0,0
4196.0,0
7602.0,0
2872.0,0
1753.0,0
2261.0,0
8593.0,0
8605.0,0
9865.0,0
7965.0,0
5201.0,0
6431.0,0
2930.0,0
8984.0,0
8235.0,0
138.0,0
3982.0,0
6909.0,0
291.0,0
4910.0,0
8440.0,0
638.0,0
2238.0,0
6293.0,0
5809.0,0
8144.0,0
2142.0,0
3561.0,0
2546.0,0
2929.0,0
9890.0,0
4640.0,0
4831.0,0
4216.0,0
7563.0,0
4722.0,0
2556.0,0
8035.0,0
8933.0,0
7168.0,0
7533.0,0
2570.0,0
5013.0,0
3498.0,0
5579.0,0
6209.0,0
5931.0,0
4799.0,0
7338.0,0
5668.0,0
5831.0,0
4660.0,0
1005.0,0
9455.0,0
3256.0,0
6234.0,0
2268.0,0
9674.0,0
7222.0,0
8819.0,0
4486.0,0
2544.0,0
4997.0,0
8081.0,0
8601.0,0
4335.0,0
1474.0,0
5935.0,0
7503.0,0
4599.0,0
8481.0,0
7765.0,0
3497.0,0
3536.0,0
8237.0,0
9885.0,0
9076.0,0
6105.0,0
4632.0,0
2408.0,0
3104.0,0
9159.0,0
4131.0,0
9905.0,0
6891.0,0
1243.0,0
6562.0,0
258.0,0
1728.0,0
9816.0,0
5437.0,0
4855.0,0
5212.0,0
9187.0,0
5333.0,0
5873.0,0
2314.0,0
1710.0,0
4880.0,0
4419.0,0
2855.0,0
9781.0,0
9572.0,0
8325.0,0
5500.0,0
4611.0,0
9467.0,0
9138.0,0
8485.0,0
5181.0,0
7629.0,0
2127.0,0
3824.0,0
2867.0,0
3507.0,0
3532.0,0
9285.0,0
4551.0,0
2367.0,0
2774.0,0
2205.0,0
1889.0,0
807.0,0
3969.0,0
5287.0,0
4331.0,0
2978.0,0
6008.0,0
4729.0,0
6055.0,0
9652.0,0
1240.0,0
2553.0,0
2942.0,0
7707.0,0
7977.0,0
6691.0,0
5866.0,0
8113.0,0
5208.0,0
8385.0,0
7370.0,0
3096.0,0
9445.0,0
6406.0,0
690.0,0
2760.0,0
632.0,0
2173.0,0
6976.0,0
9380.0,0
5915.0,0
1095.0,0
3260.0,0
5028.0,0
9198.0,0
4985.0,0
1334.0,0
6750.0,0
6130.0,0
8536.0,0
4123.0,0
2671.0,0
5896.0,0
6783.0,0
447.0,0
3083.0,0
8038.0,0
494.0,0
6727.0,0
9106.0,0
3621.0,0
3458.0,0
2039.0,0
5252.0,0
7067.0,0
2688.0,0
9289.0,0
6674.0,0
4022.0,0
6667.0,0
3700.0,0
3145.0,0
9834.0,0
7668.0,0
1633.0,0
7611.0,0
7693.0,0
2990.0,0
1180.0,0
2670.0,0
8071.0,0
5706.0,0
8658.0,0
2336.0,0
5711.0,0
3059.0,0
981.0,0
7388.0,0
4493.0,0
6720.0,0
6446.0,0
9760.0,0
5343.0,0
6114.0,0
9046.0,0
8292.0,0
6652.0,0
4521.0,0
4338.0,0
3851.0,0
5589.0,0
8789.0,0
4829.0,0
6291.0,0
2668.0,0
6139.0,0
5058.0,0
6248.0,0
6502.0,0
8020.0,0
1828.0,0
3237.0,0
2379.0,0
2350.0,0
5679.0,0
5992.0,0
6680.0,0
5715.0,0
6650.0,0
4330.0,0
7647.0,0
7521.0,0
9018.0,0
3321.0,0
9286.0,0
5864.0,0
2309.0,0
2535.0,0
4383.0,0
8186.0,0
3914.0,0
8978.0,0
749.0,0
3728.0,0
2505.0,0
3387.0,0
8817.0,0
8560.0,0
9842.0,0
3028.0,0
6883.0,0
1880.0,0
8547.0,0
8655.0,0
3826.0,0
2389.0,0
8269.0,0
2603.0,0
7988.0,0
4171.0,0
6765.0,0
1420.0,0
7996.0,0
8736.0,0
5911.0,0
9969.0,0
7007.0,0
7072.0,0
6540.0,0
9775.0,0
6573.0,0
3324.0,0
1456.0,0
1565.0,0
6689.0,0
3978.0,0
2788.0,0
6294.0,0
8282.0,0
5891.0,0
2435.0,0
7261.0,0
6665.0,0
7407.0,0
7788.0,0
2191.0,0
4634.0,0
1696.0,0
1215.0,0
4340.0,0
7347.0,0
2168.0,0
1872.0,0
6171.0,0
6011.0,0
6685.0,0
9442.0,0
1555.0,0
6678.0,0
3833.0,0
2785.0,0
7425.0,0
8294.0,0
7922.0,0
5878.0,0
7777.0,0
3988.0,0
2770.0,0
5955.0,0
1814.0,0
7814.0,0
8140.0,0
339.0,0
1944.0,0
2374.0,0
3841.0,0
7609.0,0
4466.0,0
3386.0,0
2645.0,0
3709.0,0
7535.0,0
593.0,0
7960.0,0
1967.0,0
3325.0,0
2464.0,0
7648.0,0
6833.0,0
3399.0,0
5297.0,0
6260.0,0
1824.0,0
6385.0,0
8092.0,0
8810.0,0
6592.0,0
7746.0,0
6933.0,0
6653.0,0
3920.0,0
3937.0,0
3389.0,0
965.0,0
6332.0,0
5687.0,0
1640.0,0
7411.0,0
2441.0,0
6803.0,0
9546.0,0
8309.0,0
6206.0,0
9980.0,0
7646.0,0
2394.0,0
5848.0,0
5926.0,0
5198.0,0
8550.0,0
7355.0,0
6626.0,0
8313.0,0
9012.0,0
6468.0,0
7474.0,0
6937.0,0
3042.0,0
6257.0,0
4929.0,0
9710.0,0
9400.0,0
6070.0,0
2906.0,0
827.0,0
7252.0,0
4170.0,0
5827.0,0
939.0,0
2541.0,0
381.0,0
9718.0,0
1651.0,0
6003.0,0
4511.0,0
6372.0,0
1589.0,0
5586.0,0
4662.0,0
4862.0,0
6075.0,0
9053.0,0
4740.0,0
2476.0,0
9671.0,0
6358.0,0
1519.0,0
3132.0,0
1908.0,0
6621.0,0
9633.0,0
1905.0,0
8463.0,0
3425.0,0
3156.0,0
1096.0,0
3417.0,0
8409.0,0
3123.0,0
5559.0,0
3563.0,0
1155.0,0
3871.0,0
6837.0,0
8279.0,0
4971.0,0
4414.0,0
1170.0,0
3782.0,0
9436.0,0
1638.0,0
9307.0,0
3469.0,0
9678.0,0
6994.0,0
8577.0,0
2153.0,0
5128.0,0
6494.0,0
7972.0,0
5532.0,0
5194.0,0
7593.0,0
6598.0,0
4326.0,0
7826.0,0
8651.0,0
6251.0,0
1211.0,0
588.0,0
9378.0,0
1875.0,0
252.0,0
8495.0,0
5713.0,0
3323.0,0
1397.0,0
5953.0,0
3371.0,0
2154.0,0
3305.0,0
8870.0,0
7255.0,0
9617.0,0
2887.0,0
784.0,0
4312.0,0
3011.0,0
3695.0,0
2248.0,0
6308.0,0
880.0,0
7667.0,0
2481.0,0
5325.0,0
3201.0,0
9512.0,0
6258.0,0
7331.0,0
7235.0,0
8425.0,0
4234.0,0
7642.0,0
8690.0,0
6503.0,0
9740.0,0
2881.0,0
5229.0,0
2523.0,0
9935.0,0
8470.0,0
2598.0,0
3797.0,0
5676.0,0
3544.0,0
2927.0,0
2592.0,0
7955.0,0
2937.0,0
5986.0,0
6660.0,0
9270.0,0
7883.0,0
5737.0,0
7692.0,0
3587.0,0
9606.0,0
4290.0,0
2719.0,0
2932.0,0
2112.0,0
2761.0,0
907.0,0
4750.0,0
8744.0,0
6752.0,0
7447.0,0
2529.0,0
8053.0,0
3453.0,0
5601.0,0
5815.0,0
2995.0,0
5847.0,0
6643.0,0
7178.0,0
5422.0,0
2833.0,0
8359.0,0
2801.0,0
4719.0,0
2632.0,0
7990.0,0
7219.0,0
7641.0,0
5629.0,0
8436.0,0
9547.0,0
5752.0,0
5387.0,0
3794.0,0
9258.0,0
7956.0,0
8849.0,0
4373.0,0
3549.0,0
8673.0,0
8790.0,0
8018.0,0
9893.0,0
3622.0,0
648.0,0
7520.0,0
7065.0,0
3326.0,0
3320.0,0
3064.0,0
7013.0,0
9126.0,0
8087.0,0
2151.0,0
9651.0,0
1842.0,0
6106.0,0
5087.0,0
5981.0,0
4695.0,0
3366.0,0
5107.0,0
8401.0,0
8692.0,0
6649.0,0
5901.0,0
4515.0,0
6618.0,0
5947.0,0
7244.0,0
916.0,0
4210.0,0
3799.0,0
891.0,0
7439.0,0
3157.0,0
2744.0,0
2616.0,0
9212.0,0
8885.0,0
3804.0,0
9532.0,0
2294.0,0
8886.0,0
4237.0,0
4126.0,0
8757.0,0
9683.0,0
3513.0,0
9326.0,0
4174.0,0
8358.0,0
9912.0,0
2820.0,0
2619.0,0
5566.0,0
7192.0,0
2452.0,0
4153.0,0
8275.0,0
8410.0,0
7392.0,0
7073.0,0
1369.0,0
4145.0,0
8931.0,0
8489.0,0
9075.0,0
643.0,0
9353.0,0
9663.0,0
2981.0,0
1611.0,0
9306.0,0
5247.0,0
9479.0,0
7923.0,0
6207.0,0
7715.0,0
6216.0,0
8163.0,0
5153.0,0
490.0,0
3230.0,0
2421.0,0
1771.0,0
9776.0,0
4011.0,0
817.0,0
1966.0,0
8511.0,0
3291.0,0
4054.0,0
2445.0,0
7216.0,0
2430.0,0
2313.0,0
1388.0,0
5793.0,0
6716.0,0
312.0,0
6878.0,0
1504.0,0
4407.0,0
139.0,0
430.0,0
7088.0,0
4102.0,0
1009.0,0
294.0,0
7530.0,0
1308.0,0
1269.0,0
9381.0,0
9090.0,0
6744.0,0
8865.0,0
1.0,0
7468.0,0
5142.0,0
7123.0,0
7846.0,0
3338.0,0
616.0,0
8148.0,0
3195.0,0
4955.0,0
2037.0,0
9225.0,0
3968.0,0
6080.0,0
5313.0,0
7325.0,0
1244.0,0
6768.0,0
3529.0,0
2396.0,0
6152.0,0
7522.0,0
6834.0,0
8796.0,0
5044.0,0
2276.0,0
7896.0,0
4002.0,0
7843.0,0
9862.0,0
8912.0,0
3718.0,0
3075.0,0
5942.0,0
6168.0,0
8393.0,0
9943.0,0
2231.0,0
5696.0,0
9481.0,0
3543.0,0
924.0,0
9203.0,0
173.0,0
1891.0,0
782.0,0
9438.0,0
5782.0,0
7076.0,0
8296.0,0
6645.0,0
4481.0,0
1196.0,0
6315.0,0
5534.0,0
1328.0,0
1581.0,0
948.0,0
7748.0,0
116.0,0
2871.0,0
1566.0,0
4505.0,0
7422.0,0
6522.0,0
7848.0,0
6609.0,0
6480.0,0
5307.0,0
1517.0,0
5276.0,0
3379.0,0
4621.0,0
5893.0,0
3731.0,0
7940.0,0
1479.0,0
8584.0,0
7504.0,0
7982.0,0
8343.0,0
6634.0,0
6952.0,0
2637.0,0
698.0,0
3331.0,0
8057.0,0
7835.0,0
384.0,0
3941.0,0
2965.0,0
1522.0,0
4639.0,0
6213.0,0
505.0,0
3330.0,0
8723.0,0
8367.0,0
2621.0,0
2237.0,0
8612.0,0
8469.0,0
7326.0,0
445.0,0
2895.0,0
6036.0,0
6355.0,0
8082.0,0
7078.0,0
4879.0,0
9425.0,0
3421.0,0
8569.0,0
5734.0,0
8739.0,0
8721.0,0
2713.0,0
4909.0,0
9929.0,0
4977.0,0
1979.0,0
7250.0,0
9476.0,0
9271.0,0
8192.0,0
7107.0,0
2980.0,0
4444.0,0
9859.0,0
4066.0,0
7869.0,0
5428.0,0
1852.0,0
8949.0,0
7299.0,0
2914.0,0
6366.0,0
1693.0,0
5241.0,0
6921.0,0
3995.0,0
3482.0,0
8227.0,0
8693.0,0
7023.0,0
5266.0,0
2392.0,0
9027.0,0
4436.0,0
4408.0,0
5841.0,0
5885.0,0
2140.0,0
9548.0,0
6711.0,0
7861.0,0
1116.0,0
9891.0,0
1013.0,0
3052.0,0
4187.0,0
8552.0,0
3515.0,0
6312.0,0
5718.0,0
5371.0,0
4978.0,0
5105.0,0
5919.0,0
2653.0,0
3542.0,0
9168.0,0
7682.0,0
2015.0,0
7552.0,0
9644.0,0
9072.0,0
2196.0,0
6613.0,0
368.0,0
8411.0,0
2426.0,0
3793.0,0
6162.0,0
2648.0,0
3879.0,0
1802.0,0
7077.0,0
6122.0,0
845.0,0
9461.0,0
4945.0,0
365.0,0
4512.0,0
7828.0,0
2698.0,0
8835.0,0
3952.0,0
5850.0,0
4494.0,0
5656.0,0
6032.0,0
1350.0,0
8715.0,0
1514.0,0
9371.0,0
7056.0,0
4410.0,0
9220.0,0
9235.0,0
8530.0,0
998.0,0
1118.0,0
1689.0,0
8095.0,0
446.0,0
1558.0,0
6829.0,0
7033.0,0
7610.0,0
435.0,0
2297.0,0
6425.0,0
8383.0,0
8878.0,0
1271.0,0
3639.0,0
6041.0,0
2986.0,0
5430.0,0
3502.0,0
9514.0,0
4222.0,0
6364.0,0
9062.0,0
8005.0,0
7562.0,0
6514.0,0
7986.0,0
9086.0,0
3707.0,0
2892.0,0
8672.0,0
2715.0,0
9810.0,0
9192.0,0
5605.0,0
2502.0,0
6655.0,0
6946.0,0
5874.0,0
4592.0,0
9849.0,0
4845.0,0
9520.0,0
1860.0,0
1831.0,0
6550.0,0
5523.0,0
1253.0,0
6388.0,0
3133.0,0
2669.0,0
8756.0,0
6501.0,0
2044.0,0
1777.0,0
8154.0,0
2111.0,0
6647.0,0
3873.0,0
3234.0,0
2310.0,0
7161.0,0
5065.0,0
8080.0,0
2466.0,0
8639.0,0
6839.0,0
6221.0,0
1396.0,0
4609.0,0
3329.0,0
1287.0,0
9443.0,0
4538.0,0
6978.0,0
7837.0,0
8901.0,0
6297.0,0
2175.0,0
9707.0,0
3822.0,0
3213.0,0
5727.0,0
7441.0,0
5332.0,0
4306.0,0
7501.0,0
1901.0,0
2639.0,0
5924.0,0
1743.0,0
6787.0,0
5017.0,0
7569.0,0
4273.0,0
3649.0,0
8565.0,0
5397.0,0
4262.0,0
3763.0,0
8006.0,0
4670.0,0
4360.0,0
6886.0,0
3631.0,0
3860.0,0
5950.0,0
8414.0,0
2768.0,0
2729.0,0
3664.0,0
2420.0,0
9630.0,0
3668.0,0
5545.0,0
7876.0,0
2883.0,0
9015.0,0
6380.0,0
9609.0,0
7473.0,0
2702.0,0
4325.0,0
8706.0,0
5640.0,0
9848.0,0
8164.0,0
3347.0,0
6706.0,0
9578.0,0
7622.0,0
1162.0,0
8837.0,0
9019.0,0
3413.0,0
4313.0,0
8212.0,0
3250.0,0
2386.0,0
750.0,0
1007.0,0
9462.0,0
5306.0,0
875.0,0
6228.0,0
8103.0,0
5366.0,0
6588.0,0
2129.0,0
4257.0,0
6922.0,0
6880.0,0
5967.0,0
5101.0,0
991.0,0
9853.0,0
7423.0,0
3455.0,0
4488.0,0
2501.0,0
1798.0,0
4618.0,0
2209.0,0
3337.0,0
7822.0,0
5876.0,0
8427.0,0
4146.0,0
7516.0,0
335.0,0
5230.0,0
7349.0,0
3175.0,0
3364.0,0
7851.0,0
3491.0,0
3097.0,0
6384.0,0
5846.0,0
735.0,0
877.0,0
2824.0,0
1716.0,0
4241.0,0
563.0,0
622.0,0
9667.0,0
2184.0,0
5778.0,0
7094.0,0
4777.0,0
4635.0,0
2480.0,0
8861.0,0
2484.0,0
9324.0,0
5526.0,0
234.0,0
5862.0,0
6728.0,0
9951.0,0
2609.0,0
1010.0,0
6531.0,0
7483.0,0
2674.0,0
7130.0,0
7678.0,0
3318.0,0
4607.0,0
6030.0,0
9242.0,0
9709.0,0
503.0,0
6542.0,0
9245.0,0
4681.0,0
2970.0,0
5176.0,0
1060.0,0
5070.0,0
4940.0,0
9310.0,0
6849.0,0
5182.0,0
7576.0,0
9085.0,0
1784.0,0
6875.0,0
5272.0,0
5078.0,0
5996.0,0
3558.0,0
5962.0,0
4626.0,0
915.0,0
2042.0,0
8587.0,0
3420.0,0
8556.0,0
9219.0,0
8274.0,0
6205.0,0
6544.0,0
9934.0,0
6439.0,0
9491.0,0
3306.0,0
3886.0,0
1744.0,0
7283.0,0
260.0,0
3632.0,0
1440.0,0
3161.0,0
1932.0,0
9846.0,0
5604.0,0
4186.0,0
8015.0,0
7304.0,0
4951.0,0
8238.0,0
8262.0,0
3846.0,0
2227.0,0
8464.0,0
7312.0,0
6721.0,0
4898.0,0
4838.0,0
3044.0,0
7257.0,0
9459.0,0
7599.0,0
3092.0,0
4806.0,0
2746.0,0
8146.0,0
5560.0,0
1841.0,0
1216.0,0
9229.0,0
9576.0,0
7984.0,0
9511.0,0
8676.0,0
8474.0,0
5930.0,0
3823.0,0
8641.0,0
8299.0,0
6583.0,0
8805.0,0
5054.0,0
5872.0,0
4079.0,0
5392.0,0
308.0,0
7011.0,0
9163.0,0
7132.0,0
7345.0,0
4035.0,0
9439.0,0
6718.0,0
5380.0,0
3086.0,0
5406.0,0
9665.0,0
7857.0,0
4519.0,0
1878.0,0
2916.0,0
8892.0,0
1769.0,0
2404.0,0
3736.0,0
5498.0,0
6423.0,0
6208.0,0
9500.0,0
4025.0,0
5624.0,0
7184.0,0
6979.0,0
9659.0,0
2994.0,0
6577.0,0
2182.0,0
5949.0,0
2139.0,0
7051.0,0
5421.0,0
8801.0,0
7911.0,0
423.0,0
2329.0,0
8838.0,0
8348.0,0
2654.0,0
9570.0,0
4303.0,0
2681.0,0
6830.0,0
2944.0,0
2210.0,0
5202.0,0
2580.0,0
422.0,0
8028.0,0
3206.0,0
9641.0,0
1870.0,0
5222.0,0
3704.0,0
8405.0,0
4109.0,0
9401.0,0
9976.0,0
2158.0,0
9434.0,0
8697.0,0
812.0,0
1000.0,0
5444.0,0
9518.0,0
3192.0,0
6568.0,0
6034.0,0
2097.0,0
1546.0,0
2086.0,0
4882.0,0
9726.0,0
1757.0,0
9079.0,0
6334.0,0
1209.0,0
9405.0,0
1302.0,0
4020.0,0
9119.0,0
4426.0,0
6658.0,0
6505.0,0
4445.0,0
7637.0,0
2406.0,0
9373.0,0
5985.0,0
2325.0,0
3997.0,0
6192.0,0
4018.0,0
512.0,0
6518.0,0
2308.0,0
1044.0,0
7344.0,0
2593.0,0
1749.0,0
3712.0,0
3332.0,0
2311.0,0
8365.0,0
3565.0,0
4497.0,0
8514.0,0
3056.0,0
6079.0,0
5611.0,0
3368.0,0
6879.0,0
5475.0,0
1475.0,0
8994.0,0
5350.0,0
4208.0,0
2724.0,0
1667.0,0
4906.0,0
3683.0,0
4013.0,0
9963.0,0
3845.0,0
9150.0,0
1102.0,0
5916.0,0
1521.0,0
2579.0,0
5754.0,0
3219.0,0
6331.0,0
2306.0,0
7526.0,0
1561.0,0
2110.0,0
2781.0,0
9430.0,0
8829.0,0
2607.0,0
1760.0,0
3082.0,0
5213.0,0
6302.0,0
4178.0,0
3373.0,0
3336.0,0
9602.0,0
8510.0,0
7263.0,0
4248.0,0
8494.0,0
1072.0,0
3428.0,0
9490.0,0
5288.0,0
7993.0,0
3904.0,0
3339.0,0
8013.0,0
5385.0,0
9594.0,0
2106.0,0
6303.0,0
6735.0,0
2488.0,0
4556.0,0
4156.0,0
8509.0,0
4051.0,0
5785.0,0
3228.0,0
6412.0,0
1094.0,0
3433.0,0
6925.0,0
3355.0,0
3397.0,0
5086.0,0
6314.0,0
1426.0,0
6596.0,0
2640.0,0
2572.0,0
8134.0,0
9444.0,0
3834.0,0
7695.0,0
483.0,0
2591.0,0
2589.0,0
2557.0,0
1786.0,0
8843.0,0
5583.0,0
8981.0,0
3839.0,0
7677.0,0
8061.0,0
8694.0,0
2241.0,0
3450.0,0
4293.0,0
5175.0,0
8341.0,0
8139.0,0
9953.0,0
6453.0,0
1349.0,0
7126.0,0
1750.0,0
4230.0,0
7090.0,0
7025.0,0
8583.0,0
5159.0,0
6526.0,0
7624.0,0
9204.0,0
2856.0,0
8945.0,0
7778.0,0
6580.0,0
8858.0,0
5002.0,0
8185.0,0
6059.0,0
5004.0,0
8951.0,0
7201.0,0
2043.0,0
8188.0,0
6808.0,0
7673.0,0
3604.0,0
4068.0,0
3049.0,0
1142.0,0
3113.0,0
6469.0,0
6326.0,0
1251.0,0
6810.0,0
8635.0,0
4794.0,0
8445.0,0
6824.0,0
2790.0,0
9654.0,0
2499.0,0
8182.0,0
4593.0,0
9697.0,0
5983.0,0
7633.0,0
2652.0,0
8396.0,0
8898.0,0
6193.0,0
4821.0,0
3796.0,0
8859.0,0
1537.0,0
608.0,0
4343.0,0
2108.0,0
4176.0,0
8011.0,0
8466.0,0
5971.0,0
8853.0,0
4796.0,0
6187.0,0
4484.0,0
7386.0,0
3314.0,0
5943.0,0
9060.0,0
8108.0,0
8116.0,0
5894.0,0
8869.0,0
3227.0,0
8379.0,0
6641.0,0
6473.0,0
3268.0,0
9815.0,0
8656.0,0
8508.0,0
4327.0,0
4235.0,0
4532.0,0
3226.0,0
6156.0,0
6125.0,0
7148.0,0
3901.0,0
7898.0,0
3545.0,0
1987.0,0
5062.0,0
8280.0,0
8518.0,0
2291.0,0
9947.0,0
9028.0,0
8682.0,0
2450.0,0
7034.0,0
7383.0,0
3478.0,0
1610.0,0
211.0,0
7209.0,0
6552.0,0
993.0,0
9132.0,0
6225.0,0
7006.0,0
4347.0,0
2806.0,0
3179.0,0
6077.0,0
6268.0,0
7874.0,0
8851.0,0
7934.0,0
3676.0,0
9655.0,0
9149.0,0
4726.0,0
2161.0,0
5296.0,0
9979.0,0
3454.0,0
3681.0,0
2550.0,0
7124.0,0
2862.0,0
341.0,0
8770.0,0
3095.0,0
4026.0,0
6686.0,0
7402.0,0
1326.0,0
2031.0,0
4452.0,0
4108.0,0
6026.0,0
7674.0,0
7772.0,0
2726.0,0
7681.0,0
5690.0,0
6571.0,0
7964.0,0
1011.0,0
5308.0,0
9618.0,0
6977.0,0
2315.0,0
3419.0,0
7675.0,0
9787.0,0
5347.0,0
5447.0,0
7868.0,0
2707.0,0
3273.0,0
8048.0,0
2575.0,0
4989.0,0
7409.0,0
1881.0,0
8519.0,0
4103.0,0
7238.0,0
5390.0,0
7249.0,0
703.0,0
4948.0,0
2054.0,0
8472.0,0
5093.0,0
2577.0,0
6154.0,0
8824.0,0
824.0,0
5480.0,0
3929.0,0
8523.0,0
3106.0,0
8322.0,0
5073.0,0
6487.0,0
1773.0,0
661.0,0
3257.0,0
1839.0,0
7486.0,0
5546.0,0
2212.0,0
8046.0,0
1588.0,0
5364.0,0
1238.0,0
3091.0,0
1946.0,0
5870.0,0
8662.0,0
9318.0,0
3787.0,0
3655.0,0
5411.0,0
9851.0,0
4608.0,0
4923.0,0
3384.0,0
9952.0,0
8993.0,0
7478.0,0
9014.0,0
2558.0,0
9030.0,0
6081.0,0
5684.0,0
4836.0,0
838.0,0
931.0,0
5305.0,0
1401.0,0
53.0,0
3361.0,0
9189.0,0
5193.0,0
9017.0,0
4628.0,0
1183.0,0
9260.0,0
5233.0,0
8303.0,1
2778.0,1
1970.0,1
4132.0,1
1490.0,1
8284.0,1
9155.0,1
5628.0,1
3633.0,1
3166.0,1
7528.0,1
8602.0,1
8803.0,1
6953.0,1
2950.0,1
5268.0,1
4395.0,1
9441.0,1
2879.0,1
6528.0,1
353.0,1
2733.0,1
4023.0,1
3784.0,1
7816.0,1
2402.0,1
2068.0,1
9535.0,1
4455.0,1
5104.0,1
2825.0,1
5553.0,1
8124.0,1
5148.0,1
6637.0,1
1392.0,1
2407.0,1
9153.0,1
1797.0,1
3022.0,1
3986.0,1
9125.0,1
9793.0,1
1330.0,1
9833.0,1
4641.0,1
1036.0,1
8490.0,1
3806.0,1
4090.0,1
2599.0,1
7543.0,1
3199.0,1
2877.0,1
3511.0,1
3340.0,1
3651.0,1
5614.0,1
1904.0,1
4680.0,1
3357.0,1
5179.0,1
7146.0,1
2478.0,1
2633.0,1
9722.0,1
9218.0,1
1642.0,1
4803.0,1
3680.0,1
5155.0,1
2483.0,1
4920.0,1
4992.0,1
1691.0,1
2758.0,1
6451.0,1
6094.0,1
6699.0,1
7756.0,1
1458.0,1
7226.0,1
7938.0,1
6534.0,1
5383.0,1
6133.0,1
8190.0,1
5321.0,1
7658.0,1
3238.0,1
610.0,1
6254.0,1
5438.0,1
9658.0,1
1084.0,1
751.0,1
5725.0,1
7979.0,1
4282.0,1
6749.0,1
8062.0,1
1833.0,1
4021.0,1
7182.0,1
9926.0,1
6873.0,1
4114.0,1
8246.0,1
3788.0,1
9544.0,1
2377.0,1
1379.0,1
2094.0,1
8453.0,1
8727.0,1
1951.0,1
3099.0,1
6523.0,1
9922.0,1
2259.0,1
6630.0,1
9692.0,1
6724.0,1
5544.0,1
5439.0,1
6809.0,1
2471.0,1
7155.0,1
5895.0,1
3588.0,1
4278.0,1
5393.0,1
2249.0,1
1001.0,1
3039.0,1
2959.0,1
9675.0,1
2135.0,1
2188.0,1
7825.0,1
8036.0,1
4111.0,1
7306.0,1
5997.0,1
3307.0,1
1636.0,1
639.0,1
6069.0,1
7484.0,1
4496.0,1
8953.0,1
9861.0,1
7631.0,1
3221.0,1
426.0,1
5511.0,1
2202.0,1
3756.0,1
5561.0,1
273.0,1
3592.0,1
3259.0,1
9243.0,1
6170.0,1
4780.0,1
5075.0,1
4912.0,1
3473.0,1
9871.0,1
7391.0,1
3155.0,1
7035.0,1
4405.0,1
6868.0,1
8054.0,1
7958.0,1
8267.0,1
7012.0,1
5837.0,1
7819.0,1
2539.0,1
9025.0,1
8575.0,1
3774.0,1
1594.0,1
9887.0,1
9972.0,1
6704.0,1
7625.0,1
6126.0,1
7118.0,1
9841.0,1
3152.0,1
8132.0,1
2753.0,1
2172.0,1
6459.0,1
2915.0,1
9404.0,1
3333.0,1
4110.0,1
1275.0,1
5074.0,1
2949.0,1
3831.0,1
8879.0,1
6140.0,1
9250.0,1
1190.0,1
8926.0,1
3262.0,1
9160.0,1
8934.0,1
2136.0,1
8752.0,1
777.0,1
6147.0,1
7431.0,1
8187.0,1
3783.0,1
2873.0,1
2286.0,1
2911.0,1
4915.0,1
5431.0,1
8226.0,1
3705.0,1
6536.0,1
6500.0,1
9193.0,1
8990.0,1
1416.0,1
3445.0,1
5295.0,1
2289.0,1
3422.0,1
3715.0,1
5231.0,1
6341.0,1
573.0,1
8300.0,1
3144.0,1
4078.0,1
9182.0,1
2875.0,1
2752.0,1
8719.0,1
4960.0,1
510.0,1
1934.0,1
7654.0,1
6419.0,1
9005.0,1
2339.0,1
8830.0,1
7353.0,1
4995.0,1
8183.0,1
5811.0,1
3613.0,1
7390.0,1
3663.0,1
5632.0,1
5830.0,1
8125.0,1
8009.0,1
4613.0,1
5792.0,1
4942.0,1
3440.0,1
7278.0,1
0.0,1
2326.0,1
4998.0,1
3140.0,1
3376.0,1
4812.0,1
5010.0,1
6951.0,1
3768.0,1
8705.0,1
7472.0,1
9364.0,1
2971.0,1
6548.0,1
2398.0,1
3521.0,1
7268.0,1
3464.0,1
3897.0,1
3342.0,1
3571.0,1
5133.0,1
6555.0,1
5322.0,1
6344.0,1
6940.0,1
3369.0,1
9895.0,1
9564.0,1
5238.0,1
1241.0,1
3677.0,1
4256.0,1
9095.0,1
5898.0,1
5209.0,1
6904.0,1
5117.0,1
2540.0,1
1027.0,1
7889.0,1
5467.0,1
1548.0,1
5465.0,1
2772.0,1
3711.0,1
6612.0,1
1590.0,1
2228.0,1
3766.0,1
9347.0,1
7360.0,1
1447.0,1
9567.0,1
4808.0,1
9228.0,1
7440.0,1
8122.0,1
2769.0,1
9407.0,1
2924.0,1
4540.0,1
7165.0,1
6671.0,1
1338.0,1
9217.0,1
9637.0,1
5137.0,1
6091.0,1
6142.0,1
2819.0,1
8012.0,1
8889.0,1
6982.0,1
9263.0,1
6576.0,1
9253.0,1
9515.0,1
3946.0,1
6900.0,1
4144.0,1
6535.0,1
9410.0,1
2423.0,1
9008.0,1
5719.0,1
3866.0,1
2582.0,1
9886.0,1
9625.0,1
4120.0,1
2982.0,1
3280.0,1
2292.0,1
4157.0,1
2069.0,1
8327.0,1
7716.0,1
1443.0,1
3559.0,1
5644.0,1
6631.0,1
6597.0,1
1684.0,1
8888.0,1
5565.0,1
8996.0,1
7454.0,1
8832.0,1
7863.0,1
9052.0,1
9627.0,1
5961.0,1
6295.0,1
4956.0,1
9342.0,1
3126.0,1
6233.0,1
5402.0,1
2728.0,1
2113.0,1
3832.0,1
3317.0,1
4810.0,1
2795.0,1
3523.0,1
7102.0,1
6771.0,1
3439.0,1
6333.0,1
2340.0,1
8075.0,1
2504.0,1
9669.0,1
1780.0,1
9205.0,1
3034.0,1
3614.0,1
5757.0,1
3612.0,1
1650.0,1
8513.0,1
6695.0,1
9721.0,1
9916.0,1
1630.0,1
6642.0,1
1351.0,1
7885.0,1
2388.0,1
8455.0,1
7241.0,1
4420.0,1
9458.0,1
5420.0,1
6730.0,1
3295.0,1
3416.0,1
7741.0,1
3732.0,1
1225.0,1
2141.0,1
9361.0,1
6572.0,1
4847.0,1
2624.0,1
4661.0,1
5974.0,1
4684.0,1
1160.0,1
5046.0,1
9647.0,1
6498.0,1
3751.0,1
6831.0,1
5634.0,1
7709.0,1
5807.0,1
9880.0,1
992.0,1
7181.0,1
861.0,1
6235.0,1
5485.0,1
3312.0,1
3754.0,1
8098.0,1
7070.0,1
6543.0,1
3844.0,1
4691.0,1
3753.0,1
4077.0,1
9938.0,1
7305.0,1
7179.0,1
6795.0,1
3641.0,1
6016.0,1
4379.0,1
627.0,1
2149.0,1
7791.0,1
6682.0,1
5239.0,1
4069.0,1
4400.0,1
3474.0,1
4491.0,1
9931.0,1
9468.0,1
8971.0,1
7254.0,1
1963.0,1
2486.0,1
9295.0,1
7458.0,1
2587.0,1
9661.0,1
4050.0,1
9316.0,1
8735.0,1
3382.0,1
6457.0,1
2373.0,1
7702.0,1
2997.0,1
3073.0,1
3310.0,1
8918.0,1
1398.0,1
1625.0,1
9836.0,1
3669.0,1
6024.0,1
9463.0,1
5433.0,1
9691.0,1
2303.0,1
4334.0,1
8224.0,1
7040.0,1
8516.0,1
6007.0,1
2890.0,1
9403.0,1
9102.0,1
3857.0,1
9907.0,1
2462.0,1
6594.0,1
8433.0,1
6195.0,1
8991.0,1
6974.0,1
4986.0,1
8820.0,1
9589.0,1
2614.0,1
3686.0,1
3269.0,1
2444.0,1
1353.0,1
1788.0,1
7844.0,1
2475.0,1
7270.0,1
2489.0,1
5910.0,1
9860.0,1
5156.0,1
8649.0,1
2302.0,1
8278.0,1
8130.0,1
2351.0,1
7524.0,1
7309.0,1
1062.0,2
2280.0,2
6948.0,2
2177.0,2
1424.0,2
3750.0,2
5301.0,2
8609.0,2
7930.0,2
1146.0,2
5375.0,2
7153.0,2
6150.0,2
4479.0,2
2946.0,2
8249.0,2
8954.0,2
4818.0,2
5144.0,2
8442.0,2
6934.0,2
6664.0,2
1690.0,2
9423.0,2
2285.0,2
5842.0,2
9016.0,2
3235.0,2
8205.0,2
8209.0,2
6995.0,2
5434.0,2
1387.0,2
8681.0,2
7544.0,2
3276.0,2
7917.0,2
3906.0,2
8713.0,2
5484.0,2
9847.0,2
7465.0,2
9453.0,2
8276.0,2
7368.0,2
9024.0,2
1782.0,2
8065.0,2
9530.0,2
3177.0,2
1624.0,2
1808.0,2
5357.0,2
8659.0,2
3899.0,2
6998.0,2
4468.0,2
501.0,2
3370.0,2
3162.0,2
1886.0,2
6965.0,2
6461.0,2
6811.0,2
9333.0,2
8595.0,2
1014.0,2
4654.0,2
6819.0,2
4969.0,2
1695.0,2
3802.0,2
3682.0,2
2416.0,2
2045.0,2
6433.0,2
5988.0,2
2848.0,2
4800.0,2
3293.0,2
3578.0,2
5828.0,2
9509.0,2
382.0,2
3752.0,2
1805.0,2
5158.0,2
3808.0,2
2070.0,2
7471.0,2
4890.0,2
7266.0,2
4014.0,2
9513.0,2
4218.0,2
2000.0,2
7550.0,2
4637.0,2
1692.0,2
5621.0,2
1557.0,2
883.0,2
4040.0,2
3667.0,2
4991.0,2
5094.0,2
8877.0,2
7804.0,2
9599.0,2
1464.0,3
7120.0,3
5680.0,3
3767.0,3
2103.0,3
7171.0,3
6236.0,3
1874.0,3
8250.0,3
4049.0,3
2338.0,3
5880.0,3
3046.0,3
2913.0,3
4636.0,3
5157.0,3
5092.0,3
3932.0,3
1290.0,3
1507.0,3
6661.0,3
3100.0,3
5338.0,3
2055.0,3
544.0,3
3675.0,3
2565.0,3
6095.0,3
3638.0,3
6927.0,3
8857.0,3
4482.0,3
7243.0,3
3233.0,3
5217.0,3
1615.0,3
9915.0,3
5822.0,3
9780.0,3
2528.0,3
6417.0,3
8406.0,3
3931.0,3
5023.0,3
1270.0,3
3134.0,3
6020.0,3
1422.0,3
3241.0,3
5817.0,3
2424.0,3
8424.0,3
8100.0,3
9923.0,3
