punk_id,txn_num
0.0,3
1.0,3
14.0,3
33.0,1
53.0,3
89.0,3
116.0,2
118.0,2
124.0,3
138.0,5
139.0,4
141.0,2
143.0,3
150.0,2
160.0,3
161.0,3
168.0,1
169.0,4
173.0,2
186.0,1
195.0,1
197.0,4
211.0,2
229.0,2
234.0,2
239.0,2
240.0,6
241.0,1
249.0,1
252.0,3
257.0,6
258.0,3
259.0,5
260.0,5
263.0,1
264.0,1
273.0,5
281.0,1
285.0,2
286.0,2
287.0,4
291.0,2
294.0,4
299.0,1
300.0,4
307.0,1
308.0,2
312.0,2
318.0,2
322.0,2
325.0,1
328.0,3
329.0,3
335.0,3
338.0,1
339.0,5
341.0,2
342.0,3
344.0,1
346.0,1
349.0,2
352.0,2
353.0,4
355.0,2
364.0,1
365.0,3
368.0,5
376.0,3
381.0,3
383.0,1
384.0,2
385.0,4
399.0,2
402.0,2
404.0,1
406.0,5
407.0,2
410.0,1
411.0,1
416.0,1
418.0,1
422.0,2
423.0,2
426.0,2
430.0,2
431.0,1
432.0,1
434.0,1
435.0,2
445.0,3
446.0,2
447.0,4
449.0,7
453.0,1
457.0,3
460.0,1
465.0,1
470.0,2
471.0,1
473.0,2
480.0,1
483.0,7
485.0,1
486.0,4
488.0,2
490.0,2
494.0,5
496.0,1
497.0,4
503.0,2
504.0,1
505.0,2
506.0,4
507.0,1
509.0,3
510.0,2
512.0,4
516.0,1
518.0,1
522.0,3
526.0,1
531.0,1
534.0,4
535.0,1
536.0,1
537.0,1
538.0,2
547.0,1
548.0,7
549.0,1
550.0,2
551.0,3
553.0,1
555.0,1
561.0,3
563.0,2
568.0,1
570.0,2
573.0,3
577.0,1
578.0,1
583.0,1
586.0,6
588.0,2
589.0,1
591.0,2
593.0,2
599.0,1
604.0,2
605.0,1
607.0,1
608.0,4
610.0,4
613.0,4
615.0,1
616.0,6
617.0,2
618.0,6
620.0,6
621.0,1
622.0,4
627.0,4
628.0,4
632.0,2
636.0,5
638.0,4
639.0,4
641.0,1
642.0,6
643.0,4
648.0,3
650.0,2
660.0,4
661.0,4
665.0,1
668.0,1
669.0,3
675.0,1
678.0,2
680.0,1
682.0,4
684.0,1
685.0,1
686.0,3
688.0,1
690.0,2
695.0,2
698.0,3
700.0,2
703.0,2
704.0,7
706.0,1
707.0,1
709.0,6
713.0,3
715.0,2
716.0,2
717.0,4
718.0,2
719.0,1
721.0,1
729.0,3
730.0,2
735.0,2
740.0,2
741.0,1
742.0,1
743.0,4
744.0,1
749.0,2
750.0,5
751.0,4
753.0,1
755.0,1
762.0,1
765.0,1
769.0,7
772.0,1
773.0,5
774.0,2
777.0,2
782.0,4
784.0,3
794.0,3
797.0,5
800.0,2
801.0,1
803.0,4
807.0,3
810.0,1
812.0,2
814.0,3
817.0,3
818.0,1
819.0,2
824.0,3
825.0,3
827.0,3
838.0,2
839.0,3
842.0,1
845.0,2
846.0,1
848.0,1
850.0,1
852.0,5
853.0,2
854.0,1
855.0,4
857.0,2
861.0,5
862.0,2
867.0,1
871.0,1
874.0,1
875.0,2
877.0,3
879.0,1
880.0,3
886.0,5
891.0,3
898.0,3
900.0,2
906.0,4
907.0,5
913.0,2
914.0,2
915.0,2
916.0,3
918.0,1
919.0,1
920.0,5
921.0,1
923.0,4
924.0,3
926.0,1
927.0,1
931.0,2
939.0,2
940.0,1
943.0,2
944.0,1
945.0,1
948.0,2
949.0,1
952.0,4
959.0,1
960.0,1
962.0,1
965.0,2
973.0,2
974.0,1
981.0,3
982.0,1
985.0,5
988.0,1
990.0,1
991.0,3
992.0,2
993.0,2
994.0,1
996.0,1
998.0,5
1000.0,4
1001.0,4
1002.0,1
1003.0,2
1004.0,1
1005.0,2
1006.0,3
1007.0,2
1009.0,3
1010.0,2
1011.0,6
1012.0,1
1013.0,3
1027.0,3
1029.0,4
1030.0,6
1032.0,1
1035.0,1
1036.0,2
1041.0,2
1042.0,1
1043.0,2
1044.0,2
1045.0,3
1050.0,1
1052.0,2
1054.0,4
1060.0,2
1061.0,1
1068.0,2
1069.0,1
1071.0,3
1072.0,7
1074.0,1
1075.0,4
1084.0,3
1086.0,1
1091.0,3
1092.0,8
1093.0,1
1094.0,3
1095.0,3
1096.0,2
1097.0,1
1100.0,4
1102.0,7
1105.0,1
1109.0,1
1110.0,3
1111.0,1
1113.0,1
1115.0,1
1116.0,3
1118.0,4
1119.0,3
1123.0,3
1127.0,6
1129.0,2
1139.0,7
1142.0,2
1143.0,1
1144.0,1
1147.0,1
1151.0,2
1155.0,5
1156.0,1
1160.0,2
1161.0,5
1162.0,2
1163.0,1
1164.0,1
1170.0,2
1171.0,1
1173.0,2
1175.0,2
1176.0,1
1177.0,1
1178.0,1
1179.0,1
1180.0,4
1181.0,1
1182.0,1
1183.0,2
1184.0,1
1185.0,1
1186.0,3
1187.0,2
1190.0,3
1191.0,1
1194.0,1
1196.0,2
1198.0,1
1203.0,1
1205.0,3
1209.0,4
1210.0,2
1211.0,2
1212.0,4
1215.0,4
1216.0,2
1222.0,1
1224.0,1
1225.0,2
1226.0,1
1231.0,1
1232.0,1
1234.0,2
1237.0,1
1238.0,2
1240.0,2
1241.0,4
1242.0,1
1243.0,3
1244.0,5
1251.0,4
1252.0,1
1253.0,2
1254.0,7
1256.0,2
1257.0,2
1258.0,1
1259.0,1
1261.0,3
1264.0,1
1265.0,1
1266.0,4
1267.0,3
1269.0,5
1271.0,2
1274.0,1
1275.0,2
1279.0,2
1280.0,2
1282.0,1
1284.0,1
1286.0,1
1287.0,3
1288.0,2
1289.0,2
1299.0,5
1302.0,3
1306.0,1
1308.0,2
1311.0,1
1314.0,1
1315.0,4
1316.0,7
1319.0,2
1320.0,2
1321.0,3
1322.0,1
1323.0,1
1324.0,7
1325.0,3
1326.0,2
1328.0,2
1330.0,4
1331.0,1
1334.0,2
1335.0,3
1338.0,4
1343.0,1
1345.0,2
1347.0,1
1348.0,1
1349.0,4
1350.0,2
1351.0,2
1352.0,1
1359.0,1
1360.0,4
1361.0,4
1362.0,13
1369.0,11
1370.0,2
1375.0,1
1378.0,3
1379.0,3
1380.0,1
1384.0,1
1385.0,6
1386.0,7
1388.0,2
1389.0,2
1390.0,1
1392.0,5
1394.0,5
1396.0,2
1397.0,5
1401.0,6
1402.0,2
1403.0,2
1404.0,1
1406.0,1
1407.0,2
1408.0,1
1411.0,1
1416.0,4
1417.0,4
1419.0,1
1420.0,3
1425.0,2
1426.0,3
1430.0,9
1433.0,1
1435.0,2
1436.0,8
1437.0,1
1438.0,1
1439.0,4
1440.0,5
1443.0,2
1444.0,1
1445.0,1
1446.0,6
1447.0,3
1448.0,2
1451.0,4
1454.0,7
1456.0,5
1458.0,4
1461.0,1
1462.0,4
1463.0,5
1465.0,1
1466.0,1
1467.0,6
1469.0,6
1473.0,4
1474.0,3
1475.0,5
1476.0,5
1477.0,1
1479.0,2
1480.0,4
1482.0,9
1483.0,1
1484.0,1
1486.0,1
1490.0,2
1492.0,1
1495.0,2
1499.0,1
1501.0,1
1502.0,4
1503.0,1
1504.0,2
1505.0,1
1506.0,1
1508.0,1
1509.0,2
1510.0,2
1513.0,4
1514.0,2
1516.0,3
1517.0,2
1518.0,1
1519.0,3
1520.0,6
1521.0,2
1522.0,4
1523.0,2
1524.0,3
1525.0,1
1527.0,2
1528.0,1
1529.0,1
1530.0,1
1532.0,4
1533.0,4
1535.0,3
1537.0,4
1538.0,1
1540.0,1
1541.0,1
1546.0,4
1548.0,2
1552.0,2
1555.0,2
1558.0,4
1559.0,1
1560.0,1
1561.0,5
1563.0,1
1564.0,4
1565.0,5
1566.0,2
1570.0,1
1573.0,1
1575.0,4
1580.0,3
1581.0,2
1584.0,1
1585.0,7
1586.0,6
1587.0,2
1588.0,4
1589.0,4
1590.0,2
1592.0,5
1594.0,2
1595.0,1
1597.0,1
1602.0,1
1605.0,9
1610.0,2
1611.0,2
1614.0,2
1617.0,2
1618.0,2
1621.0,1
1622.0,2
1623.0,6
1626.0,3
1628.0,1
1630.0,2
1631.0,3
1633.0,3
1636.0,3
1638.0,2
1639.0,2
1640.0,6
1641.0,1
1642.0,2
1643.0,1
1645.0,1
1646.0,1
1647.0,1
1648.0,7
1649.0,3
1650.0,3
1651.0,2
1654.0,1
1657.0,1
1659.0,1
1660.0,1
1662.0,1
1665.0,2
1666.0,1
1667.0,3
1668.0,1
1673.0,2
1676.0,5
1677.0,6
1679.0,1
1682.0,1
1683.0,7
1684.0,2
1686.0,1
1689.0,3
1691.0,4
1693.0,8
1694.0,1
1696.0,2
1698.0,1
1700.0,1
1702.0,5
1703.0,3
1705.0,1
1710.0,4
1711.0,5
1712.0,1
1713.0,1
1716.0,4
1717.0,1
1720.0,1
1722.0,4
1723.0,1
1728.0,3
1732.0,1
1734.0,1
1735.0,5
1736.0,1
1737.0,11
1739.0,2
1743.0,2
1744.0,2
1745.0,3
1749.0,4
1750.0,2
1752.0,3
1753.0,3
1756.0,1
1757.0,2
1760.0,2
1761.0,1
1762.0,1
1763.0,1
1764.0,4
1765.0,2
1766.0,2
1767.0,5
1769.0,3
1770.0,4
1771.0,4
1773.0,5
1774.0,1
1776.0,4
1777.0,2
1778.0,4
1780.0,3
1781.0,12
1784.0,3
1785.0,1
1786.0,2
1790.0,1
1791.0,9
1793.0,6
1794.0,4
1796.0,6
1797.0,5
1798.0,4
1802.0,5
1803.0,4
1804.0,3
1813.0,2
1814.0,5
1817.0,2
1818.0,1
1819.0,1
1824.0,3
1825.0,5
1828.0,3
1829.0,4
1830.0,5
1831.0,2
1832.0,1
1833.0,3
1834.0,3
1836.0,7
1837.0,1
1838.0,1
1839.0,2
1840.0,1
1841.0,4
1842.0,3
1843.0,1
1846.0,2
1848.0,3
1849.0,1
1851.0,2
1852.0,5
1853.0,4
1854.0,1
1855.0,6
1856.0,1
1857.0,7
1860.0,3
1862.0,2
1866.0,1
1870.0,7
1871.0,1
1872.0,4
1873.0,1
1875.0,2
1878.0,2
1879.0,1
1880.0,4
1881.0,2
1882.0,1
1883.0,1
1884.0,6
1889.0,3
1890.0,6
1891.0,6
1892.0,1
1895.0,1
1896.0,1
1897.0,1
1898.0,3
1899.0,1
1901.0,2
1902.0,3
1904.0,5
1905.0,3
1906.0,1
1907.0,1
1908.0,5
1910.0,1
1912.0,7
1913.0,1
1915.0,6
1916.0,1
1921.0,1
1927.0,1
1932.0,3
1934.0,2
1935.0,1
1936.0,4
1937.0,3
1939.0,1
1941.0,6
1942.0,5
1943.0,2
1944.0,3
1945.0,1
1946.0,3
1947.0,1
1948.0,1
1951.0,2
1953.0,1
1956.0,1
1957.0,1
1958.0,1
1959.0,1
1961.0,4
1962.0,1
1963.0,2
1965.0,2
1966.0,9
1967.0,4
1968.0,1
1970.0,5
1971.0,1
1973.0,1
1977.0,1
1978.0,1
1979.0,2
1980.0,1
1983.0,1
1985.0,1
1987.0,2
1988.0,1
1991.0,6
1992.0,1
1993.0,1
1998.0,1
2002.0,1
2004.0,1
2006.0,5
2008.0,3
2011.0,2
2013.0,2
2014.0,1
2015.0,4
2016.0,3
2017.0,2
2020.0,1
2023.0,5
2024.0,1
2028.0,3
2031.0,4
2032.0,1
2036.0,8
2037.0,3
2038.0,1
2039.0,8
2040.0,1
2041.0,2
2042.0,2
2043.0,9
2044.0,2
2046.0,1
2047.0,2
2048.0,1
2049.0,1
2050.0,4
2054.0,4
2056.0,1
2057.0,1
2058.0,3
2060.0,1
2061.0,5
2063.0,1
2064.0,1
2065.0,2
2066.0,1
2067.0,9
2068.0,2
2069.0,2
2071.0,1
2072.0,1
2073.0,1
2074.0,1
2075.0,1
2077.0,1
2079.0,4
2084.0,1
2086.0,3
2087.0,1
2088.0,5
2094.0,4
2097.0,3
2098.0,1
2099.0,6
2101.0,1
2102.0,6
2105.0,1
2106.0,3
2108.0,3
2109.0,1
2110.0,2
2111.0,4
2112.0,2
2113.0,5
2115.0,1
2116.0,1
2117.0,1
2119.0,1
2122.0,1
2124.0,1
2125.0,4
2126.0,6
2127.0,5
2128.0,7
2129.0,3
2130.0,1
2131.0,1
2132.0,1
2134.0,1
2135.0,6
2136.0,4
2138.0,1
2139.0,3
2140.0,3
2141.0,2
2142.0,3
2144.0,1
2146.0,1
2147.0,1
2149.0,2
2150.0,5
2151.0,3
2152.0,1
2153.0,3
2154.0,3
2155.0,1
2156.0,5
2158.0,4
2160.0,4
2161.0,2
2163.0,2
2165.0,1
2167.0,1
2168.0,5
2170.0,1
2172.0,3
2173.0,3
2174.0,1
2175.0,3
2179.0,1
2180.0,1
2181.0,1
2182.0,3
2184.0,3
2188.0,3
2190.0,2
2191.0,2
2193.0,2
2194.0,4
2196.0,2
2197.0,1
2198.0,1
2200.0,3
2202.0,2
2205.0,3
2209.0,5
2210.0,4
2212.0,5
2213.0,3
2215.0,1
2217.0,1
2220.0,4
2221.0,5
2222.0,6
2223.0,8
2225.0,1
2227.0,4
2228.0,3
2229.0,1
2231.0,2
2232.0,1
2233.0,3
2235.0,4
2236.0,4
2237.0,2
2238.0,10
2239.0,1
2241.0,3
2245.0,3
2246.0,1
2248.0,5
2249.0,4
2250.0,2
2253.0,4
2254.0,1
2256.0,1
2257.0,6
2259.0,2
2260.0,1
2261.0,3
2263.0,5
2264.0,1
2267.0,1
2268.0,2
2269.0,1
2270.0,1
2271.0,1
2275.0,2
2276.0,2
2277.0,1
2279.0,2
2281.0,4
2282.0,1
2286.0,5
2287.0,3
2289.0,2
2290.0,4
2291.0,3
2292.0,3
2294.0,2
2296.0,1
2297.0,4
2301.0,1
2304.0,1
2306.0,2
2307.0,1
2308.0,6
2309.0,2
2310.0,7
2311.0,2
2313.0,4
2314.0,4
2315.0,3
2317.0,6
2319.0,1
2320.0,4
2321.0,5
2322.0,1
2323.0,1
2324.0,1
2325.0,2
2326.0,4
2327.0,6
2328.0,4
2329.0,6
2331.0,1
2332.0,1
2333.0,3
2335.0,1
2336.0,3
2337.0,1
2339.0,2
2340.0,2
2342.0,4
2343.0,4
2344.0,1
2346.0,1
2347.0,8
2348.0,5
2349.0,1
2350.0,3
2352.0,1
2353.0,3
2354.0,11
2355.0,1
2358.0,3
2363.0,2
2365.0,1
2366.0,4
2367.0,4
2368.0,1
2369.0,1
2370.0,1
2374.0,4
2376.0,5
2377.0,5
2378.0,4
2379.0,7
2381.0,3
2382.0,6
2384.0,1
2386.0,3
2387.0,1
2388.0,2
2389.0,4
2390.0,8
2392.0,4
2393.0,1
2394.0,3
2395.0,1
2396.0,2
2397.0,5
2398.0,4
2401.0,1
2402.0,2
2404.0,4
2405.0,7
2406.0,5
2407.0,3
2408.0,5
2409.0,2
2412.0,1
2414.0,4
2417.0,4
2418.0,1
2420.0,2
2421.0,4
2423.0,2
2425.0,1
2426.0,4
2427.0,1
2429.0,3
2430.0,5
2433.0,1
2435.0,3
2438.0,3
2440.0,9
2441.0,2
2442.0,1
2443.0,3
2445.0,2
2446.0,1
2447.0,3
2448.0,1
2450.0,8
2452.0,5
2453.0,1
2455.0,1
2456.0,1
2457.0,7
2458.0,8
2461.0,1
2464.0,3
2466.0,2
2467.0,1
2469.0,7
2470.0,1
2471.0,4
2472.0,1
2473.0,3
2476.0,6
2477.0,1
2478.0,2
2480.0,5
2481.0,8
2482.0,2
2483.0,5
2484.0,4
2486.0,4
2488.0,4
2490.0,5
2492.0,1
2493.0,2
2497.0,1
2498.0,3
2499.0,2
2501.0,7
2502.0,6
2504.0,2
2505.0,2
2506.0,2
2508.0,1
2514.0,1
2517.0,1
2520.0,1
2521.0,1
2522.0,6
2523.0,3
2524.0,7
2526.0,1
2529.0,3
2531.0,2
2533.0,1
2535.0,3
2537.0,2
2538.0,1
2539.0,3
2540.0,2
2541.0,2
2542.0,8
2543.0,1
2544.0,3
2546.0,3
2547.0,1
2548.0,2
2549.0,1
2550.0,5
2551.0,1
2552.0,1
2553.0,3
2554.0,1
2555.0,1
2556.0,3
2557.0,5
2558.0,3
2560.0,1
2562.0,1
2563.0,1
2564.0,1
2567.0,1
2568.0,4
2569.0,2
2570.0,4
2571.0,1
2572.0,6
2574.0,1
2575.0,2
2576.0,1
2577.0,5
2578.0,1
2579.0,2
2580.0,3
2581.0,7
2582.0,2
2584.0,4
2586.0,4
2587.0,2
2588.0,2
2589.0,4
2590.0,1
2591.0,2
2592.0,3
2593.0,2
2594.0,1
2595.0,4
2597.0,1
2598.0,2
2599.0,2
2602.0,1
2603.0,3
2604.0,1
2605.0,1
2606.0,1
2607.0,2
2609.0,4
2612.0,2
2616.0,4
2619.0,5
2621.0,2
2622.0,1
2624.0,4
2626.0,2
2627.0,1
2628.0,1
2631.0,4
2632.0,4
2633.0,3
2634.0,6
2635.0,3
2636.0,5
2637.0,3
2639.0,2
2640.0,2
2641.0,5
2645.0,2
2647.0,5
2648.0,5
2652.0,5
2653.0,4
2654.0,6
2655.0,1
2656.0,1
2659.0,4
2660.0,2
2661.0,5
2663.0,1
2665.0,1
2666.0,1
2667.0,1
2668.0,3
2669.0,6
2670.0,3
2671.0,3
2672.0,7
2673.0,7
2674.0,4
2675.0,1
2677.0,5
2679.0,3
2681.0,3
2683.0,3
2684.0,5
2685.0,1
2686.0,3
2688.0,7
2689.0,3
2690.0,1
2691.0,1
2693.0,1
2694.0,1
2695.0,3
2697.0,1
2698.0,2
2699.0,4
2702.0,2
2707.0,2
2708.0,1
2709.0,1
2710.0,1
2711.0,1
2712.0,1
2713.0,6
2714.0,7
2715.0,4
2716.0,1
2719.0,3
2720.0,3
2721.0,5
2722.0,1
2723.0,1
2724.0,4
2726.0,2
2727.0,1
2728.0,3
2729.0,3
2730.0,3
2731.0,1
2732.0,1
2733.0,3
2735.0,3
2736.0,1
2738.0,6
2739.0,1
2740.0,1
2742.0,1
2744.0,4
2745.0,2
2746.0,2
2749.0,2
2750.0,3
2752.0,2
2753.0,3
2754.0,1
2758.0,4
2759.0,1
2760.0,5
2761.0,3
2762.0,5
2763.0,1
2764.0,1
2765.0,1
2766.0,2
2767.0,4
2768.0,2
2769.0,2
2770.0,4
2771.0,5
2772.0,3
2773.0,6
2774.0,4
2777.0,5
2778.0,2
2779.0,1
2780.0,2
2781.0,2
2782.0,3
2783.0,1
2785.0,8
2786.0,1
2787.0,4
2788.0,6
2789.0,3
2790.0,5
2792.0,1
2795.0,4
2799.0,1
2801.0,2
2803.0,1
2804.0,1
2805.0,7
2806.0,3
2807.0,1
2809.0,1
2810.0,1
2816.0,2
2817.0,4
2818.0,1
2819.0,2
2820.0,2
2822.0,1
2823.0,1
2824.0,10
2825.0,6
2827.0,1
2828.0,1
2829.0,2
2830.0,1
2831.0,2
2832.0,13
2833.0,3
2834.0,4
2835.0,3
2837.0,1
2838.0,1
2840.0,1
2842.0,1
2844.0,1
2845.0,7
2846.0,1
2849.0,1
2850.0,4
2851.0,1
2852.0,2
2853.0,4
2854.0,1
2855.0,3
2856.0,8
2857.0,1
2862.0,4
2863.0,10
2865.0,1
2866.0,1
2867.0,2
2868.0,1
2870.0,3
2871.0,2
2872.0,2
2873.0,4
2874.0,1
2875.0,2
2876.0,4
2877.0,2
2878.0,4
2879.0,2
2880.0,6
2881.0,3
2883.0,4
2884.0,1
2886.0,1
2887.0,4
2888.0,7
2889.0,1
2892.0,3
2895.0,2
2896.0,1
2897.0,1
2904.0,2
2905.0,6
2906.0,4
2907.0,13
2908.0,1
2909.0,1
2911.0,2
2912.0,1
2914.0,5
2915.0,3
2916.0,6
2918.0,1
2919.0,1
2921.0,6
2924.0,3
2925.0,1
2926.0,1
2927.0,2
2928.0,1
2929.0,3
2930.0,3
2931.0,1
2932.0,2
2933.0,1
2934.0,3
2935.0,1
2936.0,3
2937.0,13
2938.0,1
2939.0,6
2940.0,1
2941.0,1
2942.0,9
2943.0,1
2944.0,5
2945.0,1
2947.0,6
2949.0,2
2950.0,2
2952.0,1
2953.0,7
2956.0,5
2957.0,1
2959.0,3
2960.0,1
2961.0,3
2963.0,3
2964.0,3
2965.0,4
2966.0,2
2967.0,1
2968.0,3
2969.0,3
2970.0,2
2971.0,2
2972.0,1
2975.0,4
2976.0,12
2977.0,1
2978.0,4
2979.0,8
2980.0,4
2981.0,4
2982.0,3
2983.0,1
2984.0,3
2986.0,3
2987.0,1
2989.0,10
2990.0,4
2991.0,1
2994.0,3
2995.0,2
2996.0,8
2998.0,5
2999.0,3
3000.0,3
3001.0,3
3002.0,3
3003.0,3
3004.0,2
3007.0,2
3008.0,5
3010.0,6
3011.0,4
3012.0,1
3013.0,2
3015.0,5
3018.0,2
3020.0,3
3021.0,5
3022.0,2
3023.0,1
3024.0,1
3025.0,1
3027.0,1
3028.0,3
3029.0,3
3030.0,5
3033.0,5
3034.0,2
3037.0,1
3039.0,2
3040.0,1
3041.0,3
3042.0,4
3044.0,4
3045.0,1
3047.0,1
3048.0,4
3049.0,4
3050.0,2
3051.0,4
3052.0,3
3054.0,5
3056.0,7
3059.0,2
3060.0,1
3064.0,3
3067.0,1
3069.0,1
3070.0,1
3072.0,1
3074.0,1
3075.0,2
3077.0,1
3080.0,6
3081.0,3
3082.0,2
3083.0,5
3085.0,1
3086.0,3
3091.0,2
3092.0,3
3094.0,3
3095.0,3
3096.0,2
3097.0,7
3099.0,2
3102.0,1
3103.0,1
3104.0,8
3106.0,5
3109.0,3
3111.0,1
3113.0,7
3114.0,2
3115.0,1
3117.0,3
3118.0,1
3119.0,1
3120.0,1
3121.0,1
3123.0,2
3125.0,5
3126.0,2
3128.0,1
3129.0,2
3130.0,1
3132.0,3
3133.0,3
3136.0,1
3137.0,1
3139.0,3
3140.0,2
3141.0,1
3142.0,4
3144.0,3
3145.0,4
3146.0,1
3147.0,1
3149.0,1
3150.0,4
3152.0,3
3153.0,1
3155.0,2
3156.0,2
3157.0,3
3159.0,7
3160.0,2
3161.0,3
3165.0,1
3166.0,4
3167.0,2
3168.0,3
3169.0,5
3171.0,1
3172.0,1
3174.0,1
3175.0,9
3178.0,1
3179.0,5
3182.0,1
3184.0,1
3185.0,8
3186.0,1
3188.0,2
3189.0,1
3192.0,6
3193.0,10
3194.0,2
3195.0,7
3196.0,1
3197.0,1
3199.0,5
3201.0,2
3202.0,6
3203.0,3
3204.0,3
3205.0,1
3206.0,3
3207.0,2
3208.0,3
3209.0,2
3213.0,2
3214.0,1
3215.0,3
3217.0,6
3218.0,8
3219.0,2
3221.0,3
3222.0,1
3223.0,6
3224.0,4
3225.0,1
3226.0,7
3227.0,7
3228.0,4
3229.0,1
3230.0,2
3231.0,1
3232.0,1
3234.0,3
3237.0,2
3238.0,4
3239.0,8
3242.0,2
3243.0,1
3245.0,7
3246.0,7
3247.0,1
3248.0,2
3249.0,1
3250.0,2
3253.0,2
3254.0,9
3255.0,3
3256.0,2
3257.0,5
3258.0,4
3259.0,2
3260.0,4
3261.0,4
3262.0,2
3263.0,4
3264.0,1
3266.0,1
3268.0,2
3270.0,1
3272.0,1
3273.0,3
3274.0,1
3275.0,1
3277.0,5
3278.0,1
3279.0,1
3280.0,3
3285.0,1
3286.0,2
3287.0,1
3291.0,5
3295.0,5
3299.0,1
3301.0,1
3302.0,2
3305.0,2
3306.0,7
3307.0,3
3308.0,2
3312.0,2
3313.0,1
3314.0,4
3315.0,5
3316.0,3
3317.0,5
3318.0,2
3320.0,3
3321.0,2
3322.0,1
3323.0,3
3324.0,4
3325.0,3
3326.0,8
3327.0,9
3328.0,1
3329.0,2
3330.0,8
3331.0,4
3332.0,5
3333.0,2
3336.0,3
3337.0,2
3338.0,3
3339.0,2
3340.0,2
3341.0,1
3342.0,2
3343.0,4
3344.0,6
3345.0,2
3346.0,5
3347.0,2
3348.0,1
3349.0,1
3350.0,7
3352.0,1
3353.0,3
3354.0,1
3355.0,7
3356.0,3
3357.0,2
3359.0,1
3360.0,2
3361.0,5
3362.0,3
3363.0,1
3364.0,3
3365.0,5
3366.0,5
3368.0,2
3369.0,3
3371.0,2
3372.0,1
3373.0,2
3374.0,1
3376.0,2
3377.0,1
3378.0,6
3379.0,5
3380.0,8
3381.0,1
3383.0,8
3384.0,4
3385.0,1
3386.0,2
3387.0,5
3388.0,1
3389.0,4
3390.0,1
3392.0,8
3393.0,1
3394.0,1
3395.0,3
3397.0,2
3399.0,6
3402.0,1
3403.0,1
3404.0,1
3406.0,3
3408.0,2
3409.0,3
3410.0,1
3413.0,3
3414.0,1
3415.0,1
3416.0,4
3417.0,2
3418.0,2
3419.0,6
3420.0,5
3421.0,12
3422.0,3
3425.0,2
3426.0,1
3428.0,3
3429.0,5
3430.0,1
3431.0,1
3432.0,1
3433.0,3
3435.0,1
3436.0,1
3438.0,4
3439.0,3
3440.0,2
3441.0,6
3442.0,1
3444.0,4
3445.0,2
3446.0,1
3448.0,2
3449.0,2
3450.0,2
3452.0,1
3453.0,5
3454.0,4
3455.0,3
3457.0,1
3458.0,2
3459.0,2
3460.0,7
3463.0,2
3464.0,2
3465.0,1
3467.0,5
3469.0,2
3470.0,8
3472.0,1
3473.0,3
3474.0,5
3476.0,1
3478.0,3
3481.0,1
3482.0,3
3483.0,1
3484.0,2
3485.0,1
3486.0,1
3487.0,1
3489.0,1
3490.0,5
3491.0,4
3492.0,3
3495.0,1
3496.0,3
3497.0,5
3498.0,5
3499.0,2
3501.0,3
3502.0,2
3504.0,3
3507.0,5
3508.0,3
3509.0,7
3510.0,1
3511.0,3
3512.0,6
3513.0,2
3514.0,3
3515.0,3
3517.0,3
3519.0,3
3520.0,5
3521.0,2
3522.0,1
3523.0,2
3526.0,2
3527.0,2
3528.0,1
3529.0,3
3530.0,7
3532.0,2
3533.0,6
3534.0,4
3536.0,4
3539.0,4
3540.0,1
3541.0,1
3542.0,4
3543.0,3
3544.0,5
3545.0,2
3546.0,4
3547.0,1
3548.0,3
3549.0,2
3550.0,1
3552.0,1
3557.0,1
3558.0,4
3559.0,2
3560.0,1
3561.0,8
3562.0,1
3563.0,5
3565.0,8
3566.0,1
3567.0,1
3568.0,1
3569.0,4
3570.0,1
3571.0,3
3572.0,7
3574.0,1
3575.0,1
3577.0,6
3579.0,4
3580.0,4
3581.0,5
3583.0,4
3584.0,1
3585.0,1
3586.0,3
3587.0,4
3588.0,2
3589.0,5
3591.0,1
3592.0,2
3593.0,1
3595.0,1
3596.0,6
3599.0,3
3601.0,2
3604.0,3
3607.0,1
3608.0,2
3609.0,2
3610.0,1
3611.0,1
3612.0,3
3613.0,2
3614.0,3
3615.0,5
3617.0,2
3618.0,3
3619.0,2
3621.0,7
3622.0,4
3623.0,3
3624.0,1
3625.0,1
3626.0,4
3628.0,3
3631.0,2
3632.0,2
3633.0,6
3634.0,8
3635.0,1
3639.0,3
3640.0,1
3641.0,2
3643.0,1
3644.0,1
3645.0,3
3649.0,2
3650.0,4
3651.0,4
3653.0,7
3655.0,2
3658.0,4
3659.0,1
3660.0,1
3662.0,3
3663.0,3
3664.0,2
3665.0,3
3666.0,1
3668.0,2
3670.0,4
3671.0,7
3672.0,2
3674.0,1
3676.0,3
3677.0,4
3678.0,1
3680.0,4
3681.0,3
3683.0,4
3684.0,1
3685.0,1
3690.0,1
3693.0,5
3695.0,4
3696.0,3
3697.0,4
3699.0,6
3700.0,2
3704.0,2
3705.0,3
3706.0,1
3707.0,2
3708.0,4
3709.0,2
3710.0,1
3711.0,5
3712.0,2
3715.0,3
3716.0,1
3718.0,2
3719.0,1
3720.0,1
3721.0,1
3722.0,8
3724.0,1
3728.0,5
3729.0,1
3730.0,3
3731.0,3
3732.0,4
3733.0,1
3734.0,1
3736.0,4
3738.0,1
3740.0,2
3741.0,1
3742.0,3
3743.0,1
3744.0,4
3745.0,1
3746.0,1
3748.0,1
3751.0,2
3753.0,2
3754.0,5
3755.0,3
3756.0,2
3757.0,3
3758.0,1
3759.0,9
3760.0,3
3761.0,1
3762.0,8
3763.0,2
3765.0,1
3766.0,4
3768.0,4
3769.0,5
3770.0,5
3771.0,8
3774.0,4
3776.0,1
3778.0,1
3779.0,1
3780.0,5
3782.0,4
3783.0,5
3784.0,4
3787.0,3
3788.0,2
3790.0,7
3792.0,1
3793.0,2
3794.0,3
3796.0,4
3797.0,4
3798.0,1
3799.0,5
3800.0,6
3803.0,1
3804.0,4
3805.0,1
3806.0,3
3807.0,3
3812.0,6
3816.0,1
3817.0,4
3818.0,1
3819.0,3
3820.0,1
3821.0,1
3822.0,3
3823.0,3
3824.0,4
3825.0,5
3826.0,4
3827.0,1
3828.0,1
3829.0,2
3830.0,1
3831.0,6
3832.0,3
3833.0,3
3834.0,4
3836.0,6
3838.0,1
3839.0,2
3840.0,1
3841.0,4
3842.0,4
3844.0,3
3845.0,5
3846.0,6
3847.0,1
3851.0,7
3852.0,1
3853.0,7
3854.0,8
3855.0,3
3856.0,13
3858.0,1
3859.0,2
3860.0,3
3864.0,1
3866.0,2
3867.0,1
3868.0,2
3869.0,1
3870.0,1
3871.0,2
3873.0,3
3874.0,3
3875.0,1
3877.0,1
3878.0,7
3879.0,4
3886.0,2
3888.0,1
3889.0,1
3891.0,1
3892.0,1
3893.0,1
3894.0,1
3896.0,1
3897.0,4
3901.0,7
3903.0,1
3904.0,2
3905.0,2
3907.0,6
3909.0,1
3910.0,2
3912.0,1
3913.0,1
3914.0,16
3915.0,5
3917.0,3
3920.0,4
3921.0,5
3922.0,8
3923.0,2
3924.0,5
3926.0,1
3927.0,5
3928.0,1
3929.0,3
3930.0,1
3934.0,1
3936.0,2
3937.0,3
3938.0,4
3940.0,1
3941.0,6
3944.0,4
3945.0,1
3946.0,2
3947.0,1
3949.0,2
3950.0,1
3951.0,2
3952.0,3
3954.0,1
3955.0,1
3956.0,2
3957.0,1
3958.0,3
3959.0,2
3960.0,1
3961.0,1
3964.0,4
3965.0,4
3966.0,2
3967.0,1
3968.0,3
3969.0,3
3970.0,4
3971.0,1
3972.0,1
3975.0,1
3976.0,3
3978.0,3
3980.0,4
3981.0,1
3982.0,2
3985.0,5
3986.0,2
3987.0,1
3988.0,2
3989.0,2
3993.0,1
3994.0,6
3995.0,2
3997.0,2
3999.0,1
4002.0,2
4003.0,4
4005.0,1
4006.0,2
4007.0,2
4008.0,1
4009.0,3
4011.0,3
4012.0,1
4013.0,3
4015.0,1
4016.0,1
4017.0,1
4018.0,4
4019.0,3
4020.0,2
4021.0,2
4022.0,3
4023.0,2
4025.0,2
4026.0,4
4027.0,1
4029.0,5
4031.0,3
4034.0,4
4035.0,8
4038.0,1
4041.0,3
4042.0,2
4044.0,2
4045.0,1
4047.0,1
4050.0,2
4051.0,3
4052.0,1
4053.0,6
4054.0,2
4055.0,3
4057.0,1
4058.0,1
4059.0,2
4063.0,2
4064.0,1
4066.0,3
4068.0,2
4069.0,2
4070.0,1
4071.0,1
4072.0,4
4076.0,2
4077.0,2
4078.0,2
4079.0,3
4082.0,3
4083.0,1
4084.0,1
4085.0,7
4089.0,3
4090.0,2
4091.0,1
4093.0,1
4096.0,2
4101.0,6
4102.0,2
4103.0,2
4104.0,2
4105.0,4
4106.0,2
4108.0,3
4109.0,4
4110.0,3
4111.0,3
4112.0,4
4113.0,3
4114.0,2
4115.0,1
4116.0,3
4117.0,3
4118.0,1
4120.0,3
4122.0,2
4123.0,2
4124.0,6
4125.0,1
4126.0,2
4128.0,1
4129.0,2
4130.0,13
4131.0,2
4132.0,2
4133.0,1
4139.0,1
4140.0,7
4141.0,2
4142.0,2
4143.0,1
4144.0,2
4145.0,5
4146.0,3
4147.0,1
4148.0,6
4149.0,5
4150.0,1
4151.0,3
4152.0,6
4153.0,4
4154.0,1
4155.0,1
4156.0,4
4157.0,2
4158.0,1
4159.0,1
4162.0,4
4163.0,1
4166.0,1
4167.0,3
4168.0,1
4170.0,2
4171.0,4
4172.0,1
4174.0,8
4175.0,6
4176.0,5
4178.0,2
4179.0,1
4180.0,1
4181.0,1
4182.0,1
4185.0,1
4186.0,6
4187.0,5
4188.0,1
4190.0,1
4192.0,1
4194.0,3
4195.0,3
4196.0,2
4197.0,6
4198.0,7
4199.0,1
4202.0,8
4203.0,1
4204.0,4
4205.0,1
4206.0,2
4208.0,6
4209.0,6
4210.0,4
4211.0,1
4214.0,1
4215.0,1
4216.0,3
4217.0,1
4219.0,5
4220.0,1
4221.0,1
4222.0,8
4223.0,5
4224.0,2
4225.0,3
4227.0,7
4228.0,3
4230.0,2
4231.0,3
4233.0,2
4234.0,2
4235.0,2
4236.0,2
4237.0,3
4238.0,6
4239.0,1
4241.0,8
4242.0,2
4243.0,1
4244.0,1
4248.0,4
4249.0,1
4250.0,1
4252.0,3
4253.0,8
4256.0,3
4257.0,2
4259.0,1
4262.0,2
4263.0,5
4264.0,1
4265.0,4
4267.0,1
4270.0,1
4271.0,4
4273.0,5
4274.0,5
4275.0,2
4277.0,1
4278.0,3
4279.0,1
4280.0,1
4282.0,5
4283.0,1
4284.0,1
4285.0,1
4286.0,1
4287.0,1
4289.0,2
4290.0,2
4291.0,1
4292.0,1
4293.0,4
4294.0,1
4295.0,4
4296.0,1
4297.0,1
4298.0,1
4300.0,2
4303.0,6
4305.0,1
4306.0,5
4307.0,1
4310.0,3
4311.0,2
4312.0,8
4313.0,4
4315.0,1
4317.0,1
4318.0,7
4320.0,5
4322.0,1
4324.0,3
4325.0,3
4326.0,3
4327.0,6
4328.0,1
4329.0,6
4330.0,2
4331.0,4
4332.0,1
4333.0,1
4335.0,6
4337.0,1
4338.0,5
4340.0,4
4342.0,1
4343.0,2
4346.0,1
4347.0,2
4348.0,1
4352.0,3
4354.0,1
4355.0,2
4356.0,1
4358.0,1
4359.0,1
4360.0,4
4361.0,3
4362.0,1
4364.0,1
4365.0,1
4366.0,1
4367.0,2
4369.0,1
4370.0,1
4372.0,1
4373.0,3
4374.0,1
4375.0,1
4378.0,1
4379.0,3
4383.0,2
4387.0,1
4389.0,2
4390.0,1
4391.0,5
4392.0,1
4393.0,1
4395.0,2
4396.0,1
4399.0,2
4400.0,4
4401.0,1
4402.0,8
4405.0,2
4406.0,1
4407.0,4
4408.0,2
4410.0,5
4411.0,1
4413.0,1
4414.0,4
4416.0,7
4417.0,1
4419.0,2
4420.0,2
4422.0,1
4423.0,1
4425.0,1
4426.0,4
4427.0,3
4428.0,1
4430.0,1
4432.0,1
4433.0,1
4434.0,1
4436.0,7
4441.0,2
4443.0,2
4444.0,2
4445.0,2
4446.0,1
4447.0,4
4452.0,5
4453.0,2
4454.0,8
4455.0,4
4456.0,1
4458.0,6
4460.0,3
4461.0,2
4463.0,9
4465.0,1
4466.0,3
4467.0,1
4469.0,1
4470.0,4
4471.0,1
4474.0,5
4475.0,4
4476.0,1
4477.0,1
4478.0,1
4480.0,1
4481.0,2
4484.0,5
4485.0,2
4486.0,8
4487.0,1
4488.0,2
4489.0,1
4490.0,1
4491.0,2
4493.0,2
4494.0,3
4495.0,1
4496.0,3
4497.0,5
4499.0,1
4500.0,1
4502.0,1
4503.0,1
4505.0,2
4506.0,1
4507.0,1
4508.0,1
4509.0,2
4511.0,7
4512.0,5
4513.0,1
4515.0,5
4516.0,1
4517.0,1
4519.0,4
4521.0,3
4523.0,1
4524.0,5
4528.0,3
4529.0,4
4532.0,4
4533.0,1
4534.0,5
4535.0,1
4536.0,1
4537.0,1
4538.0,2
4539.0,6
4540.0,2
4541.0,4
4542.0,3
4543.0,3
4546.0,1
4547.0,1
4549.0,1
4550.0,4
4551.0,2
4553.0,3
4554.0,2
4555.0,1
4556.0,3
4557.0,2
4558.0,1
4561.0,2
4562.0,2
4564.0,3
4565.0,1
4573.0,1
4576.0,4
4579.0,1
4583.0,1
4584.0,2
4587.0,1
4590.0,5
4591.0,6
4592.0,4
4593.0,2
4596.0,1
4598.0,1
4599.0,9
4600.0,2
4601.0,11
4602.0,1
4606.0,2
4607.0,3
4608.0,5
4609.0,3
4610.0,6
4611.0,6
4612.0,1
4613.0,2
4615.0,1
4616.0,2
4618.0,2
4619.0,1
4621.0,2
4622.0,1
4624.0,5
4626.0,2
4628.0,2
4630.0,6
4631.0,10
4632.0,10
4634.0,3
4635.0,2
4639.0,4
4640.0,4
4641.0,2
4642.0,1
4643.0,4
4644.0,1
4646.0,1
4647.0,1
4648.0,1
4649.0,1
4650.0,2
4652.0,1
4657.0,1
4658.0,1
4659.0,1
4660.0,6
4661.0,2
4662.0,3
4664.0,4
4669.0,1
4670.0,5
4672.0,1
4679.0,6
4680.0,2
4681.0,3
4684.0,2
4688.0,1
4689.0,3
4690.0,4
4691.0,4
4692.0,3
4694.0,1
4695.0,3
4697.0,1
4699.0,4
4701.0,1
4707.0,1
4711.0,1
4716.0,3
4719.0,3
4722.0,3
4723.0,1
4724.0,1
4726.0,2
4729.0,2
4730.0,1
4731.0,1
4734.0,3
4740.0,3
4747.0,1
4750.0,2
4756.0,1
4760.0,1
4765.0,5
4767.0,2
4768.0,1
4770.0,7
4773.0,3
4774.0,1
4776.0,2
4777.0,2
4778.0,1
4779.0,1
4780.0,2
4784.0,1
4785.0,1
4792.0,5
4794.0,7
4795.0,1
4796.0,6
4798.0,6
4799.0,3
4802.0,3
4803.0,2
4805.0,2
4806.0,2
4807.0,3
4808.0,3
4809.0,1
4810.0,2
4811.0,2
4812.0,2
4813.0,4
4815.0,3
4816.0,5
4820.0,1
4821.0,3
4823.0,6
4826.0,7
4827.0,4
4828.0,1
4829.0,3
4831.0,6
4832.0,1
4836.0,3
4838.0,2
4839.0,1
4841.0,9
4842.0,5
4843.0,5
4844.0,1
4845.0,2
4847.0,2
4848.0,1
4851.0,1
4852.0,3
4854.0,4
4855.0,2
4862.0,2
4864.0,1
4865.0,1
4866.0,5
4867.0,5
4868.0,2
4871.0,3
4873.0,1
4875.0,1
4877.0,1
4878.0,5
4879.0,4
4880.0,3
4882.0,4
4892.0,1
4894.0,2
4897.0,1
4898.0,3
4899.0,1
4900.0,1
4901.0,2
4902.0,4
4903.0,1
4904.0,1
4905.0,4
4906.0,3
4907.0,1
4909.0,3
4910.0,5
4912.0,3
4913.0,1
4914.0,5
4915.0,5
4916.0,3
4918.0,3
4919.0,1
4920.0,4
4922.0,1
4923.0,5
4924.0,2
4926.0,3
4929.0,3
4930.0,5
4931.0,2
4934.0,1
4938.0,1
4940.0,3
4941.0,5
4942.0,2
4943.0,7
4945.0,8
4946.0,1
4948.0,5
4950.0,2
4951.0,2
4953.0,3
4955.0,2
4956.0,4
4957.0,7
4960.0,5
4961.0,3
4962.0,1
4963.0,4
4964.0,1
4965.0,9
4966.0,1
4967.0,1
4968.0,5
4970.0,1
4971.0,2
4974.0,2
4975.0,1
4976.0,3
4977.0,3
4978.0,5
4979.0,3
4982.0,3
4985.0,3
4988.0,5
4989.0,4
4992.0,2
4993.0,1
4994.0,9
4995.0,3
4996.0,3
4997.0,2
4998.0,2
4999.0,1
5000.0,1
5001.0,1
5002.0,3
5004.0,4
5005.0,2
5006.0,1
5007.0,1
5008.0,1
5010.0,2
5011.0,9
5012.0,1
5013.0,2
5014.0,2
5017.0,6
5018.0,4
5019.0,1
5020.0,5
5021.0,1
5022.0,1
5025.0,1
5028.0,7
5029.0,1
5033.0,1
5037.0,3
5038.0,1
5040.0,2
5041.0,2
5043.0,3
5044.0,2
5045.0,1
5046.0,2
5048.0,1
5050.0,3
5051.0,2
5052.0,1
5054.0,2
5055.0,2
5056.0,1
5058.0,2
5059.0,1
5060.0,1
5062.0,4
5063.0,8
5065.0,7
5067.0,3
5070.0,8
5071.0,3
5073.0,2
5074.0,2
5075.0,3
5077.0,2
5078.0,3
5079.0,1
5080.0,4
5083.0,2
5084.0,1
5086.0,2
5087.0,4
5088.0,1
5089.0,5
5090.0,6
5091.0,4
5093.0,2
5096.0,2
5097.0,1
5098.0,2
5101.0,5
5103.0,2
5104.0,5
5105.0,5
5106.0,1
5107.0,2
5108.0,4
5110.0,1
5113.0,1
5115.0,1
5116.0,2
5117.0,2
5120.0,4
5122.0,1
5123.0,8
5126.0,10
5128.0,2
5129.0,1
5130.0,1
5131.0,6
5132.0,1
5133.0,3
5134.0,1
5135.0,1
5137.0,5
5138.0,1
5140.0,5
5141.0,1
5142.0,3
5146.0,4
5147.0,1
5148.0,3
5149.0,5
5150.0,4
5153.0,5
5155.0,2
5159.0,2
5163.0,1
5167.0,1
5169.0,6
5175.0,6
5176.0,4
5177.0,2
5179.0,3
5180.0,1
5181.0,2
5182.0,7
5184.0,1
5186.0,1
5188.0,3
5189.0,7
5191.0,1
5192.0,1
5193.0,2
5194.0,7
5195.0,3
5196.0,6
5197.0,6
5198.0,4
5201.0,5
5202.0,3
5207.0,1
5208.0,2
5209.0,9
5212.0,6
5213.0,2
5214.0,1
5215.0,3
5220.0,3
5222.0,3
5224.0,4
5225.0,1
5226.0,3
5227.0,5
5229.0,8
5230.0,2
5231.0,4
5233.0,3
5234.0,1
5238.0,3
5239.0,2
5240.0,1
5241.0,5
5243.0,4
5246.0,7
5247.0,3
5249.0,1
5252.0,2
5260.0,5
5262.0,2
5265.0,1
5266.0,3
5267.0,1
5268.0,2
5269.0,3
5271.0,5
5272.0,6
5273.0,4
5276.0,2
5277.0,1
5280.0,4
5282.0,1
5283.0,1
5286.0,1
5287.0,7
5288.0,4
5289.0,1
5291.0,1
5293.0,2
5295.0,4
5296.0,3
5297.0,2
5302.0,1
5305.0,3
5306.0,3
5307.0,2
5308.0,3
5309.0,3
5311.0,1
5313.0,4
5314.0,1
5315.0,3
5318.0,1
5319.0,1
5320.0,3
5321.0,4
5322.0,2
5323.0,5
5324.0,2
5325.0,3
5329.0,1
5330.0,1
5332.0,2
5333.0,4
5334.0,4
5337.0,3
5339.0,1
5342.0,1
5343.0,4
5344.0,1
5346.0,5
5347.0,2
5348.0,3
5349.0,1
5350.0,2
5352.0,4
5353.0,1
5356.0,1
5358.0,3
5360.0,1
5361.0,1
5362.0,1
5363.0,1
5364.0,2
5365.0,1
5366.0,2
5367.0,3
5370.0,1
5371.0,3
5372.0,3
5373.0,1
5374.0,3
5380.0,4
5382.0,1
5383.0,2
5384.0,3
5385.0,3
5387.0,3
5389.0,5
5390.0,2
5392.0,7
5393.0,2
5394.0,1
5395.0,3
5396.0,1
5397.0,5
5398.0,4
5399.0,3
5400.0,6
5402.0,3
5404.0,8
5406.0,2
5408.0,1
5409.0,1
5411.0,6
5412.0,1
5413.0,1
5414.0,1
5416.0,3
5418.0,1
5419.0,1
5420.0,2
5421.0,2
5422.0,3
5424.0,1
5425.0,1
5426.0,1
5428.0,5
5429.0,3
5430.0,2
5431.0,4
5432.0,1
5435.0,1
5437.0,2
5438.0,2
5439.0,2
5440.0,1
5441.0,1
5444.0,3
5445.0,3
5447.0,3
5448.0,1
5449.0,2
5450.0,1
5453.0,1
5454.0,1
5456.0,2
5457.0,1
5458.0,2
5461.0,1
5462.0,5
5463.0,3
5465.0,3
5467.0,2
5468.0,2
5471.0,3
5473.0,1
5475.0,3
5477.0,1
5480.0,4
5481.0,1
5482.0,7
5483.0,1
5485.0,3
5486.0,5
5488.0,2
5492.0,3
5494.0,4
5497.0,1
5498.0,2
5499.0,1
5500.0,2
5510.0,1
5511.0,3
5512.0,3
5514.0,3
5517.0,3
5518.0,5
5519.0,1
5520.0,1
5521.0,1
5522.0,5
5523.0,4
5526.0,2
5527.0,1
5528.0,1
5530.0,2
5532.0,3
5534.0,2
5535.0,6
5536.0,5
5537.0,3
5538.0,2
5542.0,2
5543.0,5
5544.0,6
5545.0,2
5546.0,4
5547.0,5
5548.0,1
5549.0,2
5550.0,3
5552.0,1
5553.0,4
5555.0,1
5557.0,2
5558.0,6
5559.0,2
5560.0,2
5561.0,2
5565.0,3
5566.0,4
5567.0,3
5568.0,1
5569.0,1
5570.0,1
5575.0,11
5576.0,1
5577.0,1
5579.0,5
5580.0,1
5581.0,1
5582.0,1
5583.0,2
5584.0,1
5586.0,4
5588.0,2
5589.0,4
5590.0,1
5591.0,1
5592.0,5
5593.0,1
5601.0,2
5602.0,4
5603.0,3
5604.0,4
5605.0,2
5609.0,1
5611.0,6
5612.0,7
5613.0,1
5614.0,5
5616.0,1
5617.0,1
5618.0,1
5619.0,7
5620.0,4
5623.0,1
5624.0,2
5625.0,3
5626.0,4
5627.0,1
5628.0,2
5629.0,3
5631.0,4
5632.0,2
5633.0,2
5634.0,2
5635.0,8
5636.0,1
5637.0,3
5638.0,3
5639.0,3
5640.0,3
5642.0,2
5644.0,3
5645.0,1
5647.0,3
5648.0,2
5651.0,1
5652.0,1
5653.0,5
5655.0,4
5656.0,2
5657.0,2
5659.0,4
5660.0,4
5661.0,1
5662.0,1
5663.0,1
5664.0,3
5667.0,4
5668.0,2
5670.0,1
5671.0,2
5672.0,3
5674.0,6
5675.0,3
5676.0,4
5679.0,3
5681.0,4
5682.0,2
5683.0,4
5684.0,4
5685.0,1
5686.0,4
5687.0,3
5689.0,1
5690.0,4
5691.0,1
5695.0,4
5696.0,2
5698.0,1
5701.0,3
5702.0,1
5703.0,1
5705.0,3
5706.0,4
5707.0,1
5708.0,1
5710.0,1
5711.0,7
5713.0,5
5715.0,2
5716.0,1
5717.0,1
5718.0,2
5719.0,2
5721.0,1
5722.0,1
5724.0,1
5725.0,3
5726.0,2
5727.0,2
5729.0,1
5730.0,10
5731.0,6
5732.0,5
5733.0,3
5734.0,3
5736.0,1
5737.0,3
5740.0,3
5741.0,7
5742.0,1
5744.0,1
5748.0,2
5749.0,1
5750.0,2
5751.0,5
5752.0,4
5754.0,8
5755.0,8
5756.0,3
5757.0,3
5760.0,1
5762.0,7
5765.0,1
5766.0,2
5769.0,1
5771.0,2
5773.0,6
5776.0,1
5777.0,6
5778.0,5
5779.0,3
5780.0,1
5781.0,1
5782.0,6
5785.0,4
5786.0,1
5787.0,1
5788.0,1
5789.0,1
5790.0,2
5792.0,2
5793.0,2
5795.0,1
5798.0,1
5800.0,1
5802.0,1
5803.0,3
5807.0,6
5808.0,1
5809.0,4
5810.0,1
5811.0,2
5812.0,1
5814.0,5
5815.0,3
5820.0,3
5823.0,4
5825.0,2
5826.0,1
5827.0,6
5829.0,6
5830.0,2
5831.0,4
5833.0,1
5834.0,1
5835.0,2
5836.0,1
5837.0,3
5840.0,9
5841.0,2
5843.0,1
5845.0,1
5846.0,5
5847.0,3
5848.0,5
5849.0,1
5850.0,3
5851.0,1
5853.0,1
5855.0,3
5857.0,1
5859.0,2
5860.0,8
5861.0,1
5862.0,2
5863.0,1
5864.0,2
5865.0,3
5866.0,3
5867.0,2
5868.0,2
5869.0,1
5870.0,2
5871.0,1
5872.0,2
5873.0,2
5874.0,4
5875.0,5
5876.0,6
5877.0,1
5878.0,6
5879.0,6
5881.0,5
5883.0,9
5885.0,3
5886.0,4
5889.0,1
5890.0,1
5891.0,2
5892.0,1
5893.0,2
5894.0,2
5895.0,3
5896.0,3
5897.0,1
5898.0,2
5901.0,2
5902.0,2
5903.0,3
5904.0,1
5905.0,1
5909.0,1
5911.0,2
5912.0,5
5913.0,7
5914.0,1
5915.0,5
5916.0,2
5917.0,2
5919.0,3
5920.0,1
5921.0,1
5922.0,1
5924.0,4
5926.0,4
5927.0,1
5930.0,5
5931.0,2
5932.0,1
5933.0,2
5935.0,8
5936.0,5
5937.0,1
5940.0,2
5941.0,1
5942.0,2
5943.0,2
5944.0,1
5945.0,1
5946.0,1
5947.0,4
5949.0,5
5950.0,2
5952.0,1
5953.0,2
5954.0,4
5955.0,2
5956.0,3
5958.0,1
5959.0,4
5960.0,1
5961.0,2
5962.0,5
5964.0,2
5965.0,7
5966.0,3
5967.0,3
5968.0,1
5969.0,3
5971.0,2
5972.0,1
5973.0,6
5974.0,4
5975.0,4
5977.0,1
5979.0,5
5981.0,2
5982.0,2
5983.0,2
5984.0,2
5985.0,2
5986.0,5
5987.0,1
5990.0,1
5991.0,1
5992.0,2
5993.0,3
5994.0,4
5995.0,1
5996.0,6
5997.0,3
5998.0,5
5999.0,1
6000.0,3
6002.0,2
6003.0,4
6004.0,1
6008.0,4
6009.0,1
6010.0,7
6011.0,2
6012.0,8
6013.0,1
6014.0,1
6015.0,1
6016.0,3
6021.0,1
6023.0,1
6025.0,4
6026.0,2
6027.0,1
6028.0,1
6029.0,1
6030.0,4
6031.0,6
6032.0,2
6033.0,3
6034.0,2
6035.0,6
6036.0,5
6039.0,1
6041.0,2
6043.0,1
6046.0,1
6047.0,9
6050.0,6
6052.0,6
6054.0,1
6055.0,3
6056.0,3
6057.0,1
6058.0,5
6059.0,4
6061.0,2
6062.0,1
6063.0,1
6064.0,1
6065.0,5
6066.0,2
6067.0,1
6068.0,6
6069.0,3
6070.0,2
6071.0,1
6072.0,2
6073.0,2
6074.0,1
6075.0,3
6076.0,2
6077.0,3
6078.0,1
6079.0,3
6080.0,3
6081.0,3
6085.0,9
6086.0,1
6088.0,3
6089.0,1
6090.0,2
6091.0,2
6092.0,3
6094.0,7
6097.0,1
6098.0,1
6103.0,1
6105.0,4
6106.0,2
6108.0,1
6109.0,1
6110.0,3
6112.0,4
6113.0,2
6114.0,4
6115.0,5
6117.0,1
6118.0,1
6119.0,1
6120.0,1
6122.0,5
6123.0,1
6124.0,6
6125.0,3
6126.0,3
6127.0,1
6128.0,3
6129.0,1
6130.0,5
6131.0,6
6133.0,4
6134.0,5
6135.0,2
6137.0,1
6138.0,2
6139.0,3
6140.0,7
6141.0,1
6142.0,2
6143.0,1
6145.0,1
6147.0,3
6152.0,5
6154.0,2
6156.0,3
6157.0,1
6158.0,4
6161.0,3
6162.0,2
6167.0,7
6168.0,3
6170.0,3
6171.0,2
6177.0,5
6178.0,1
6179.0,1
6180.0,1
6181.0,1
6183.0,3
6185.0,1
6187.0,5
6188.0,1
6190.0,1
6191.0,5
6192.0,2
6193.0,3
6196.0,8
6198.0,1
6200.0,1
6204.0,1
6205.0,3
6206.0,3
6207.0,3
6208.0,2
6209.0,2
6210.0,3
6211.0,3
6212.0,2
6213.0,4
6215.0,2
6216.0,3
6217.0,4
6218.0,1
6220.0,2
6221.0,2
6222.0,1
6224.0,1
6225.0,2
6226.0,7
6227.0,3
6228.0,4
6229.0,1
6230.0,10
6233.0,2
6234.0,2
6235.0,3
6238.0,3
6241.0,4
6247.0,1
6248.0,3
6251.0,2
6252.0,1
6253.0,1
6254.0,3
6255.0,1
6257.0,3
6258.0,3
6259.0,7
6260.0,2
6263.0,1
6265.0,8
6266.0,3
6268.0,2
6272.0,5
6273.0,5
6275.0,2
6278.0,3
6279.0,1
6281.0,7
6282.0,4
6283.0,4
6289.0,1
6291.0,2
6292.0,5
6293.0,7
6294.0,3
6295.0,4
6297.0,2
6298.0,1
6300.0,1
6301.0,1
6302.0,3
6303.0,2
6306.0,1
6307.0,5
6308.0,3
6312.0,2
6313.0,3
6314.0,3
6315.0,2
6316.0,1
6318.0,1
6322.0,9
6324.0,1
6325.0,2
6326.0,3
6331.0,2
6332.0,5
6333.0,2
6334.0,3
6338.0,1
6341.0,2
6342.0,1
6344.0,2
6346.0,1
6348.0,1
6349.0,4
6350.0,3
6352.0,1
6353.0,8
6354.0,5
6355.0,2
6356.0,1
6358.0,3
6361.0,4
6364.0,3
6366.0,2
6370.0,1
6372.0,4
6374.0,2
6376.0,1
6379.0,8
6380.0,3
6381.0,2
6384.0,4
6385.0,2
6387.0,2
6388.0,2
6390.0,1
6391.0,1
6392.0,1
6393.0,2
6396.0,1
6397.0,6
6398.0,3
6400.0,1
6401.0,5
6403.0,1
6404.0,1
6405.0,4
6406.0,4
6408.0,2
6410.0,2
6411.0,6
6412.0,5
6414.0,3
6415.0,2
6419.0,3
6420.0,2
6421.0,3
6423.0,4
6424.0,3
6425.0,4
6426.0,1
6427.0,1
6429.0,1
6431.0,4
6435.0,1
6437.0,1
6439.0,2
6442.0,1
6443.0,4
6444.0,5
6445.0,2
6446.0,4
6448.0,4
6449.0,2
6451.0,2
6452.0,1
6453.0,2
6454.0,1
6458.0,1
6459.0,2
6462.0,3
6465.0,1
6466.0,1
6468.0,3
6469.0,2
6470.0,6
6473.0,4
6474.0,1
6480.0,3
6483.0,2
6487.0,2
6490.0,1
6492.0,2
6493.0,7
6494.0,2
6496.0,2
6497.0,1
6498.0,3
6500.0,3
6501.0,8
6502.0,5
6503.0,3
6505.0,3
6506.0,5
6507.0,1
6508.0,3
6509.0,3
6510.0,1
6512.0,1
6514.0,5
6516.0,10
6517.0,1
6518.0,3
6519.0,1
6522.0,8
6523.0,7
6524.0,4
6526.0,3
6527.0,1
6528.0,2
6529.0,1
6530.0,1
6531.0,7
6533.0,3
6534.0,3
6535.0,2
6536.0,4
6537.0,2
6539.0,1
6540.0,4
6541.0,1
6542.0,2
6543.0,2
6544.0,8
6545.0,7
6546.0,6
6548.0,2
6549.0,4
6550.0,9
6552.0,3
6553.0,3
6554.0,1
6555.0,3
6557.0,8
6558.0,4
6560.0,3
6561.0,3
6562.0,5
6564.0,1
6567.0,1
6568.0,4
6569.0,1
6571.0,2
6572.0,5
6573.0,5
6574.0,3
6575.0,1
6576.0,2
6577.0,2
6578.0,1
6579.0,1
6580.0,6
6581.0,6
6583.0,7
6587.0,1
6588.0,6
6591.0,2
6592.0,2
6593.0,4
6595.0,3
6596.0,4
6597.0,2
6598.0,3
6600.0,1
6601.0,6
6602.0,1
6603.0,4
6605.0,3
6609.0,2
6610.0,1
6612.0,2
6613.0,4
6614.0,5
6615.0,2
6617.0,7
6618.0,2
6621.0,4
6623.0,6
6624.0,7
6626.0,8
6628.0,1
6629.0,4
6630.0,3
6631.0,2
6632.0,4
6633.0,4
6634.0,2
6635.0,6
6636.0,1
6637.0,2
6638.0,8
6639.0,1
6640.0,1
6641.0,2
6642.0,2
6643.0,3
6644.0,2
6645.0,9
6646.0,1
6647.0,3
6648.0,5
6649.0,6
6650.0,2
6652.0,8
6653.0,3
6655.0,3
6657.0,2
6658.0,5
6659.0,5
6660.0,2
6662.0,6
6665.0,5
6666.0,3
6667.0,2
6669.0,6
6671.0,2
6672.0,9
6673.0,1
6674.0,2
6675.0,1
6676.0,11
6678.0,7
6680.0,2
6682.0,4
6685.0,4
6686.0,3
6687.0,1
6688.0,1
6689.0,2
6690.0,1
6691.0,9
6695.0,2
6696.0,4
6697.0,2
6698.0,1
6699.0,3
6700.0,1
6703.0,1
6704.0,3
6705.0,5
6706.0,7
6707.0,1
6708.0,2
6709.0,4
6710.0,3
6711.0,2
6712.0,4
6713.0,2
6714.0,3
6716.0,3
6717.0,1
6718.0,4
6720.0,3
6721.0,3
6724.0,3
6726.0,1
6727.0,2
6728.0,9
6729.0,2
6730.0,2
6734.0,3
6735.0,4
6736.0,1
6737.0,2
6738.0,1
6740.0,1
6742.0,3
6743.0,1
6744.0,2
6746.0,1
6747.0,4
6748.0,1
6749.0,5
6750.0,4
6751.0,3
6752.0,6
6753.0,3
6755.0,3
6756.0,1
6757.0,1
6758.0,1
6760.0,1
6762.0,6
6765.0,4
6767.0,2
6768.0,2
6769.0,1
6770.0,1
6771.0,2
6772.0,2
6775.0,4
6776.0,1
6777.0,1
6778.0,7
6779.0,4
6780.0,1
6782.0,1
6783.0,3
6784.0,1
6787.0,2
6790.0,1
6791.0,5
6793.0,4
6795.0,2
6800.0,1
6802.0,3
6803.0,4
6804.0,2
6806.0,7
6808.0,3
6809.0,3
6810.0,2
6812.0,4
6816.0,1
6817.0,1
6820.0,3
6821.0,1
6824.0,2
6825.0,3
6826.0,4
6828.0,3
6829.0,2
6830.0,4
6831.0,3
6832.0,2
6833.0,3
6834.0,5
6837.0,6
6838.0,1
6839.0,2
6842.0,1
6843.0,6
6844.0,2
6845.0,1
6846.0,4
6848.0,1
6849.0,2
6850.0,2
6852.0,1
6854.0,2
6855.0,1
6859.0,1
6860.0,2
6861.0,4
6863.0,10
6868.0,3
6869.0,4
6871.0,2
6873.0,3
6875.0,3
6876.0,1
6877.0,2
6878.0,8
6879.0,5
6880.0,2
6881.0,1
6883.0,5
6884.0,1
6886.0,5
6888.0,5
6891.0,3
6892.0,3
6893.0,1
6896.0,1
6897.0,1
6900.0,2
6901.0,1
6904.0,5
6908.0,1
6909.0,2
6910.0,1
6915.0,1
6918.0,1
6920.0,1
6921.0,2
6922.0,2
6924.0,1
6925.0,2
6926.0,3
6928.0,5
6931.0,5
6932.0,2
6933.0,3
6936.0,9
6937.0,3
6939.0,1
6940.0,2
6943.0,1
6944.0,1
6945.0,2
6946.0,2
6947.0,2
6950.0,1
6951.0,4
6952.0,2
6953.0,4
6956.0,11
6962.0,1
6963.0,2
6966.0,1
6967.0,3
6969.0,1
6971.0,4
6975.0,8
6976.0,4
6977.0,2
6978.0,2
6979.0,3
6982.0,2
6984.0,1
6985.0,1
6986.0,1
6989.0,14
6991.0,1
6993.0,5
6994.0,4
6996.0,1
6997.0,3
6999.0,1
7000.0,3
7001.0,1
7003.0,4
7005.0,6
7006.0,3
7007.0,5
7011.0,3
7012.0,4
7013.0,6
7015.0,4
7018.0,3
7019.0,8
7022.0,1
7023.0,4
7025.0,3
7026.0,1
7028.0,1
7029.0,4
7031.0,1
7032.0,1
7033.0,4
7034.0,3
7035.0,2
7036.0,1
7037.0,1
7044.0,2
7045.0,3
7049.0,1
7051.0,7
7052.0,1
7053.0,2
7054.0,4
7056.0,4
7059.0,1
7060.0,2
7062.0,2
7065.0,4
7067.0,3
7069.0,5
7070.0,2
7072.0,11
7073.0,5
7074.0,2
7075.0,6
7076.0,3
7077.0,2
7078.0,2
7079.0,1
7080.0,2
7084.0,1
7085.0,1
7087.0,6
7088.0,2
7090.0,2
7091.0,1
7094.0,5
7096.0,4
7098.0,2
7101.0,1
7102.0,4
7103.0,1
7104.0,3
7106.0,4
7107.0,5
7110.0,3
7111.0,3
7112.0,1
7116.0,6
7117.0,4
7118.0,2
7119.0,1
7121.0,1
7122.0,1
7123.0,4
7124.0,2
7126.0,2
7128.0,1
7129.0,3
7130.0,4
7132.0,4
7134.0,1
7136.0,4
7137.0,1
7141.0,3
7142.0,3
7144.0,1
7145.0,1
7146.0,2
7147.0,10
7148.0,8
7154.0,1
7155.0,2
7156.0,1
7157.0,5
7158.0,4
7159.0,1
7161.0,2
7162.0,2
7163.0,5
7164.0,3
7165.0,2
7167.0,1
7168.0,4
7170.0,1
7172.0,1
7177.0,1
7178.0,3
7179.0,2
7180.0,1
7181.0,8
7182.0,2
7184.0,2
7185.0,1
7186.0,2
7188.0,1
7190.0,2
7191.0,1
7192.0,3
7195.0,7
7197.0,1
7198.0,1
7200.0,7
7201.0,2
7203.0,1
7204.0,6
7205.0,1
7206.0,1
7208.0,1
7209.0,4
7210.0,1
7212.0,2
7213.0,3
7214.0,1
7215.0,1
7216.0,3
7219.0,4
7222.0,2
7223.0,1
7225.0,5
7226.0,3
7227.0,1
7232.0,1
7233.0,9
7234.0,1
7235.0,3
7236.0,1
7237.0,4
7238.0,5
7240.0,1
7241.0,3
7242.0,1
7244.0,3
7245.0,3
7246.0,1
7249.0,4
7250.0,4
7251.0,4
7252.0,2
7254.0,6
7255.0,6
7256.0,1
7257.0,5
7258.0,1
7260.0,2
7261.0,6
7262.0,1
7263.0,3
7264.0,5
7265.0,4
7268.0,3
7271.0,6
7272.0,4
7273.0,1
7274.0,1
7275.0,1
7276.0,1
7278.0,3
7279.0,3
7283.0,4
7284.0,1
7286.0,1
7289.0,2
7290.0,4
7292.0,1
7293.0,2
7295.0,1
7298.0,6
7299.0,2
7300.0,1
7304.0,4
7305.0,3
7306.0,6
7307.0,6
7308.0,2
7312.0,4
7313.0,2
7314.0,1
7315.0,1
7316.0,2
7317.0,8
7319.0,1
7320.0,1
7321.0,1
7322.0,1
7323.0,5
7325.0,6
7326.0,6
7327.0,1
7329.0,1
7331.0,3
7332.0,3
7335.0,5
7336.0,1
7338.0,4
7339.0,1
7341.0,1
7342.0,3
7344.0,3
7345.0,3
7346.0,1
7347.0,6
7349.0,5
7350.0,1
7351.0,1
7353.0,2
7354.0,2
7355.0,4
7356.0,2
7359.0,3
7360.0,2
7363.0,1
7366.0,1
7369.0,1
7370.0,2
7371.0,1
7372.0,2
7374.0,1
7375.0,4
7377.0,2
7378.0,2
7380.0,1
7383.0,2
7384.0,1
7385.0,1
7386.0,2
7387.0,1
7388.0,3
7389.0,1
7390.0,2
7391.0,2
7392.0,11
7395.0,1
7396.0,1
7398.0,1
7399.0,1
7401.0,4
7402.0,2
7403.0,1
7404.0,7
7405.0,2
7406.0,4
7407.0,4
7408.0,6
7409.0,3
7411.0,3
7412.0,1
7415.0,1
7416.0,2
7421.0,7
7422.0,4
7423.0,2
7425.0,5
7426.0,1
7427.0,3
7429.0,6
7431.0,2
7433.0,1
7434.0,3
7435.0,9
7438.0,1
7439.0,4
7440.0,3
7441.0,3
7443.0,14
7446.0,1
7447.0,3
7449.0,1
7452.0,1
7454.0,2
7455.0,1
7456.0,2
7458.0,3
7459.0,2
7461.0,1
7462.0,1
7463.0,6
7464.0,1
7467.0,1
7468.0,8
7470.0,1
7472.0,6
7473.0,5
7474.0,5
7475.0,1
7477.0,1
7478.0,2
7481.0,1
7483.0,4
7484.0,5
7485.0,1
7486.0,4
7489.0,2
7491.0,1
7492.0,3
7493.0,4
7494.0,5
7495.0,3
7499.0,1
7501.0,4
7502.0,7
7503.0,5
7504.0,2
7505.0,7
7506.0,2
7507.0,2
7508.0,7
7509.0,8
7513.0,1
7514.0,1
7515.0,2
7516.0,2
7519.0,2
7520.0,2
7521.0,4
7522.0,4
7523.0,1
7525.0,5
7526.0,5
7527.0,1
7528.0,5
7530.0,2
7531.0,1
7532.0,5
7533.0,2
7534.0,3
7535.0,3
7542.0,1
7543.0,3
7545.0,3
7547.0,1
7549.0,3
7551.0,1
7552.0,3
7553.0,3
7554.0,8
7555.0,2
7556.0,5
7558.0,5
7561.0,1
7562.0,5
7563.0,3
7564.0,9
7565.0,2
7566.0,1
7569.0,6
7570.0,1
7571.0,6
7572.0,3
7576.0,3
7578.0,1
7580.0,1
7589.0,1
7590.0,1
7591.0,1
7592.0,1
7593.0,4
7594.0,1
7595.0,1
7598.0,2
7599.0,2
7602.0,2
7603.0,1
7605.0,5
7606.0,1
7609.0,3
7610.0,6
7611.0,5
7613.0,3
7615.0,1
7619.0,1
7620.0,2
7621.0,1
7622.0,7
7623.0,1
7624.0,3
7625.0,2
7626.0,1
7627.0,4
7628.0,6
7629.0,2
7630.0,1
7631.0,2
7632.0,2
7633.0,8
7634.0,5
7635.0,1
7636.0,1
7637.0,2
7638.0,1
7641.0,5
7642.0,2
7645.0,4
7646.0,8
7647.0,2
7648.0,2
7649.0,1
7651.0,3
7652.0,1
7654.0,2
7655.0,3
7656.0,6
7658.0,3
7659.0,1
7662.0,6
7665.0,2
7666.0,1
7667.0,7
7668.0,4
7672.0,2
7673.0,2
7674.0,2
7675.0,2
7677.0,4
7678.0,7
7680.0,1
7681.0,6
7682.0,3
7683.0,1
7691.0,1
7692.0,4
7693.0,4
7695.0,2
7696.0,1
7697.0,1
7700.0,1
7703.0,1
7705.0,5
7706.0,1
7707.0,3
7708.0,3
7709.0,2
7710.0,4
7711.0,1
7715.0,8
7716.0,3
7718.0,1
7719.0,1
7720.0,2
7721.0,1
7724.0,1
7725.0,1
7726.0,1
7728.0,2
7729.0,6
7731.0,3
7733.0,4
7735.0,4
7736.0,1
7737.0,5
7739.0,1
7740.0,6
7741.0,2
7742.0,1
7744.0,4
7745.0,2
7746.0,4
7748.0,3
7750.0,10
7751.0,4
7752.0,6
7753.0,1
7754.0,1
7755.0,2
7756.0,4
7757.0,1
7760.0,1
7762.0,3
7763.0,1
7764.0,4
7765.0,4
7766.0,1
7768.0,1
7772.0,2
7774.0,1
7777.0,4
7778.0,2
7780.0,1
7785.0,1
7788.0,2
7789.0,1
7790.0,2
7791.0,2
7792.0,1
7795.0,1
7798.0,1
7801.0,1
7802.0,1
7803.0,2
7807.0,5
7808.0,1
7809.0,2
7810.0,3
7811.0,6
7812.0,6
7814.0,2
7815.0,2
7816.0,3
7818.0,4
7819.0,4
7822.0,6
7823.0,3
7824.0,4
7825.0,3
7826.0,4
7827.0,1
7828.0,5
7830.0,2
7834.0,1
7835.0,8
7836.0,1
7837.0,3
7840.0,1
7842.0,3
7843.0,2
7845.0,1
7846.0,2
7847.0,5
7848.0,2
7851.0,3
7852.0,4
7854.0,3
7855.0,1
7857.0,4
7858.0,1
7861.0,4
7862.0,1
7863.0,3
7864.0,3
7866.0,1
7868.0,3
7869.0,2
7870.0,3
7872.0,1
7873.0,1
7874.0,2
7875.0,1
7876.0,7
7877.0,7
7878.0,1
7879.0,1
7880.0,1
7883.0,2
7884.0,1
7885.0,2
7887.0,1
7888.0,1
7889.0,2
7890.0,2
7893.0,1
7894.0,2
7895.0,1
7896.0,3
7897.0,5
7898.0,2
7899.0,1
7900.0,1
7903.0,1
7905.0,4
7906.0,1
7908.0,1
7909.0,7
7911.0,3
7912.0,4
7913.0,6
7915.0,1
7916.0,1
7918.0,1
7919.0,4
7921.0,1
7922.0,7
7923.0,2
7924.0,1
7926.0,1
7927.0,1
7928.0,1
7929.0,4
7931.0,2
7933.0,2
7934.0,2
7935.0,1
7936.0,1
7938.0,5
7939.0,1
7940.0,2
7944.0,1
7945.0,6
7946.0,5
7947.0,1
7948.0,2
7949.0,1
7953.0,1
7955.0,8
7956.0,2
7957.0,2
7958.0,2
7960.0,3
7961.0,1
7963.0,2
7964.0,2
7965.0,8
7967.0,3
7968.0,1
7969.0,6
7970.0,1
7971.0,1
7972.0,3
7973.0,2
7975.0,1
7976.0,1
7977.0,4
7979.0,3
7981.0,2
7982.0,2
7983.0,4
7984.0,3
7986.0,2
7987.0,1
7988.0,3
7989.0,4
7990.0,2
7992.0,1
7993.0,2
7995.0,1
7996.0,4
7998.0,5
7999.0,3
8000.0,1
8002.0,1
8004.0,2
8005.0,2
8006.0,2
8007.0,1
8009.0,3
8010.0,3
8011.0,2
8012.0,4
8013.0,2
8014.0,1
8015.0,6
8018.0,4
8019.0,1
8020.0,4
8021.0,3
8022.0,1
8027.0,1
8028.0,3
8029.0,8
8031.0,1
8032.0,1
8035.0,4
8036.0,2
8037.0,1
8038.0,2
8040.0,1
8043.0,1
8045.0,4
8046.0,4
8048.0,2
8049.0,6
8050.0,4
8051.0,7
8052.0,1
8053.0,4
8054.0,5
8057.0,3
8058.0,1
8059.0,4
8060.0,1
8061.0,7
8062.0,5
8064.0,1
8066.0,1
8067.0,1
8068.0,3
8069.0,3
8070.0,1
8071.0,2
8072.0,1
8075.0,3
8078.0,1
8079.0,1
8080.0,2
8081.0,4
8082.0,4
8083.0,7
8084.0,1
8085.0,1
8087.0,3
8088.0,1
8089.0,2
8092.0,2
8093.0,1
8095.0,6
8098.0,3
8099.0,1
8101.0,2
8103.0,2
8104.0,1
8105.0,1
8106.0,1
8107.0,1
8108.0,4
8109.0,2
8110.0,1
8113.0,5
8115.0,2
8116.0,3
8121.0,1
8122.0,2
8123.0,1
8124.0,6
8125.0,2
8131.0,2
8132.0,3
8133.0,1
8134.0,2
8135.0,1
8139.0,2
8140.0,2
8142.0,1
8143.0,3
8144.0,3
8146.0,4
8147.0,1
8148.0,2
8149.0,2
8150.0,1
8151.0,1
8152.0,1
8153.0,6
8154.0,2
8156.0,3
8157.0,2
8163.0,3
8164.0,5
8165.0,1
8166.0,2
8167.0,1
8168.0,1
8170.0,1
8171.0,4
8172.0,2
8173.0,5
8175.0,3
8177.0,5
8178.0,4
8180.0,4
8181.0,1
8182.0,2
8183.0,3
8185.0,4
8186.0,5
8187.0,2
8188.0,7
8189.0,2
8190.0,3
8191.0,2
8192.0,3
8195.0,4
8196.0,3
8197.0,1
8198.0,2
8199.0,1
8202.0,1
8204.0,2
8210.0,1
8211.0,1
8212.0,2
8213.0,4
8214.0,1
8215.0,4
8216.0,2
8219.0,1
8220.0,3
8221.0,2
8226.0,5
8227.0,3
8229.0,1
8230.0,3
8231.0,1
8233.0,6
8234.0,1
8235.0,4
8236.0,1
8237.0,7
8238.0,3
8239.0,1
8240.0,1
8241.0,1
8242.0,6
8243.0,1
8244.0,1
8246.0,2
8247.0,4
8251.0,1
8252.0,1
8253.0,3
8254.0,1
8255.0,1
8256.0,1
8260.0,1
8261.0,1
8262.0,5
8263.0,4
8264.0,2
8267.0,2
8268.0,2
8269.0,3
8270.0,1
8271.0,1
8273.0,3
8274.0,9
8275.0,2
8279.0,3
8280.0,4
8282.0,5
8284.0,3
8285.0,8
8286.0,1
8287.0,1
8288.0,4
8289.0,1
8291.0,1
8292.0,5
8294.0,3
8295.0,3
8296.0,2
8299.0,4
8300.0,2
8301.0,1
8302.0,5
8303.0,2
8305.0,3
8306.0,1
8308.0,1
8309.0,2
8312.0,3
8313.0,2
8315.0,6
8317.0,1
8320.0,1
8321.0,4
8322.0,5
8323.0,1
8325.0,4
8326.0,9
8327.0,2
8328.0,1
8330.0,1
8331.0,4
8332.0,1
8333.0,1
8334.0,6
8335.0,4
8337.0,1
8339.0,1
8341.0,3
8343.0,2
8344.0,1
8345.0,3
8348.0,3
8351.0,2
8352.0,2
8356.0,1
8357.0,7
8358.0,5
8359.0,2
8360.0,1
8362.0,1
8363.0,5
8365.0,3
8366.0,1
8367.0,2
8372.0,5
8373.0,1
8375.0,7
8376.0,6
8378.0,3
8379.0,4
8380.0,4
8381.0,6
8383.0,3
8385.0,3
8387.0,1
8389.0,9
8390.0,1
8392.0,5
8393.0,5
8394.0,6
8395.0,8
8396.0,4
8399.0,2
8401.0,4
8402.0,1
8403.0,1
8405.0,2
8407.0,5
8408.0,3
8409.0,6
8410.0,2
8411.0,2
8414.0,2
8417.0,1
8419.0,2
8423.0,5
8425.0,2
8426.0,1
8427.0,2
8428.0,3
8429.0,6
8430.0,1
8431.0,5
8434.0,1
8435.0,7
8436.0,5
8438.0,5
8440.0,3
8444.0,5
8445.0,3
8446.0,4
8448.0,1
8451.0,3
8453.0,3
8455.0,3
8456.0,4
8457.0,7
8458.0,4
8459.0,2
8460.0,1
8461.0,2
8463.0,3
8464.0,5
8465.0,1
8466.0,3
8468.0,3
8469.0,2
8470.0,3
8471.0,2
8472.0,2
8473.0,2
8474.0,4
8475.0,12
8477.0,1
8478.0,1
8479.0,4
8481.0,10
8484.0,1
8485.0,4
8487.0,1
8488.0,4
8489.0,2
8490.0,4
8491.0,1
8492.0,4
8494.0,4
8495.0,4
8497.0,2
8501.0,4
8503.0,1
8504.0,5
8507.0,1
8508.0,9
8509.0,2
8510.0,2
8511.0,4
8512.0,3
8513.0,4
8514.0,2
8515.0,4
8517.0,1
8518.0,2
8519.0,6
8520.0,1
8521.0,1
8523.0,2
8524.0,3
8525.0,1
8526.0,8
8527.0,1
8528.0,1
8530.0,4
8532.0,1
8533.0,1
8534.0,2
8535.0,2
8536.0,3
8537.0,4
8538.0,1
8540.0,8
8542.0,3
8543.0,1
8544.0,2
8546.0,4
8547.0,3
8548.0,3
8549.0,1
8550.0,3
8551.0,2
8552.0,2
8556.0,2
8557.0,1
8558.0,1
8559.0,5
8560.0,4
8561.0,4
8562.0,9
8564.0,3
8565.0,4
8567.0,1
8569.0,4
8571.0,4
8572.0,1
8573.0,4
8574.0,2
8575.0,3
8576.0,3
8577.0,6
8582.0,1
8583.0,5
8584.0,2
8585.0,2
8586.0,10
8587.0,2
8591.0,7
8593.0,4
8594.0,1
8598.0,3
8599.0,2
8600.0,2
8601.0,5
8602.0,4
8603.0,2
8604.0,9
8605.0,3
8606.0,2
8607.0,1
8608.0,1
8611.0,4
8612.0,3
8613.0,2
8616.0,1
8617.0,3
8620.0,5
8621.0,1
8623.0,1
8630.0,2
8631.0,1
8635.0,6
8636.0,4
8637.0,4
8639.0,5
8640.0,1
8641.0,3
8642.0,1
8643.0,7
8644.0,5
8645.0,2
8646.0,1
8647.0,1
8648.0,1
8651.0,2
8653.0,8
8654.0,1
8655.0,3
8656.0,3
8658.0,2
8662.0,2
8665.0,2
8667.0,8
8668.0,2
8669.0,1
8671.0,3
8672.0,3
8673.0,2
8674.0,1
8676.0,4
8677.0,1
8680.0,1
8682.0,8
8683.0,3
8684.0,1
8686.0,3
8687.0,4
8689.0,1
8690.0,4
8692.0,2
8693.0,5
8694.0,2
8695.0,3
8697.0,5
8698.0,4
8702.0,5
8703.0,1
8705.0,3
8706.0,2
8707.0,2
8708.0,1
8709.0,1
8710.0,1
8714.0,1
8715.0,4
8716.0,1
8717.0,1
8718.0,2
8719.0,2
8720.0,2
8721.0,2
8723.0,3
8724.0,1
8725.0,3
8726.0,6
8727.0,7
8729.0,1
8730.0,3
8736.0,2
8738.0,1
8739.0,2
8741.0,1
8743.0,5
8744.0,3
8745.0,1
8746.0,1
8747.0,4
8748.0,1
8749.0,1
8750.0,1
8751.0,9
8752.0,2
8754.0,1
8755.0,1
8756.0,3
8757.0,2
8758.0,1
8759.0,1
8761.0,2
8762.0,4
8763.0,1
8764.0,1
8766.0,1
8767.0,1
8770.0,5
8771.0,1
8774.0,6
8775.0,1
8777.0,1
8778.0,1
8779.0,1
8780.0,1
8781.0,8
8783.0,7
8785.0,1
8786.0,2
8787.0,1
8788.0,1
8789.0,6
8790.0,4
8796.0,2
8797.0,1
8798.0,2
8800.0,2
8801.0,2
8802.0,1
8803.0,8
8805.0,2
8806.0,1
8807.0,5
8808.0,2
8810.0,4
8812.0,1
8813.0,2
8815.0,1
8817.0,4
8818.0,2
8819.0,7
8821.0,1
8824.0,2
8825.0,1
8826.0,4
8828.0,6
8829.0,3
8830.0,2
8831.0,1
8832.0,2
8833.0,1
8834.0,1
8835.0,2
8836.0,1
8837.0,2
8838.0,3
8839.0,1
8840.0,1
8842.0,1
8843.0,2
8844.0,1
8845.0,2
8847.0,3
8849.0,2
8850.0,1
8851.0,2
8852.0,1
8853.0,2
8854.0,1
8855.0,4
8858.0,2
8859.0,2
8861.0,6
8865.0,2
8866.0,1
8869.0,2
8870.0,3
8872.0,2
8873.0,1
8874.0,7
8876.0,1
8878.0,2
8879.0,2
8881.0,1
8885.0,3
8886.0,2
8887.0,1
8888.0,2
8889.0,4
8892.0,5
8893.0,1
8894.0,5
8897.0,3
8898.0,2
8900.0,2
8901.0,2
8902.0,6
8903.0,4
8904.0,3
8905.0,6
8906.0,4
8907.0,3
8910.0,1
8911.0,4
8912.0,2
8915.0,1
8916.0,2
8917.0,1
8919.0,8
8920.0,1
8922.0,9
8924.0,11
8925.0,1
8926.0,3
8927.0,4
8929.0,1
8930.0,4
8931.0,3
8932.0,1
8933.0,4
8934.0,2
8936.0,2
8937.0,6
8938.0,4
8940.0,1
8941.0,2
8942.0,1
8943.0,1
8944.0,5
8945.0,2
8946.0,6
8947.0,3
8949.0,4
8950.0,3
8951.0,5
8952.0,1
8953.0,4
8956.0,3
8958.0,1
8959.0,1
8961.0,4
8967.0,1
8969.0,2
8970.0,14
8971.0,2
8972.0,1
8973.0,1
8974.0,1
8976.0,1
8978.0,4
8981.0,2
8982.0,1
8984.0,4
8987.0,1
8988.0,7
8989.0,1
8990.0,3
8993.0,2
8994.0,3
8995.0,3
8996.0,2
8998.0,5
8999.0,1
9000.0,5
9001.0,4
9002.0,1
9003.0,1
9005.0,4
9007.0,1
9008.0,2
9009.0,1
9010.0,5
9011.0,1
9012.0,5
9013.0,1
9014.0,3
9015.0,2
9017.0,2
9018.0,2
9019.0,3
9023.0,5
9025.0,3
9026.0,1
9027.0,3
9028.0,5
9029.0,1
9030.0,3
9031.0,2
9032.0,2
9033.0,1
9034.0,1
9035.0,1
9039.0,1
9040.0,4
9041.0,1
9043.0,4
9045.0,1
9046.0,6
9047.0,9
9049.0,1
9052.0,2
9053.0,3
9054.0,3
9055.0,1
9056.0,2
9057.0,1
9058.0,1
9059.0,3
9060.0,4
9061.0,1
9062.0,4
9063.0,2
9064.0,1
9065.0,3
9066.0,3
9068.0,2
9069.0,1
9070.0,1
9071.0,7
9072.0,3
9073.0,1
9075.0,3
9076.0,2
9077.0,1
9079.0,3
9080.0,1
9081.0,2
9082.0,2
9084.0,3
9085.0,3
9086.0,3
9087.0,2
9088.0,1
9089.0,9
9090.0,4
9091.0,1
9093.0,1
9094.0,2
9095.0,2
9097.0,1
9099.0,4
9100.0,1
9101.0,1
9103.0,4
9105.0,1
9106.0,6
9107.0,1
9108.0,3
9110.0,1
9111.0,1
9112.0,3
9114.0,3
9117.0,9
9119.0,3
9121.0,1
9124.0,5
9125.0,2
9126.0,7
9129.0,1
9131.0,1
9132.0,2
9135.0,1
9136.0,3
9137.0,2
9138.0,7
9139.0,1
9140.0,1
9141.0,2
9142.0,5
9145.0,1
9146.0,3
9149.0,2
9150.0,2
9152.0,6
9153.0,3
9155.0,3
9157.0,5
9158.0,2
9159.0,3
9160.0,3
9161.0,2
9162.0,6
9163.0,2
9164.0,3
9167.0,2
9168.0,3
9170.0,1
9171.0,4
9173.0,2
9174.0,3
9175.0,1
9176.0,1
9177.0,1
9178.0,3
9179.0,1
9180.0,1
9181.0,1
9182.0,2
9183.0,1
9185.0,1
9187.0,3
9188.0,2
9189.0,5
9190.0,2
9192.0,6
9193.0,3
9194.0,1
9195.0,1
9198.0,3
9200.0,6
9203.0,3
9204.0,3
9205.0,4
9206.0,2
9207.0,1
9208.0,4
9210.0,4
9212.0,2
9213.0,1
9214.0,2
9215.0,1
9216.0,5
9217.0,3
9218.0,3
9219.0,3
9220.0,3
9223.0,4
9224.0,4
9225.0,8
9226.0,1
9228.0,2
9229.0,2
9233.0,4
9234.0,2
9235.0,2
9236.0,2
9239.0,3
9240.0,1
9241.0,1
9242.0,2
9243.0,2
9245.0,7
9246.0,1
9247.0,6
9248.0,2
9249.0,6
9250.0,3
9251.0,1
9252.0,6
9253.0,4
9254.0,3
9255.0,6
9258.0,3
9259.0,1
9260.0,3
9261.0,3
9263.0,2
9265.0,1
9266.0,5
9270.0,5
9271.0,6
9272.0,2
9274.0,1
9275.0,2
9277.0,2
9279.0,1
9280.0,1
9281.0,1
9284.0,3
9285.0,3
9286.0,4
9289.0,4
9292.0,1
9293.0,1
9295.0,2
9297.0,3
9298.0,3
9301.0,5
9304.0,3
9305.0,3
9306.0,2
9307.0,3
9308.0,2
9309.0,1
9310.0,2
9311.0,1
9312.0,1
9313.0,3
9317.0,2
9318.0,4
9319.0,8
9321.0,1
9324.0,5
9325.0,3
9326.0,4
9329.0,1
9332.0,3
9336.0,1
9337.0,7
9339.0,2
9341.0,1
9342.0,2
9343.0,1
9344.0,1
9345.0,6
9346.0,1
9347.0,3
9348.0,2
9350.0,7
9351.0,5
9353.0,2
9354.0,4
9355.0,2
9356.0,3
9358.0,1
9359.0,1
9361.0,7
9362.0,1
9363.0,3
9364.0,3
9366.0,1
9368.0,1
9370.0,2
9371.0,2
9372.0,6
9373.0,2
9374.0,1
9375.0,3
9376.0,1
9378.0,4
9380.0,5
9381.0,4
9383.0,1
9384.0,5
9385.0,3
9386.0,8
9387.0,1
9390.0,8
9391.0,7
9394.0,1
9400.0,3
9401.0,3
9404.0,3
9405.0,2
9407.0,4
9408.0,4
9410.0,3
9411.0,1
9414.0,1
9415.0,1
9416.0,5
9417.0,2
9418.0,1
9420.0,8
9421.0,1
9425.0,2
9430.0,5
9432.0,1
9434.0,3
9435.0,1
9436.0,5
9437.0,1
9438.0,7
9439.0,2
9440.0,1
9441.0,2
9442.0,3
9443.0,2
9444.0,2
9445.0,2
9448.0,1
9449.0,8
9450.0,6
9451.0,1
9452.0,1
9454.0,1
9455.0,2
9456.0,3
9458.0,4
9459.0,2
9460.0,5
9461.0,7
9462.0,3
9464.0,1
9465.0,3
9467.0,4
9468.0,4
9469.0,3
9472.0,1
9476.0,2
9477.0,1
9478.0,4
9479.0,2
9481.0,2
9488.0,2
9490.0,5
9491.0,2
9492.0,1
9493.0,3
9494.0,1
9495.0,1
9496.0,3
9500.0,2
9502.0,3
9504.0,1
9505.0,5
9506.0,4
9507.0,12
9508.0,10
9511.0,4
9512.0,3
9514.0,5
9515.0,2
9517.0,1
9518.0,3
9520.0,2
9521.0,3
9522.0,3
9523.0,1
9525.0,1
9527.0,1
9528.0,4
9529.0,1
9532.0,5
9533.0,1
9535.0,2
9536.0,4
9537.0,4
9538.0,3
9541.0,1
9542.0,1
9543.0,4
9544.0,2
9545.0,1
9546.0,4
9547.0,5
9548.0,3
9549.0,1
9550.0,4
9552.0,1
9555.0,3
9557.0,1
9560.0,1
9562.0,3
9563.0,1
9564.0,3
9565.0,1
9566.0,1
9567.0,2
9568.0,1
9570.0,2
9571.0,5
9572.0,6
9576.0,2
9577.0,5
9578.0,3
9579.0,1
9580.0,5
9581.0,7
9588.0,2
9591.0,1
9594.0,2
9595.0,1
9598.0,4
9601.0,2
9602.0,2
9603.0,4
9604.0,1
9605.0,1
9606.0,2
9608.0,7
9609.0,2
9610.0,3
9611.0,1
9612.0,3
9613.0,1
9615.0,1
9616.0,1
9617.0,7
9618.0,2
9620.0,4
9622.0,3
9624.0,1
9625.0,2
9626.0,1
9627.0,2
9628.0,1
9630.0,3
9631.0,2
9632.0,2
9633.0,2
9634.0,1
9636.0,1
9637.0,2
9638.0,1
9639.0,1
9641.0,2
9643.0,1
9644.0,4
9645.0,1
9647.0,3
9650.0,1
9651.0,3
9652.0,6
9654.0,3
9655.0,5
9656.0,6
9657.0,1
9658.0,5
9659.0,5
9660.0,4
9661.0,2
9662.0,1
9663.0,3
9664.0,1
9665.0,8
9666.0,1
9667.0,2
9668.0,4
9669.0,5
9670.0,3
9671.0,8
9672.0,1
9673.0,8
9674.0,4
9675.0,2
9677.0,1
9678.0,7
9679.0,1
9681.0,1
9683.0,9
9684.0,7
9686.0,5
9687.0,1
9688.0,1
9689.0,3
9690.0,7
9692.0,4
9693.0,1
9695.0,4
9696.0,7
9697.0,6
9699.0,1
9703.0,1
9704.0,2
9705.0,4
9706.0,1
9707.0,2
9708.0,10
9709.0,2
9710.0,3
9715.0,1
9716.0,1
9717.0,1
9718.0,2
9720.0,6
9721.0,2
9722.0,5
9723.0,1
9724.0,6
9725.0,2
9726.0,5
9730.0,4
9731.0,2
9732.0,1
9735.0,1
9740.0,2
9741.0,1
9744.0,4
9746.0,1
9747.0,3
9749.0,6
9750.0,1
9751.0,1
9753.0,2
9755.0,1
9759.0,3
9760.0,2
9764.0,5
9765.0,1
9766.0,1
9767.0,9
9768.0,4
9770.0,8
9771.0,2
9772.0,1
9773.0,4
9774.0,1
9775.0,4
9776.0,5
9778.0,1
9781.0,8
9785.0,1
9787.0,3
9791.0,6
9793.0,4
9794.0,1
9795.0,2
9797.0,1
9798.0,3
9799.0,1
9805.0,5
9806.0,1
9808.0,1
9809.0,1
9810.0,2
9811.0,1
9812.0,1
9814.0,1
9815.0,5
9816.0,3
9817.0,1
9821.0,1
9828.0,6
9833.0,2
9834.0,4
9835.0,1
9839.0,2
9840.0,7
9841.0,3
9842.0,6
9843.0,3
9845.0,3
9846.0,3
9848.0,4
9849.0,4
9850.0,1
9851.0,3
9853.0,3
9855.0,4
9856.0,7
9857.0,1
9859.0,5
9861.0,2
9862.0,6
9863.0,6
9864.0,1
9865.0,6
9868.0,3
9870.0,1
9871.0,2
9873.0,3
9876.0,1
9878.0,1
9879.0,2
9880.0,2
9881.0,4
9884.0,3
9885.0,4
9886.0,2
9887.0,2
9888.0,1
9890.0,3
9891.0,4
9893.0,2
9895.0,3
9898.0,1
9899.0,1
9900.0,4
9901.0,1
9902.0,2
9904.0,1
9905.0,6
9906.0,1
9909.0,1
9910.0,6
9911.0,1
9912.0,10
9914.0,1
9916.0,2
9919.0,1
9920.0,6
9921.0,3
9922.0,6
9924.0,5
9925.0,1
9926.0,3
9927.0,1
9928.0,1
9929.0,4
9931.0,3
9932.0,2
9934.0,2
9935.0,4
9938.0,3
9939.0,1
9943.0,4
9947.0,8
9948.0,1
9951.0,3
9952.0,2
9953.0,3
9955.0,1
9958.0,5
9961.0,1
9963.0,3
9965.0,1
9966.0,1
9967.0,5
9969.0,3
9970.0,4
9971.0,1
9972.0,3
9973.0,1
9974.0,1
9975.0,1
9976.0,3
9979.0,2
9980.0,6
9982.0,2
9989.0,1
9997.0,1
