punk_id,eth_pc_change,txn_num
0.0,14.625,3
1.0,0.935483870967742,3
14.0,0.3513513513513513,3
53.0,4.908636363636364,3
116.0,1.0,2
118.0,0.0098765432098764,2
138.0,0.3807142857142858,5
139.0,0.9112850619699936,4
141.0,0.1621065019123271,2
143.0,0.0909090909090908,3
150.0,0.085859375,2
160.0,0.3249999999999999,3
161.0,0.1619480519480518,3
169.0,0.2444444444444444,4
173.0,0.9980000000000002,2
197.0,0.015625,4
211.0,3.8744186046511615,2
229.0,0.04125,2
234.0,1.7611044417767108,2
239.0,0.0936073059360731,2
240.0,0.1282051282051282,6
252.0,0.6666666666666667,3
257.0,0.057293899128447,6
258.0,0.41725719049604,3
260.0,1.9166666666666663,5
273.0,9.0,5
285.0,0.0666888962987661,2
286.0,0.1102220444088817,2
287.0,0.0227272727272727,4
291.0,0.3809523809523809,2
294.0,0.92,4
308.0,2.075313807531381,2
312.0,0.9047619047619048,2
318.0,0.0377358490566037,2
322.0,0.3333333333333332,2
328.0,0.2380952380952381,3
329.0,0.0849673202614378,3
335.0,1.6666666666666663,3
339.0,0.5419354838709678,5
341.0,4.002000800320128,2
342.0,0.2317764804003335,3
349.0,0.1117749084602042,2
352.0,0.0447928331466964,2
353.0,5.253908692933083,4
355.0,0.25,2
365.0,1.217342968315731,3
368.0,1.1875,5
376.0,0.0674759014637629,3
381.0,0.6006402561024411,3
384.0,1.0083333333333333,2
399.0,0.0445454545454546,2
402.0,0.0494999999999998,2
406.0,0.3695652173913044,5
407.0,0.0465116279069768,2
422.0,2.2866533295227205,2
423.0,2.208955223880597,2
426.0,8.975,2
430.0,0.9121734296831574,2
435.0,1.2779043280182232,2
445.0,1.0422535211267605,3
446.0,1.2718181818181815,2
447.0,0.4634146341463414,4
457.0,0.3388392857142857,3
470.0,0.0608938547486033,2
473.0,0.3039130434782608,2
483.0,2.997057381069152,7
486.0,0.0256410256410255,4
488.0,0.0904361744697879,2
490.0,0.8841911764705883,2
494.0,0.4666666666666665,5
497.0,0.1558572146807439,4
503.0,1.82089552238806,2
505.0,1.0198019801980198,2
506.0,0.2414897877452944,4
509.0,0.0952380952380953,3
510.0,13.366666666666667,2
512.0,2.4780434782608696,4
522.0,0.0609275538041831,3
534.0,0.1407608695652173,4
538.0,0.0421008753647353,2
548.0,0.0447999999999999,7
550.0,0.3156140350877192,2
551.0,0.0391666666666667,3
561.0,0.3333333333333332,3
563.0,1.7142857142857144,2
570.0,0.3263265306122447,2
573.0,12.756190476190476,3
586.0,0.3177512355848435,6
588.0,0.6666666666666667,2
591.0,0.0619047619047619,2
593.0,0.5555555555555556,2
608.0,3.4444444444444446,4
610.0,6.617728531855956,4
613.0,0.2805965310423084,4
616.0,0.941747572815534,6
618.0,0.0428954423592493,6
622.0,1.718204488778055,4
627.0,51.0,4
632.0,0.4492753623188406,2
636.0,0.2725454545454544,5
638.0,0.3846153846153846,4
639.0,8.548387096774194,4
642.0,0.2444444444444444,6
643.0,0.868629671574179,4
648.0,0.7781729273171816,3
650.0,0.3042608695652173,2
660.0,0.2578616352201257,4
661.0,4.523809523809524,4
669.0,0.0997772828507796,3
678.0,0.1123076923076924,2
682.0,0.004606365159129,4
686.0,0.3501350135013501,3
690.0,0.4461866341908966,2
695.0,0.0186666666666668,2
698.0,1.0001818347122469,3
700.0,0.0351275544276745,2
703.0,4.352676338169085,2
709.0,0.27,6
715.0,0.0872727272727271,2
716.0,0.3264285714285715,2
717.0,0.0707070707070707,4
718.0,0.0907792207792206,2
729.0,0.0869565217391303,3
730.0,0.1136363636363635,2
735.0,1.7052104208416838,2
743.0,0.3473333333333335,4
749.0,0.5005001667222408,2
750.0,1.574031890660592,5
751.0,6.671232876712328,4
769.0,0.109789932619897,7
773.0,0.2952380952380953,5
774.0,0.0909090909090908,2
777.0,11.659999999999998,2
782.0,0.9996,4
784.0,0.6668518724302701,3
794.0,0.1475409836065573,3
797.0,0.0454545454545454,5
800.0,0.1227313420688531,2
803.0,0.2004008016032064,4
807.0,0.4333333333333333,3
812.0,2.333333333333333,2
814.0,0.0683898761443186,3
817.0,0.8907563025210083,3
819.0,0.1666666666666667,2
824.0,4.405405405405405,3
825.0,0.2184375,3
827.0,0.6000000000000001,3
838.0,4.88235294117647,2
845.0,1.2064705882352942,2
852.0,0.3629629629629629,5
853.0,0.1071428571428572,2
855.0,0.3355614973262033,4
857.0,0.0952380952380953,2
861.0,44.333333333333336,5
862.0,0.2913284132841327,2
875.0,1.6,2
877.0,1.7058823529411766,3
880.0,0.675,3
886.0,0.1194348173820316,5
891.0,0.8180909090909092,3
898.0,0.066,3
900.0,0.0346060675971853,2
906.0,0.0493523528447286,4
907.0,0.7253626813406706,5
913.0,0.0994999999999999,2
914.0,0.2058823529411764,2
915.0,1.8634361233480177,2
916.0,0.8103448275862069,3
920.0,0.0892307692307692,5
923.0,0.2304347826086956,4
924.0,0.9977037037037038,3
931.0,4.88235294117647,2
939.0,0.6000000000000001,2
948.0,1.0,2
952.0,0.1614999999999999,4
965.0,0.5714285714285714,2
973.0,0.0554444444444444,2
981.0,0.4851421188630489,3
991.0,1.6322716504343249,3
992.0,44.0,2
993.0,3.9,2
998.0,1.258064516129032,5
1000.0,2.34075723830735,4
1001.0,7.9743589743589745,4
1005.0,0.3999999999999999,2
1006.0,0.0102000784621421,3
1007.0,1.5892857142857144,2
1009.0,0.917808219178082,3
1010.0,1.7777777777777777,2
1011.0,4.192872117400419,6
1013.0,1.146355517142034,3
1027.0,18.332666666666668,3
1029.0,0.1060606060606059,4
1030.0,0.0443864229765011,6
1036.0,5.666666666666667,2
1041.0,0.1790393013100437,2
1043.0,0.2233707865168539,2
1044.0,2.5063291139240502,2
1045.0,0.0838028169014084,3
1052.0,0.0999999999999998,2
1054.0,0.0404347826086957,4
1060.0,1.8285714285714287,2
1071.0,0.0615624999999999,3
1072.0,2.782079164854285,7
1075.0,0.0663554518172724,4
1084.0,6.666666666666667,3
1091.0,0.0736842105263158,3
1092.0,0.0227272727272727,8
1094.0,2.92156862745098,3
1095.0,0.4522218995062446,3
1096.0,0.625,2
1100.0,0.2570548999486917,4
1102.0,2.6666666666666665,7
1110.0,0.1983345181273483,3
1116.0,1.1428571428571428,3
1118.0,1.262295081967213,4
1119.0,0.3334666666666668,3
1123.0,0.1333333333333333,3
1127.0,0.001001001001001,6
1129.0,0.018875047187618,2
1139.0,0.0181969949916527,7
1142.0,3.2608373471656176,2
1155.0,0.6265264586160109,5
1160.0,40.8,2
1161.0,0.1251497005988024,5
1162.0,1.5529787234042551,2
1170.0,0.6363636363636362,2
1173.0,0.0898395721925133,2
1175.0,0.2660731948565777,2
1180.0,0.4776119402985075,4
1183.0,4.976331360946746,2
1190.0,11.5,3
1196.0,1.0,2
1205.0,0.3658536585365854,3
1209.0,2.3987915407854983,4
1210.0,0.3333333333333332,2
1211.0,0.6666666666666665,2
1212.0,0.293588301462317,4
1215.0,0.5320158102766797,4
1216.0,2.0,2
1225.0,39.0,2
1234.0,0.1,2
1238.0,4.617977528089887,2
1240.0,0.4375,2
1241.0,17.166666666666668,4
1243.0,0.4167361226871144,3
1244.0,0.95,5
1251.0,3.3030303030303028,4
1253.0,1.367696099753516,2
1254.0,0.0438413361169103,7
1256.0,0.3333333333333335,2
1257.0,0.2666666666666668,2
1267.0,0.2985,3
1269.0,0.9252336448598132,5
1271.0,1.2988505747126435,2
1275.0,10.998333333333331,2
1279.0,0.2974000000000001,2
1280.0,0.1041666666666667,2
1287.0,1.4109677419354836,3
1289.0,0.371275389215383,2
1299.0,0.0417536534446765,5
1302.0,2.4,3
1308.0,0.9230769230769232,2
1315.0,0.3510810810810811,4
1316.0,0.0292079207920792,7
1319.0,0.1292372881355932,2
1320.0,0.3006503251625814,2
1321.0,0.0778859527121,3
1324.0,0.1168548387096775,7
1325.0,0.2758974358974357,3
1326.0,4.052631578947368,2
1328.0,1.0,2
1330.0,5.666666666666666,4
1334.0,0.4583333333333332,2
1335.0,0.3355704697986577,3
1338.0,21.0,4
1345.0,0.0437499999999999,2
1349.0,3.085470085470085,4
1350.0,1.2489999999999997,2
1351.0,35.3,2
1360.0,0.1481481481481481,4
1362.0,0.1825000000000001,13
1369.0,0.8656661108022976,11
1378.0,0.028142589118199,3
1379.0,7.013355592654424,3
1385.0,0.0285714285714284,6
1386.0,0.0869565217391303,7
1388.0,0.900826446280992,2
1389.0,0.3484126984126983,2
1392.0,5.547521600727603,5
1394.0,0.1739130434782609,5
1396.0,1.4024024024024024,2
1397.0,0.6666666666666667,5
1401.0,4.897435897435898,6
1402.0,0.0173913043478259,2
1407.0,0.1999999999999999,2
1416.0,12.249999999999998,4
1417.0,0.3518562874251496,4
1420.0,0.5147184909974278,3
1426.0,2.9644970414201186,3
1435.0,0.3091666666666668,2
1436.0,0.1428571428571428,8
1439.0,0.0098273328434974,4
1440.0,1.931034482758621,5
1443.0,25.0,2
1446.0,0.0778975441715745,6
1447.0,19.48192771084337,3
1448.0,0.2199999999999999,2
1451.0,0.0588235294117647,4
1454.0,0.0717391304347827,7
1456.0,0.5208333333333333,5
1458.0,6.537688442211056,4
1462.0,0.1148275862068965,4
1467.0,0.0005717552887365,6
1469.0,0.0684491978609627,6
1474.0,0.4059375,3
1475.0,2.6198738170347005,5
1476.0,0.1200000000000001,5
1479.0,1.0,2
1480.0,0.04609375,4
1482.0,0.1203007518796992,9
1490.0,5.0,2
1495.0,0.3081954597922278,2
1502.0,0.3681135225375627,4
1504.0,0.908763505402161,2
1509.0,0.0461538461538462,2
1510.0,0.349,2
1513.0,0.1625581395348838,4
1514.0,1.25,2
1516.0,0.2670890296765589,3
1517.0,1.0,2
1519.0,0.6181818181818182,3
1521.0,2.6681818181818184,2
1522.0,1.0144927536231885,4
1523.0,0.0588235294117647,2
1524.0,0.1,3
1527.0,0.26,2
1532.0,0.2097447021525111,4
1535.0,0.0434971726837756,3
1537.0,3.4444444444444446,4
1546.0,2.363157894736842,4
1548.0,18.696,2
1555.0,0.5360745001718308,2
1558.0,1.272727272727273,4
1561.0,2.6929099608525453,5
1564.0,0.0264150943396226,4
1565.0,0.5208333333333333,5
1566.0,1.0,2
1575.0,0.0687692307692307,4
1580.0,0.1316176470588235,3
1581.0,1.0,2
1585.0,0.0421008753647353,7
1586.0,0.0837849103793249,6
1587.0,0.25,2
1588.0,4.555555555555555,4
1589.0,0.6107382550335569,4
1590.0,19.0,2
1592.0,0.144736842105263,5
1594.0,9.825,2
1610.0,3.833333333333333,2
1611.0,0.8723404255319149,2
1614.0,0.091703056768559,2
1617.0,0.0555555555555555,2
1622.0,0.1627906976744186,2
1623.0,0.1499999999999999,6
1626.0,0.1456553448635131,3
1630.0,35.0,2
1631.0,0.2727272727272727,3
1633.0,0.4749262536873158,3
1636.0,8.5,3
1638.0,0.6399999999999999,2
1639.0,0.3176823176823178,2
1640.0,0.5722460658082975,6
1642.0,6.163636363636363,2
1648.0,0.295774647887324,7
1649.0,0.25,3
1650.0,33.831460674157306,3
1651.0,0.6025641025641026,2
1665.0,0.2734864300626305,2
1667.0,2.6297520661157026,3
1673.0,0.1520000000000001,2
1676.0,0.2708333333333332,5
1677.0,0.0290899729694942,6
1683.0,0.0909090909090908,7
1684.0,25.845637583892614,2
1689.0,1.2636363636363637,3
1691.0,6.407407407407407,4
1693.0,1.1100917431192658,8
1696.0,0.5316483516483517,2
1702.0,0.149,5
1703.0,0.1025641025641026,3
1710.0,0.4244680851063831,4
1711.0,0.1411944117452044,5
1716.0,1.710250569476082,4
1722.0,0.0888888888888888,4
1728.0,0.4179104477611941,3
1735.0,0.0441592920353981,5
1737.0,0.04,11
1743.0,1.462311557788945,2
1744.0,1.9158333333333333,2
1745.0,0.2222222222222223,3
1749.0,2.5294117647058822,4
1750.0,3.1042105263157893,2
1752.0,0.1946194619461947,3
1753.0,0.375,3
1757.0,2.3846153846153846,2
1760.0,2.725,2
1764.0,0.1316176470588235,4
1765.0,0.2650779641070901,2
1766.0,0.3546686062369306,2
1767.0,0.0253396988615497,5
1769.0,2.15,3
1770.0,0.1326666666666667,4
1771.0,0.8850666666666667,4
1773.0,4.502325581395349,5
1776.0,0.0452961672473868,4
1777.0,1.3793103448275863,2
1778.0,0.2493749999999999,4
1780.0,32.333333333333336,3
1781.0,0.0197775030902347,12
1784.0,1.85,3
1786.0,3.0,2
1791.0,0.0733496332518337,9
1793.0,0.2272727272727273,6
1794.0,0.0547945205479452,4
1796.0,0.2279069767441859,6
1797.0,5.578947368421053,5
1798.0,1.6470588235294117,4
1802.0,1.203220338983051,5
1803.0,0.0129870129870128,4
1804.0,0.1195652173913044,3
1813.0,0.1758823529411763,2
1814.0,0.5384615384615385,5
1817.0,0.0810810810810811,2
1824.0,0.56,3
1825.0,0.1848341232227488,5
1828.0,0.4968364968364969,3
1829.0,0.0768854064642505,4
1830.0,0.0612280701754386,5
1831.0,1.3611111111111112,2
1833.0,6.8,3
1834.0,0.0133333333333334,3
1836.0,0.1733333333333333,7
1839.0,4.538461538461538,2
1841.0,2.0,4
1842.0,0.7894736842105263,3
1846.0,0.25,2
1848.0,0.0271186440677964,3
1851.0,0.1200000000000001,2
1852.0,1.1008403361344534,5
1853.0,0.1577424023154849,4
1860.0,1.3600000000000003,3
1862.0,0.25,2
1870.0,2.3076923076923075,7
1872.0,0.5335889314885813,4
1875.0,0.6666666666666667,2
1878.0,2.142857142857143,2
1880.0,0.5064102564102564,4
1881.0,4.323529411764706,2
1884.0,0.0799199999999999,6
1889.0,0.433,3
1890.0,0.1834319526627219,6
1891.0,0.999333346662222,6
1901.0,1.45679012345679,2
1902.0,0.2416623909697282,3
1904.0,6.027027027027026,5
1905.0,0.6223067173637515,3
1908.0,0.6201117318435756,5
1932.0,1.9388235294117648,3
1934.0,13.375,2
1936.0,0.042535446205171,4
1937.0,0.0003847633705271,3
1941.0,0.1013767209011262,6
1942.0,0.0342528735632183,5
1943.0,0.0080165289256197,2
1944.0,0.5432098765432098,3
1946.0,4.641025641025641,3
1951.0,7.181818181818182,2
1961.0,0.0097087378640776,4
1963.0,55.09756097560976,2
1966.0,0.8909090909090909,9
1967.0,0.5555555555555556,4
1970.0,5.0,5
1979.0,1.0833333333333337,2
1987.0,3.761904761904762,2
1991.0,0.2786286356610932,6
2006.0,0.0014836795252224,5
2008.0,0.1899999999999999,3
2011.0,0.1200000000000001,2
2013.0,0.3541666666666667,2
2015.0,1.1777777777777776,4
2016.0,0.1838157894736842,3
2017.0,0.3557894736842106,2
2023.0,0.0549999999999999,5
2028.0,0.1644736842105263,3
2031.0,4.067567567567568,4
2036.0,0.1052941176470587,8
2037.0,0.9438202247191012,3
2039.0,0.4695222405271828,8
2041.0,0.3098356751607525,2
2042.0,1.875,2
2043.0,3.216867469879518,9
2044.0,1.3749999999999996,2
2047.0,0.2353197042192258,2
2050.0,0.0502283105022831,4
2054.0,4.36036036036036,4
2058.0,0.0468241618333569,3
2061.0,0.1088889292921948,5
2067.0,0.1391191806491789,9
2068.0,5.452042580645161,2
2069.0,24.789473684210527,2
2079.0,0.0969999999999999,4
2086.0,2.365853658536585,3
2088.0,0.0101061141990903,5
2094.0,7.076923076923077,4
2097.0,2.359375,3
2099.0,0.0333333333333334,6
2102.0,0.0388627187079408,6
2106.0,2.833333333333333,3
2108.0,3.45,3
2110.0,2.7,2
2111.0,1.380952380952381,4
2112.0,0.7241379310344827,2
2113.0,28.125000000000004,5
2125.0,0.1677272727272727,4
2126.0,0.0369135802469136,6
2127.0,0.4285714285714286,5
2128.0,0.2571428571428571,7
2129.0,1.613636363636363,3
2135.0,8.16955017301038,6
2136.0,11.61081081081081,4
2139.0,2.1832651205093225,3
2140.0,1.1333333333333333,3
2141.0,39.25,2
2142.0,0.3888888888888888,3
2149.0,52.0,2
2150.0,0.0392609699769053,5
2151.0,0.7878787878787876,3
2153.0,0.6477272727272725,3
2154.0,0.6666666666666667,3
2156.0,0.1539645881447267,5
2158.0,2.333333333333333,4
2160.0,0.3629870129870129,4
2161.0,4.0,2
2163.0,0.0746606334841628,2
2168.0,0.5326666666666666,5
2172.0,10.428571428571429,3
2173.0,0.4497041420118344,3
2175.0,1.4285714285714284,3
2182.0,2.1818181818181817,3
2184.0,1.7254545454545456,3
2188.0,8.195402298850574,3
2190.0,0.3333333333333332,2
2191.0,0.53125,2
2193.0,0.116032928263426,2
2194.0,0.0826446280991737,4
2196.0,1.1818181818181817,2
2200.0,0.0810810810810811,3
2202.0,9.0,2
2205.0,0.432748538011696,3
2209.0,1.6615384615384614,5
2210.0,2.2789425706472195,4
2212.0,4.555555555555555,5
2213.0,0.2219999999999999,3
2220.0,0.1657926583299718,4
2221.0,0.3501350135013501,5
2223.0,0.2025316455696202,8
2227.0,1.985074626865672,4
2228.0,19.0,3
2231.0,0.9909090909090909,2
2235.0,0.1707317073170731,4
2236.0,0.2155716264040623,4
2237.0,1.0270270270270272,2
2238.0,0.3846153846153846,10
2241.0,3.018367346938775,3
2245.0,0.28,3
2248.0,0.6713983050847456,5
2249.0,7.886810102899906,4
2250.0,0.0133333333333334,2
2253.0,0.05,4
2257.0,0.089430894308943,6
2259.0,7.291666666666666,2
2261.0,0.375,3
2263.0,0.328125,5
2268.0,0.4001400140014002,2
2275.0,0.0198019801980198,2
2276.0,0.9565217391304348,2
2281.0,0.3571428571428572,4
2286.0,11.970297029702971,5
2289.0,12.333333333333334,2
2290.0,0.249004210765904,4
2291.0,3.791946308724832,3
2292.0,24.503355704697988,3
2294.0,0.8333333333333333,2
2297.0,1.2801302931596092,4
2306.0,2.688,2
2308.0,2.4871794871794872,6
2309.0,0.5,2
2310.0,1.389937106918239,7
2311.0,2.536949347108624,2
2313.0,0.8999999999999999,4
2314.0,0.4243589743589742,4
2315.0,4.204724409448819,3
2317.0,0.0232432432432432,6
2320.0,0.1225,4
2321.0,0.2166666666666665,5
2325.0,2.463157894736842,2
2326.0,14.625,4
2327.0,0.1934011934011934,6
2328.0,0.158235294117647,4
2329.0,2.2142857142857144,6
2333.0,0.2881355932203389,3
2336.0,0.4813999999999998,3
2339.0,13.634146341463415,2
2340.0,32.064516129032256,2
2342.0,0.2205882352941177,4
2343.0,0.1670556852284095,4
2347.0,0.0926666666666666,8
2348.0,0.0188797986154813,5
2350.0,0.4995833333333335,3
2353.0,0.1999999999999999,3
2354.0,0.0853154084798344,11
2358.0,0.1999999999999999,3
2363.0,0.1842167590355738,2
2366.0,0.1067158540379571,4
2367.0,0.431980906921241,4
2374.0,0.5433333333333332,4
2376.0,0.1634328358208956,5
2377.0,7.013355592654424,5
2378.0,0.119047619047619,4
2379.0,0.4991071428571429,7
2381.0,0.1864406779661016,3
2382.0,0.2772277227722772,6
2386.0,1.5666666666666669,3
2388.0,35.66666666666667,2
2389.0,0.509433962264151,4
2390.0,0.0476190476190476,8
2392.0,1.1226415094339623,4
2394.0,0.5830245874031659,3
2396.0,0.951219512195122,2
2398.0,15.363636363636363,4
2402.0,5.444444444444445,2
2404.0,2.152272727272727,4
2405.0,0.1666666666666667,7
2406.0,2.4442222222222223,5
2407.0,5.565656565656566,3
2408.0,0.4141414141414141,5
2409.0,0.1789924973204717,2
2417.0,0.3743750000000001,4
2420.0,1.5,2
2421.0,0.8850415512465373,4
2423.0,23.5,2
2426.0,1.2000000000000002,4
2429.0,0.0923809523809524,3
2430.0,0.8999999999999999,5
2435.0,0.5262023855328972,3
2438.0,0.036697247706422,3
2440.0,0.1302643573381949,9
2441.0,0.5733333333333333,2
2443.0,0.3519999999999998,3
2445.0,0.8963337547408343,2
2447.0,0.1183431952662721,3
2450.0,3.8144444444444447,8
2452.0,0.8571428571428572,5
2457.0,0.0659259259259259,7
2458.0,0.0375,8
2464.0,0.5557284142682521,3
2466.0,1.4,2
2469.0,0.1630434782608696,7
2471.0,7.74375,4
2473.0,0.2714912280701753,3
2476.0,0.6171428571428572,6
2478.0,6.142857142857143,2
2480.0,1.7360526315789473,5
2481.0,0.6764557811713374,8
2482.0,0.2474999999999998,2
2483.0,6.286440677966102,5
2484.0,1.7428571428571429,4
2486.0,55.7027027027027,4
2488.0,2.84375,4
2498.0,0.0702472830366987,3
2499.0,3.352941176470588,2
2501.0,1.6435555555555554,7
2502.0,1.34375,6
2504.0,32.333333333333336,2
2505.0,0.5011764705882353,2
2522.0,0.030252100840336,6
2523.0,0.6949152542372881,3
2529.0,0.7365269461077846,3
2531.0,0.0708333333333333,2
2535.0,0.5,3
2537.0,0.0035087719298245,2
2539.0,9.73691275167785,3
2540.0,18.23076923076923,2
2541.0,0.6002400960384155,2
2542.0,0.1238271986802763,8
2544.0,0.4028056112224447,3
2546.0,0.3892335401240745,3
2548.0,0.1999999999999999,2
2550.0,4.0,5
2553.0,0.4378823529411764,3
2556.0,0.3953488372093023,3
2557.0,3.0,5
2558.0,4.827505827505828,3
2570.0,0.3969705630180051,4
2572.0,2.986636971046771,6
2575.0,4.294117647058823,2
2577.0,4.393649412788169,5
2579.0,2.6697247706422016,2
2580.0,2.2857142857142856,3
2581.0,0.3333333333333332,7
2582.0,23.95,2
2584.0,0.051021897810219,4
2586.0,0.2118644067796611,4
2587.0,56.85416666666667,2
2588.0,0.0192307692307691,2
2589.0,3.0,4
2591.0,2.9986666666666664,2
2592.0,0.7073170731707317,3
2593.0,2.522727272727273,2
2595.0,0.0109519797809605,4
2598.0,0.7,2
2599.0,5.891084337349398,2
2603.0,0.510204081632653,3
2607.0,2.725,2
2609.0,1.7777777777777777,4
2612.0,0.0827586206896551,2
2616.0,0.826086956521739,4
2619.0,0.8462958689129931,5
2621.0,1.0256410256410255,2
2624.0,40.02564102564102,4
2626.0,0.0139108569574561,2
2631.0,0.0052631578947368,4
2632.0,0.75,4
2633.0,6.150993377483444,3
2634.0,0.1280991735537189,6
2635.0,0.1724290780141841,3
2636.0,0.3708067646243416,5
2637.0,1.0,3
2639.0,1.457627118644068,2
2640.0,2.978494623655914,2
2641.0,8.334027835665836e-05,5
2645.0,0.5555555555555556,2
2648.0,1.2017304189435336,5
2652.0,3.383561643835616,5
2653.0,1.169230769230769,4
2654.0,2.222,6
2659.0,0.1877133105802049,4
2660.0,0.3043478260869565,2
2661.0,0.2645348837209302,5
2668.0,0.4924924924924925,3
2669.0,1.3698630136986305,6
2670.0,0.48,3
2671.0,0.4599999999999999,3
2673.0,0.2528473804100228,7
2674.0,1.7864553314121037,4
2677.0,0.155,5
2679.0,0.333587349971423,3
2681.0,2.249097472924188,3
2684.0,0.1015402843601895,5
2686.0,0.3333333333333332,3
2688.0,0.4701729615248853,7
2689.0,0.1932835820895522,3
2695.0,0.2350000000000001,3
2698.0,1.2222222222222223,2
2699.0,0.1144050104384135,4
2702.0,1.512562814070352,2
2707.0,4.265929436545551,2
2713.0,1.0735849056603777,6
2714.0,0.058723404255319,7
2715.0,1.334266853370674,4
2719.0,0.7204301075268817,3
2720.0,0.1999999999999999,3
2721.0,0.1587301587301588,5
2724.0,2.628947368421053,4
2726.0,4.135730007336757,2
2728.0,27.9875,3
2729.0,1.5,3
2730.0,0.2165450121654499,3
2733.0,5.270096463022508,3
2735.0,0.1303478260869566,3
2738.0,0.3532307692307692,6
2744.0,0.8205828779599269,4
2745.0,0.2407407407407407,2
2746.0,2.0,2
2749.0,0.2190476190476191,2
2750.0,0.1666666666666667,3
2752.0,13.285714285714286,2
2753.0,10.333333333333334,3
2758.0,6.477386934673367,4
2760.0,0.4476614699331849,5
2761.0,0.7249999999999999,3
2762.0,0.1405509738550623,5
2767.0,0.3448090371167294,4
2768.0,1.5,2
2769.0,20.13085606773281,2
2770.0,0.5384615384615385,4
2771.0,0.276470588235294,5
2772.0,18.99090909090909,3
2774.0,0.4324461773181896,4
2778.0,5.0,2
2780.0,0.0994999999999999,2
2781.0,2.703703703703704,2
2782.0,0.0445454545454546,3
2785.0,0.537062937062937,8
2787.0,0.338432122370937,4
2788.0,0.5223097112860893,6
2789.0,0.25,3
2790.0,3.3320825515947465,5
2795.0,29.135593220338983,4
2801.0,0.7499999999999998,2
2805.0,0.1377375,7
2806.0,3.953316042978881,3
2816.0,0.0764305722288916,2
2819.0,22.0,2
2820.0,0.8459999999999999,2
2824.0,1.709963099630996,10
2825.0,5.48202710665881,6
2829.0,0.188118811881188,2
2832.0,0.0339855072463768,13
2833.0,0.7449999999999999,3
2834.0,0.2523933855526545,4
2835.0,0.1299999999999999,3
2845.0,0.0421008753647353,7
2850.0,0.3425714285714285,4
2852.0,0.0666666666666666,2
2853.0,0.0865217391304347,4
2855.0,0.4266666666666665,3
2856.0,3.1602465331278893,8
2862.0,4.0,4
2863.0,0.0419354838709677,10
2867.0,0.4285714285714286,2
2870.0,0.0505252626313157,3
2871.0,1.0,2
2872.0,0.375,2
2873.0,11.947368421052632,4
2875.0,13.142857142857144,2
2876.0,0.0196061873062147,4
2877.0,5.976744186046512,2
2878.0,0.0777777777777777,4
2879.0,5.25,2
2880.0,0.1000500250125062,6
2881.0,0.6923076923076923,3
2883.0,1.5025062656641603,4
2887.0,0.6666666666666667,4
2892.0,1.3333333333333337,3
2895.0,1.0434782608695654,2
2904.0,0.3475999999999999,2
2905.0,0.0146398028699812,6
2906.0,0.6000000000000001,4
2907.0,0.0700799999999999,13
2911.0,12.043478260869565,2
2914.0,1.1035714285714286,5
2915.0,10.627906976744184,3
2916.0,2.145478374836173,6
2921.0,0.0912296564195298,6
2924.0,20.428571428571427,3
2927.0,0.7071428571428571,2
2929.0,0.3896848137535815,3
2930.0,0.3789655172413793,3
2932.0,0.7237931034482759,2
2934.0,0.1056179775280898,3
2937.0,0.7092307692307691,13
2939.0,0.3106123698714023,6
2942.0,0.4384615384615384,9
2944.0,2.2777777777777777,5
2947.0,0.0785714285714285,6
2949.0,11.12,2
2950.0,5.115107913669065,2
2956.0,0.2284482758620689,5
2959.0,8.0,3
2964.0,0.2262295081967213,3
2965.0,1.013559322033898,4
2969.0,0.1733333333333333,3
2970.0,1.8255813953488371,2
2971.0,15.333333333333332,2
2975.0,0.2651162790697674,4
2978.0,0.4358974358974359,4
2980.0,1.0978619601090545,4
2981.0,0.8723404255319149,4
2982.0,24.1,3
2984.0,0.2727272727272727,3
2986.0,1.307432432432432,3
2989.0,0.0415,10
2990.0,0.476764705882353,4
2994.0,2.176470588235294,3
2995.0,0.7391304347826089,2
2996.0,0.0873362445414847,8
2998.0,0.2823529411764707,5
2999.0,0.0502564102564102,3
3000.0,0.1541666666666665,3
3002.0,0.1111111111111111,3
3003.0,0.0404081632653061,3
3004.0,0.2564102564102564,2
3007.0,0.3333333333333332,2
3008.0,0.2941176470588236,5
3010.0,0.1167985109353189,6
3011.0,0.6675,4
3013.0,0.0999999999999998,2
3015.0,0.0416666666666667,5
3018.0,0.1867579908675798,2
3020.0,0.1363636363636364,3
3021.0,0.0969512195121951,5
3022.0,5.595744680851064,2
3028.0,0.503006012024048,3
3029.0,0.1857142857142857,3
3030.0,0.0554444444444444,5
3033.0,0.0904761904761903,5
3034.0,33.027221777421936,2
3039.0,7.99,2
3041.0,0.0416666666666667,3
3042.0,0.5981735159817352,4
3044.0,2.0,4
3049.0,3.2517006802721093,4
3051.0,0.0487654320987653,4
3052.0,1.150537634408602,3
3054.0,0.1730192719486081,5
3056.0,2.584225806451613,7
3059.0,0.4848484848484848,2
3064.0,0.7857142857142858,3
3075.0,0.975,2
3080.0,0.1325,6
3081.0,0.34274010013655,3
3082.0,2.75,2
3083.0,0.4634146341463414,5
3086.0,2.119673953316043,3
3091.0,4.63063063063063,2
3092.0,2.0,3
3094.0,0.0416666666666667,3
3095.0,4.008347245409015,3
3096.0,0.4417670682730921,2
3097.0,1.6938393066291877,7
3099.0,7.220000000000001,2
3104.0,0.4142857142857143,8
3106.0,4.454545454545454,5
3113.0,3.2857142857142856,7
3114.0,0.1173730787144853,2
3117.0,0.27,3
3123.0,0.625,2
3125.0,0.3625,5
3126.0,27.729885057471265,2
3129.0,0.0833333333333332,2
3132.0,0.619718309859155,3
3133.0,1.3698630136986298,3
3139.0,0.1363636363636364,3
3140.0,14.68627450980392,2
3144.0,13.0,3
3145.0,0.4715719063545152,4
3150.0,0.0542962572482867,4
3152.0,10.204545454545451,3
3155.0,9.44226044226044,2
3156.0,0.625,2
3157.0,0.8198362147406733,3
3159.0,0.1326666666666667,7
3161.0,1.935294117647059,3
3166.0,5.0379403794037945,4
3167.0,0.1428571428571428,2
3168.0,0.043283582089552,3
3169.0,0.1755555555555554,5
3175.0,1.6754966887417218,9
3179.0,3.977272727272727,5
3185.0,0.2228085982751964,8
3188.0,0.0740740740740741,2
3192.0,2.3444816053511706,6
3193.0,0.0506779661016949,10
3194.0,0.0329999999999999,2
3195.0,0.9423076923076924,7
3199.0,5.963788300835655,5
3201.0,0.6800000000000002,2
3202.0,0.2629784009094353,6
3203.0,0.2849019050326982,3
3204.0,0.1223731960502998,3
3206.0,2.294117647058824,3
3207.0,0.199400299850075,2
3208.0,0.2917411021025149,3
3209.0,0.3157894736842106,2
3213.0,1.4363013698630138,2
3215.0,0.3346693386773547,3
3217.0,0.0338983050847456,6
3218.0,0.3327777777777776,8
3219.0,2.6846153846153844,2
3221.0,8.969957081545063,3
3223.0,0.0527423939362039,6
3224.0,0.1420740063956145,4
3226.0,3.7021943573667713,7
3227.0,3.5769230769230766,7
3228.0,2.901528013582343,4
3230.0,0.8846153846153846,2
3234.0,1.3875000000000002,3
3237.0,0.4984999999999999,2
3238.0,6.617647058823528,4
3239.0,0.0629133858267716,8
3242.0,0.0206185567010308,2
3245.0,0.1681818181818182,7
3246.0,0.1154542854418914,7
3248.0,0.3081818181818183,2
3250.0,1.5641025641025643,2
3253.0,0.3333333333333335,2
3255.0,0.119047619047619,3
3256.0,0.3999999999999999,2
3257.0,4.531914893617021,5
3258.0,0.1575369458128077,4
3259.0,9.03344481605351,2
3260.0,0.4526315789473683,4
3261.0,0.1949999999999998,4
3262.0,11.5125,2
3268.0,3.615384615384615,2
3273.0,4.280711506392441,3
3277.0,0.1111111111111111,5
3280.0,24.33333333333333,3
3286.0,0.1538461538461537,2
3291.0,0.8918918918918919,5
3295.0,36.98449612403101,5
3302.0,0.0526592943654555,2
3305.0,0.6666666666666667,2
3306.0,1.9008368200836825,7
3307.0,8.499500000000001,3
3308.0,0.2608695652173913,2
3312.0,45.0,2
3314.0,3.5317220543806647,4
3315.0,0.0929384965831434,5
3316.0,0.1529411764705883,3
3317.0,29.0,5
3318.0,1.7999999999999998,2
3320.0,0.7826086956521738,3
3321.0,0.5,2
3323.0,0.6666666666666667,3
3324.0,0.52,4
3325.0,0.5555555555555558,3
3326.0,0.781609195402299,8
3327.0,0.2495,9
3329.0,1.4070370370370369,2
3330.0,1.0201818181818183,8
3331.0,1.0003333888981496,4
3332.0,2.5357142857142856,5
3333.0,10.665,2
3336.0,2.75,3
3337.0,1.6621621621621625,2
3338.0,0.9415041782729808,3
3339.0,2.803056027164686,2
3340.0,5.999999999999999,2
3342.0,16.5,2
3343.0,0.2348728081007656,4
3344.0,0.083586956521739,6
3346.0,0.1785714285714286,5
3347.0,1.5396825396825395,2
3350.0,0.0173564753004005,7
3353.0,0.1302380952380952,3
3355.0,2.9514285714285715,7
3356.0,0.1019999999999998,3
3357.0,6.06896551724138,2
3360.0,0.0454545454545454,2
3361.0,4.909090909090909,5
3362.0,0.003875968992248,3
3364.0,1.6895565092989986,3
3365.0,0.109375,5
3366.0,0.8,5
3368.0,2.601309567115315,2
3369.0,16.921146953405017,3
3371.0,0.6666666666666667,2
3373.0,2.75,2
3376.0,14.68627450980392,2
3378.0,0.135678391959799,6
3379.0,1.0,5
3380.0,0.0785714285714285,8
3383.0,0.0653080129689671,8
3384.0,4.76,4
3386.0,0.5552000000000001,2
3387.0,0.5014016820184222,5
3389.0,0.5698062792251168,4
3392.0,0.3583333333333334,8
3397.0,2.952,2
3399.0,0.5592520113068056,6
3406.0,0.1032467532467533,3
3408.0,0.0152173913043478,2
3413.0,1.560439560439561,3
3416.0,37.0,4
3417.0,0.625,2
3418.0,0.0607375271149672,2
3419.0,4.208333333333333,6
3420.0,1.878787878787879,5
3421.0,1.0614545454545454,12
3422.0,12.35978835978836,3
3425.0,0.6243902439024391,2
3428.0,2.7960000000000003,3
3429.0,0.0454545454545454,5
3433.0,2.9292035398230083,3
3438.0,0.0648148148148148,4
3439.0,31.66666666666667,3
3440.0,14.555555555555555,2
3444.0,0.1501000000000001,4
3445.0,12.253333333333332,2
3448.0,0.0470588235294118,2
3449.0,0.076086956521739,2
3450.0,3.0476190476190474,2
3453.0,0.7375565610859729,5
3454.0,4.0,4
3455.0,1.6406779661016948,3
3458.0,0.4688813559322033,2
3459.0,0.0865217391304347,2
3460.0,0.2847341337907376,7
3463.0,0.2807017543859649,2
3464.0,15.94,2
3467.0,0.1667361400583575,5
3469.0,0.6428571428571428,2
3470.0,0.2362118140270095,8
3473.0,9.186046511627907,3
3474.0,53.28571428571429,5
3478.0,3.833333333333333,3
3482.0,1.113970588235294,3
3484.0,0.1811308867538192,2
3490.0,0.0606060606060605,5
3491.0,1.6923076923076923,4
3492.0,0.3550295857988166,3
3496.0,0.0733090319967597,3
3497.0,0.4090909090909091,5
3498.0,0.3996124031007753,5
3499.0,0.256281407035176,2
3501.0,0.2263636363636363,3
3502.0,1.3076923076923077,2
3504.0,0.2222222222222223,3
3507.0,0.428737274513306,5
3508.0,0.3071895424836601,3
3509.0,0.05,7
3511.0,5.999999999999999,3
3512.0,0.0232558139534884,6
3513.0,0.8367346938775511,2
3514.0,0.1374999999999999,3
3515.0,1.1604938271604937,3
3520.0,0.28,5
3521.0,15.5,2
3523.0,29.833333333333336,2
3526.0,0.254079254079254,2
3527.0,0.0851428571428569,2
3529.0,0.950975487743872,3
3532.0,0.4295439074200136,2
3534.0,0.020408163264898,4
3536.0,0.4109589041095891,4
3539.0,0.0416840350145895,4
3542.0,1.1739130434782608,4
3543.0,0.9933333333333334,3
3544.0,0.7064846416382251,5
3545.0,3.749999999999999,2
3546.0,0.3125820363772735,4
3548.0,0.363409090909091,3
3549.0,0.767241379310345,2
3558.0,1.857959416976279,4
3559.0,25.0,2
3561.0,0.3888888888888888,8
3563.0,0.6263552960800667,5
3565.0,2.555555555555556,8
3569.0,0.0333333333333332,4
3571.0,16.5,3
3572.0,0.0509554140127388,7
3577.0,0.1041666666666667,6
3579.0,0.0227272727272727,4
3580.0,0.0646739130434783,4
3581.0,0.3604878048780489,5
3583.0,0.0432033719704951,4
3586.0,0.0043041606886655,3
3587.0,0.7142857142857142,4
3588.0,7.800000000000001,2
3589.0,0.0262828535669585,5
3592.0,9.0,2
3596.0,0.1,6
3601.0,0.3333333333333335,2
3604.0,3.246123061530765,3
3609.0,0.0162601626016261,2
3612.0,33.725,3
3613.0,14.0,2
3614.0,33.44827586206897,3
3615.0,0.0240534521158128,5
3617.0,0.1999999999999999,2
3618.0,0.1109999999999999,3
3619.0,0.1333333333333335,2
3621.0,0.4673188083592707,7
3622.0,0.778,4
3623.0,0.0888501742160279,3
3626.0,0.0734567901234568,4
3628.0,0.0492332526230829,3
3631.0,1.5,2
3632.0,1.9285714285714284,2
3633.0,5.0344827586206895,6
3634.0,0.0637234042553192,8
3639.0,1.3030050083472453,3
3641.0,49.0,2
3649.0,1.4749999999999996,2
3650.0,0.1898795180722892,4
3651.0,6.0,4
3653.0,0.2598425196850393,7
3655.0,4.681818181818182,2
3658.0,0.1371237458193979,4
3663.0,14.000000000000002,3
3664.0,1.5,2
3665.0,0.2857142857142856,3
3668.0,1.5,2
3670.0,0.1460761460761461,4
3671.0,0.1818181818181818,7
3672.0,0.3333333333333332,2
3676.0,4.0,3
3677.0,17.181818181818183,4
3680.0,6.2727272727272725,4
3681.0,4.0,3
3683.0,2.636363636363636,4
3693.0,0.1534615384615383,5
3695.0,0.669449081803005,4
3696.0,0.1164465786314525,3
3697.0,0.0086902545003104,4
3699.0,0.1109999999999999,6
3700.0,0.4705882352941177,2
3704.0,2.33,2
3705.0,12.125,3
3707.0,1.3333333333333337,2
3708.0,0.3333333333333332,4
3709.0,0.5555555555555556,2
3711.0,19.0,5
3712.0,2.535714285714285,2
3715.0,12.416107382550337,3
3718.0,0.975,2
3722.0,0.0735294117647058,8
3728.0,0.5005005005005005,5
3730.0,0.0679611650485436,3
3731.0,1.0,3
3732.0,38.23205342237062,4
3736.0,2.1543624161073827,4
3742.0,0.0416666666666667,3
3744.0,0.0062893081761006,4
3751.0,42.98,2
3753.0,46.98,2
3754.0,45.66666666666666,5
3756.0,9.0,2
3757.0,0.1999999999999999,3
3759.0,0.1339999999999999,9
3760.0,0.1224489795918368,3
3762.0,0.1824175824175824,8
3763.0,1.4827586206896552,2
3766.0,19.100502512562816,4
3768.0,15.198,4
3769.0,0.1571428571428572,5
3770.0,0.160625,5
3771.0,0.021860465116279,8
3774.0,9.8,4
3780.0,0.1486666666666667,5
3782.0,0.6363636363636365,4
3783.0,11.93103448275862,5
3784.0,5.329113924050633,4
3787.0,4.666666666666667,3
3788.0,7.0,2
3790.0,0.0159889877170691,7
3793.0,1.2000000000000002,2
3794.0,0.7577435897435898,3
3796.0,3.423076923076924,4
3797.0,0.7,4
3799.0,0.8138888888888889,5
3800.0,0.2333333333333334,6
3804.0,0.8301886792452831,4
3806.0,5.779661016949153,3
3807.0,0.0454545454545454,3
3812.0,0.1821305841924398,6
3817.0,0.1030199186121225,4
3819.0,0.2428571428571426,3
3822.0,1.4324324324324325,3
3823.0,2.0303030303030303,3
3824.0,0.4285714285714286,4
3826.0,0.5084745762711864,4
3829.0,0.3333333333333335,2
3831.0,11.142857142857142,6
3832.0,28.26136363636364,3
3833.0,0.5362725450901804,3
3834.0,2.993806574559314,4
3836.0,0.2325000000000001,6
3839.0,3.0,2
3841.0,0.5443037974683544,4
3842.0,0.1998333333333333,4
3844.0,46.11666666666667,3
3845.0,2.6615536862939138,5
3846.0,1.98,6
3851.0,0.4899713467048712,7
3853.0,0.1008810572687224,7
3854.0,0.3252208701450241,8
3855.0,0.1233333333333333,3
3859.0,0.1065332548557975,2
3860.0,1.5,3
3866.0,23.903474903474905,2
3868.0,0.125,2
3871.0,0.626625,2
3873.0,1.3871231755558586,3
3874.0,0.0946051602814699,3
3879.0,1.2018348623853212,4
3886.0,1.9069767441860468,2
3897.0,16.4248496993988,4
3901.0,3.744333157617291,7
3904.0,2.8,2
3905.0,0.1058823529411765,2
3910.0,0.1154290111581377,2
3914.0,0.5001500150015001,16
3915.0,0.0476644423260248,5
3917.0,0.1172499999999998,3
3920.0,0.5656270608300169,4
3921.0,0.0749999999999999,5
3922.0,0.0890410958904108,8
3924.0,0.2884615384615385,5
3927.0,0.1572075471698113,5
3929.0,4.425909090909091,3
3936.0,0.0714285714285714,2
3937.0,0.5684210526315789,3
3938.0,0.0503583410644565,4
3941.0,1.0100502512562817,6
3944.0,0.0105263157894737,4
3946.0,23.0,2
3949.0,0.1333333333333333,2
3951.0,0.0481720430107528,2
3952.0,1.2226338210779772,3
3956.0,0.1025641025641026,2
3958.0,0.1458333333333332,3
3959.0,0.1842105263157896,2
3964.0,0.2162162162162162,4
3966.0,0.1611290322580645,2
3968.0,0.9462826002335538,3
3969.0,0.4338823529411764,3
3970.0,0.1120967741935483,4
3976.0,0.0495000000000001,3
3978.0,0.5217391304347827,3
3980.0,0.1058823529411765,4
3982.0,0.3809523809523809,2
3985.0,0.0575581395348836,5
3986.0,5.619290780141844,2
3988.0,0.5384615384615385,2
3989.0,0.1363636363636364,2
3994.0,0.2017055144968731,6
3995.0,1.1111111111111112,2
3997.0,2.466666666666667,2
4002.0,0.9655172413793104,2
4003.0,0.1698113207547169,4
4006.0,0.1464705882352941,2
4007.0,0.0416666666666667,2
4009.0,0.3428571428571429,3
4011.0,0.8879310344827585,3
4013.0,2.636363636363636,3
4018.0,2.4722222222222223,4
4020.0,2.4,2
4021.0,6.8125,2
4022.0,0.4705882352941177,3
4023.0,5.290322580645161,2
4025.0,2.166666666666667,2
4026.0,4.01002004008016,4
4029.0,0.161904761904762,5
4031.0,0.2859633827375762,3
4034.0,0.1661111111111111,4
4035.0,2.108108108108108,8
4041.0,0.0833333333333332,3
4042.0,0.2370383845734036,2
4050.0,57.8235294117647,2
4051.0,2.875968992248062,3
4053.0,0.048780487804878,6
4054.0,0.892429022082019,2
4055.0,0.3333333333333332,3
4059.0,0.0217391304347824,2
4063.0,0.1428571428571428,2
4066.0,1.0999999999999996,3
4068.0,3.25,2
4069.0,53.21686746987952,2
4076.0,0.0393333333333334,2
4077.0,47.10989010989011,2
4078.0,13.0,2
4079.0,2.0666666666666664,3
4082.0,0.2935309973045823,3
4085.0,0.0508602571374876,7
4089.0,0.0921951219512196,3
4090.0,5.8,2
4096.0,0.0847826086956522,2
4101.0,0.0666666666666666,6
4102.0,0.9137931034482758,2
4103.0,4.333333333333333,2
4104.0,0.1916666666666666,2
4105.0,0.3170731707317074,4
4108.0,4.090301003344481,3
4109.0,2.333333333333333,4
4110.0,10.923076923076923,3
4111.0,8.25925925925926,3
4112.0,0.2886597938144331,4
4113.0,0.2621052631578948,3
4114.0,6.948717948717949,2
4120.0,24.0391236385099,3
4122.0,0.3,2
4123.0,0.4599999999999999,2
4124.0,0.0488676996424313,6
4126.0,0.8333333333333335,2
4131.0,0.4157894736842105,2
4132.0,5.0,2
4140.0,0.0749999999999999,7
4141.0,0.323943661971831,2
4144.0,23.193548387096776,2
4145.0,0.8657446808510638,5
4146.0,1.6666666666666663,3
4148.0,0.0905454545454544,6
4149.0,0.1507692307692307,5
4151.0,0.2340322580645162,3
4152.0,0.1818181818181818,6
4153.0,0.8571428571428572,4
4156.0,2.8461538461538463,4
4157.0,24.529411764705884,2
4167.0,0.013157894736842,3
4170.0,0.6000000000000001,2
4171.0,0.5142690739662199,4
4174.0,0.8404907975460121,8
4175.0,0.0145689655172414,6
4176.0,3.473684210526316,5
4178.0,2.75,2
4186.0,1.9430434782608692,6
4187.0,1.1538461538461535,5
4195.0,0.0047846889952154,3
4196.0,0.375,2
4197.0,0.0060007059654076,6
4202.0,0.0582352941176471,8
4204.0,0.288888888888889,4
4206.0,0.2045454545454545,2
4208.0,2.627906976744186,6
4209.0,0.1152892561983471,6
4210.0,0.8135751433524472,4
4216.0,0.3930313588850174,3
4219.0,0.1357954545454542,5
4222.0,1.307923102566952,8
4223.0,0.2083333333333332,5
4224.0,0.102051282051282,2
4225.0,0.2037037037037037,3
4227.0,0.0204081632653061,7
4228.0,0.0769230769230768,3
4230.0,3.108888888888888,2
4231.0,0.1252813203300824,3
4233.0,0.2894736842105263,2
4234.0,0.685910260074307,2
4235.0,3.6875,2
4236.0,0.1486666666666667,2
4237.0,0.8333333333333333,3
4238.0,0.171875,6
4241.0,1.711864406779661,8
4242.0,0.3684817055603573,2
4248.0,2.770454545454545,4
4253.0,0.1777777777777778,8
4256.0,17.225039619651348,3
4257.0,1.625,2
4262.0,1.4809160305343512,2
4263.0,0.1388888888888888,5
4265.0,0.0964912280701753,4
4271.0,0.3164823591363874,4
4273.0,1.473644148430067,5
4274.0,0.2005777961205117,5
4275.0,0.0105494505494505,2
4278.0,7.805369127516778,3
4282.0,6.7495,5
4289.0,0.1413043478260869,2
4290.0,0.72,2
4293.0,3.050222762251924,4
4295.0,0.1360123647604327,4
4300.0,0.1515151515151516,2
4303.0,2.241935483870968,6
4306.0,1.4524524524524525,5
4310.0,0.0886075949367088,3
4311.0,0.3214285714285716,2
4312.0,0.6672224074691564,8
4313.0,1.5625714285714287,4
4320.0,0.1049081181670155,5
4325.0,1.5127966496044674,3
4326.0,0.665,3
4327.0,3.666666666666667,6
4329.0,0.2982456140350877,6
4330.0,0.4999999999999998,2
4331.0,0.4353846153846152,4
4335.0,0.4048249485142687,6
4338.0,0.489795918367347,5
4340.0,0.5326633165829144,4
4343.0,3.4444444444444446,2
4347.0,3.9333333333333336,2
4352.0,0.3333333333333332,3
4360.0,1.4912280701754388,4
4367.0,0.0947368421052632,2
4373.0,0.7655384615384617,3
4379.0,50.42857142857143,3
4383.0,0.5,2
4391.0,0.05,5
4395.0,5.216216216216216,2
4399.0,0.08,2
4400.0,53.237288135593225,4
4405.0,9.5,2
4407.0,0.9090909090909092,4
4408.0,1.125,2
4410.0,1.2533333333333334,5
4414.0,0.6361445783132531,4
4416.0,0.0384057971014493,7
4419.0,0.4261744966442953,2
4420.0,36.48809523809524,2
4426.0,2.409090909090909,4
4427.0,0.3,3
4436.0,1.122950819672131,7
4441.0,0.1552799999999998,2
4444.0,1.097902097902098,2
4445.0,2.428571428571429,2
4447.0,0.0574712643678161,4
4452.0,4.08325,5
4454.0,0.062720041726431,8
4455.0,5.462585034013606,4
4458.0,0.2083333333333332,6
4460.0,0.2054355400696863,3
4461.0,0.124642857142857,2
4463.0,0.1361363636363637,9
4466.0,0.5458937198067633,3
4474.0,0.2755102040816326,5
4475.0,0.2090909090909092,4
4481.0,1.0,2
4484.0,3.527272727272728,5
4485.0,0.1851851851851851,2
4486.0,0.4012738853503184,8
4488.0,1.6428571428571428,2
4491.0,54.0,2
4493.0,0.4862068965517241,2
4494.0,1.2352941176470589,3
4496.0,8.78835978835979,3
4497.0,2.571428571428572,5
4505.0,1.0,2
4511.0,0.6070287539936103,7
4512.0,1.221818181818182,5
4515.0,0.8055555555555556,5
4519.0,2.1333333333333333,4
4521.0,0.489570029799915,3
4524.0,0.0521052631578948,5
4528.0,0.1170212765957445,3
4529.0,0.2121946784653614,4
4532.0,3.693140794223827,4
4534.0,0.2073333333333333,5
4538.0,1.4166666666666663,2
4540.0,20.73913043478261,2
4541.0,0.0423711340206185,4
4542.0,0.0578640776699028,3
4543.0,0.1626118067978532,3
4550.0,0.1056730769230769,4
4551.0,0.4318181818181819,2
4553.0,0.3333333333333332,3
4554.0,0.0584810796507013,2
4556.0,2.844155844155844,3
4557.0,0.0549999999999999,2
4561.0,0.36986301369863,2
4562.0,0.0185185185185186,2
4576.0,0.3747500000000001,4
4590.0,0.2262264150943396,5
4591.0,0.181578947368421,6
4592.0,1.3529411764705883,4
4593.0,3.3600000000000003,2
4599.0,0.4074074074074074,9
4600.0,0.0971544715447152,2
4606.0,0.25,2
4607.0,1.7999999999999998,3
4608.0,4.721049516669955,5
4609.0,1.405777166437414,3
4611.0,0.4284126984126983,6
4613.0,14.27777777777778,2
4616.0,0.2564285714285714,2
4618.0,1.6601423487544484,2
4621.0,1.0,2
4624.0,0.2173913043478261,5
4626.0,1.860689655172414,2
4628.0,4.96,2
4630.0,0.1428571428571428,6
4631.0,0.0040176777822418,10
4632.0,0.4123888729566964,10
4634.0,0.53125,3
4635.0,1.7302752293577983,2
4639.0,1.0149253731343282,4
4640.0,0.3913043478260869,4
4641.0,5.666666666666667,2
4643.0,0.1535020600353147,4
4650.0,0.104,2
4660.0,0.3999999999999999,6
4661.0,40.04347826086956,2
4662.0,0.6129032258064515,3
4664.0,0.05734375,4
4670.0,1.4896716677538593,5
4679.0,0.2307692307692308,6
4680.0,6.064676616915422,2
4681.0,1.8253968253968256,3
4684.0,40.78571428571428,2
4691.0,46.2108843537415,4
4692.0,0.1,3
4695.0,0.8,3
4699.0,0.1301369863013699,4
4716.0,0.0127891156462585,3
4719.0,0.75,3
4722.0,0.3936651583710406,3
4726.0,4.0,2
4729.0,0.4363636363636363,2
4734.0,0.2857142857142858,3
4740.0,0.6153846153846154,3
4750.0,0.7272727272727273,2
4765.0,0.0923148148148147,5
4767.0,0.3,2
4770.0,0.2882352941176471,7
4773.0,0.3220338983050848,3
4776.0,0.1273529411764704,2
4777.0,1.73,2
4780.0,9.066666666666666,2
4792.0,0.2495415902650439,5
4794.0,3.3251693590411677,7
4796.0,3.5,6
4799.0,0.3999999999999999,3
4802.0,0.2857142857142858,3
4803.0,6.166666666666667,2
4805.0,0.3,2
4806.0,2.0,2
4807.0,0.162925921618793,3
4808.0,19.619565217391305,3
4810.0,29.0,2
4811.0,0.32,2
4812.0,14.996,2
4813.0,0.0414634146341463,4
4815.0,0.1666666666666667,3
4816.0,0.2835820895522387,5
4821.0,3.4196428571428577,3
4826.0,0.2272727272727273,7
4827.0,0.0909090909090908,4
4829.0,0.4909919237937461,3
4831.0,0.3925925925925926,6
4836.0,4.875,3
4838.0,2.0,2
4841.0,0.0766,9
4842.0,0.1663333333333334,5
4843.0,0.0230414746543778,5
4845.0,1.3595505617977528,2
4847.0,39.97222222222222,2
4852.0,0.363181818181818,3
4854.0,0.2115151515151514,4
4855.0,0.4209473684210527,2
4862.0,0.6129032258064515,2
4866.0,0.0883333333333333,5
4867.0,0.055561729081009,5
4878.0,0.0784313725490195,5
4879.0,1.0555555555555554,4
4880.0,0.4259259259259258,3
4882.0,2.38,4
4894.0,0.1781249999999998,2
4898.0,2.0,3
4902.0,0.0007022471910111,4
4905.0,0.3157894736842104,4
4906.0,2.636203866432337,3
4909.0,1.0833333333333337,3
4910.0,0.3818181818181816,5
4912.0,9.117647058823527,3
4915.0,12.043478260869566,5
4916.0,0.0855683269476372,3
4918.0,0.0133333333333331,3
4920.0,6.333333333333333,4
4923.0,4.755784061696658,5
4926.0,0.1818181818181818,3
4929.0,0.6000000000000001,3
4930.0,0.0378703850419901,5
4931.0,0.125,2
4940.0,1.828975567938277,3
4941.0,0.0425531914893617,5
4942.0,14.444444444444445,2
4945.0,1.2166666666666668,8
4948.0,4.352676338169085,5
4950.0,0.2626315789473683,2
4951.0,1.9565217391304344,2
4953.0,0.1304347826086955,3
4955.0,0.94375,2
4956.0,27.33333333333333,4
4957.0,0.0385356454720615,7
4960.0,13.361702127659576,5
4961.0,0.0674157303370786,3
4963.0,0.1527777777777776,4
4965.0,0.1060000000000001,9
4968.0,0.0601325757575756,5
4971.0,0.6333333333333333,2
4977.0,1.0833333333333337,3
4978.0,1.1675698207586498,5
4979.0,0.0221135681742417,3
4982.0,0.16625,3
4985.0,0.4571428571428571,3
4988.0,0.1463829787234043,5
4989.0,4.3125,4
4992.0,6.34094616639478,2
4994.0,0.2307692307692308,9
4995.0,13.813333333333333,3
4997.0,0.4035087719298245,2
4998.0,14.633333333333336,2
5002.0,3.183673469387755,3
5004.0,3.201680672268908,4
5005.0,0.1992,2
5010.0,14.99875,2
5013.0,0.3996000000000002,2
5014.0,0.1666666666666667,2
5017.0,1.4672613399126968,6
5018.0,0.2820512820512819,4
5020.0,0.0901818181818181,5
5028.0,0.4545454545454546,7
5037.0,0.117117117117117,3
5043.0,0.1161037831569793,3
5044.0,0.9523809523809524,2
5046.0,40.81818181818181,2
5050.0,0.1647058823529412,3
5051.0,0.2226315789473683,2
5054.0,2.055555555555556,2
5055.0,0.2766279069767443,2
5058.0,0.4942528735632185,2
5062.0,3.761904761904762,4
5063.0,0.1440123881624224,8
5065.0,1.3996,7
5067.0,0.136503683858004,3
5070.0,1.8286189683860237,8
5071.0,0.030952380952381,3
5073.0,4.47945205479452,2
5074.0,11.105263157894736,2
5075.0,9.1,3
5077.0,0.0445222611305653,2
5078.0,1.8571428571428568,3
5080.0,0.2444213803840167,4
5083.0,0.1111111111111111,2
5086.0,2.9562500000000003,2
5087.0,0.797632058287796,4
5089.0,0.2893233082706767,5
5090.0,0.337126600284495,6
5091.0,0.1643835616438356,4
5093.0,4.393111111111111,2
5098.0,0.1968421052631577,2
5101.0,1.6307692307692307,5
5103.0,0.1868750000000001,2
5104.0,5.474428726877041,5
5105.0,1.1677272727272725,5
5107.0,0.8,2
5108.0,0.0993749999999999,4
5116.0,0.33,2
5117.0,18.192,2
5120.0,0.3329999999999999,4
5123.0,0.0966183574879226,8
5128.0,0.6499999999999999,2
5133.0,16.512605042016805,3
5137.0,21.4251497005988,5
5142.0,0.9377422177772224,3
5146.0,0.0831666666666666,4
5148.0,5.506506506506506,3
5150.0,0.0113793103448274,4
5153.0,0.8799999999999999,5
5155.0,6.28643216080402,2
5159.0,3.138028520389283,2
5169.0,0.0585365853658537,6
5175.0,3.0506329113924053,6
5176.0,1.8260869565217392,4
5177.0,0.0663333333333333,2
5179.0,6.114285714285716,3
5181.0,0.4285714285714286,2
5182.0,1.834008097165992,7
5188.0,0.0703517587939697,3
5189.0,0.2869822485207101,7
5193.0,4.925454545454545,2
5194.0,0.6557377049180328,7
5195.0,0.0909090909090908,3
5196.0,0.1641791044776119,6
5197.0,0.3176744186046512,6
5198.0,0.5880952380952382,4
5201.0,0.3775510204081633,5
5202.0,2.28,3
5208.0,0.4410526315789473,2
5209.0,17.944736842105264,9
5212.0,0.4214862681744749,6
5213.0,2.75,2
5215.0,0.3611111111111111,3
5220.0,0.1290322580645162,3
5222.0,2.3266666666666667,3
5226.0,0.1999999999999999,3
5227.0,0.1446666666666667,5
5229.0,0.6936936936936937,8
5230.0,1.666666666666667,2
5231.0,12.617234468937877,4
5233.0,4.9996,3
5238.0,16.98561151079137,3
5239.0,53.02160864345738,2
5241.0,1.1111111111111112,5
5247.0,0.8740875912408756,3
5252.0,0.47,2
5260.0,0.1791044775943415,5
5266.0,1.1186440677966103,3
5268.0,5.2,2
5269.0,0.2555555555555555,3
5271.0,0.0829166666666665,5
5272.0,1.857037037037037,6
5273.0,0.225022502250225,4
5276.0,1.0,2
5280.0,0.1333333333333333,4
5287.0,0.4345454545454545,7
5288.0,2.8,4
5293.0,0.2941176470588236,2
5295.0,12.316582914572864,4
5296.0,4.0,3
5297.0,0.56,2
5305.0,4.885714285714286,3
5306.0,1.5974025974025974,3
5307.0,1.0,2
5308.0,4.2,3
5309.0,0.3026315789473683,3
5313.0,0.9491228070175436,4
5320.0,0.1100000000000001,3
5321.0,6.594936708860759,4
5322.0,16.692307692307693,2
5323.0,0.0831666666666666,5
5325.0,0.6789791806581598,3
5332.0,1.4499999999999995,2
5333.0,0.4233428222854818,4
5334.0,0.1868749999999999,4
5337.0,0.1350551077479849,3
5343.0,0.4876927238301325,4
5346.0,0.0707142857142857,5
5347.0,4.2368421052631575,2
5348.0,0.1437070938215101,3
5350.0,2.6231884057971016,2
5352.0,0.3480662983425413,4
5358.0,0.0888501742160279,3
5364.0,4.582758620689656,2
5366.0,1.608695652173913,2
5371.0,1.1622975455000837,3
5372.0,0.2325917741935483,3
5374.0,0.0600879335613091,3
5380.0,2.1155778894472363,4
5383.0,6.586206896551724,2
5384.0,0.1416666666666666,3
5385.0,2.8181818181818183,3
5387.0,0.7543859649122806,3
5389.0,0.1645882352941174,5
5390.0,4.348993288590604,2
5392.0,2.073701842546064,7
5393.0,7.817857142857143,2
5395.0,0.0249999999999999,3
5397.0,1.4774774774774777,5
5398.0,0.288,4
5399.0,0.0444642063139173,3
5400.0,0.0430477830391735,6
5402.0,27.79310344827586,3
5404.0,0.292929292929293,8
5406.0,2.125,2
5411.0,4.696748163729784,6
5420.0,36.92307692307692,2
5421.0,2.2,2
5422.0,0.7431192660550459,3
5428.0,1.1,5
5429.0,0.0285714285714284,3
5430.0,1.3076923076923077,2
5431.0,12.1,4
5437.0,0.4202898550724638,2
5438.0,6.661016949152542,2
5439.0,7.495555555555555,2
5444.0,2.341288782816229,3
5445.0,0.1499999999999999,3
5447.0,4.258947368421053,3
5449.0,0.357142857142857,2
5456.0,0.1643835616438356,2
5458.0,0.0634920634920634,2
5462.0,0.0722021660649818,5
5463.0,0.2669184765502046,3
5465.0,18.6969696969697,3
5467.0,18.605263157894736,2
5468.0,0.0544444444444445,2
5471.0,0.3333333333333332,3
5475.0,2.607731819410651,3
5480.0,4.40881763527054,4
5482.0,0.1490384615384614,7
5485.0,44.82412060301508,3
5486.0,0.0114285714285713,5
5488.0,0.3636363636363635,2
5492.0,0.0541818181818181,3
5494.0,0.1986301369863015,4
5498.0,2.1605945945945946,2
5500.0,0.4282142857142859,2
5511.0,9.0,3
5512.0,0.1754,3
5514.0,0.3141314131413142,3
5517.0,0.307479224376731,3
5518.0,0.1840350877192982,5
5522.0,0.2444444444444444,5
5523.0,1.3636363636363638,4
5526.0,1.7586206896551726,2
5532.0,0.6521739130434783,3
5534.0,1.0,2
5535.0,0.2979989183342348,6
5536.0,0.1666666666666667,5
5537.0,0.1999999999999999,3
5538.0,0.1666666666666667,2
5542.0,0.04,2
5543.0,0.1386075949367089,5
5544.0,7.41683366733467,6
5545.0,1.5,2
5546.0,4.546218487394958,4
5547.0,0.1209677419354837,5
5550.0,0.1499999999999999,3
5553.0,5.486486486486487,4
5557.0,0.2073170731707316,2
5558.0,0.0851428571428571,6
5559.0,0.6260162601626016,2
5560.0,2.0,2
5561.0,9.0,2
5565.0,26.36842105263158,3
5566.0,0.8464379135251578,4
5567.0,0.2777777777777777,3
5575.0,0.1607407407407406,11
5579.0,0.3999000000000001,5
5583.0,3.0,2
5586.0,0.6111707841031149,4
5588.0,0.3431343283582089,2
5589.0,0.49,4
5592.0,0.0514285714285713,5
5601.0,0.7391304347826086,2
5602.0,0.175,4
5603.0,0.3345195729537367,3
5604.0,1.9411764705882355,4
5605.0,1.342857142857143,2
5611.0,2.601309567115315,6
5614.0,6.00507614213198,5
5620.0,0.0738317757009345,4
5624.0,2.166666666666667,2
5625.0,0.2395833333333332,3
5626.0,0.2416129032258065,4
5628.0,5.024873096446701,2
5629.0,0.7506666666666668,3
5631.0,0.0285714285714284,4
5632.0,14.037593984962406,2
5634.0,43.300813008130085,2
5635.0,0.2137179487179488,8
5637.0,0.3333333333333335,3
5638.0,0.008557457212714,3
5639.0,0.0902725681420355,3
5640.0,1.526315789473684,3
5644.0,25.041666666666668,3
5647.0,0.271186440677966,3
5648.0,0.1999999999999999,2
5653.0,0.306230084606087,5
5655.0,0.3478651685393257,4
5656.0,1.2388059701492535,2
5657.0,0.3414634146341464,2
5659.0,0.294,4
5660.0,0.0795454545454545,4
5664.0,0.1423809523809522,3
5667.0,0.0682926829268291,4
5668.0,0.3999999999999999,2
5671.0,0.2994999999999999,2
5672.0,0.0810810810810809,3
5674.0,0.020670647680294,6
5675.0,0.1630434782608696,3
5676.0,0.7000700070007002,4
5679.0,0.4996666666666667,3
5681.0,0.1451378809869374,4
5682.0,0.2600084000560003,2
5684.0,4.866666666666666,4
5687.0,0.5720081135902637,3
5690.0,4.146476642913697,4
5695.0,0.2142857142857142,4
5696.0,0.9911428571428572,2
5701.0,0.0994999999999999,3
5706.0,0.48,4
5711.0,0.4837634408602151,7
5713.0,0.6666666666666667,5
5715.0,0.4999999999999998,2
5718.0,1.162039144287665,2
5719.0,23.75,2
5725.0,6.687187379761447,3
5726.0,0.1,2
5727.0,1.44,2
5730.0,0.1851851851851851,10
5732.0,0.1818181818181818,5
5733.0,0.1071428571428572,3
5734.0,1.0655737682343456,3
5737.0,0.714285714285714,3
5740.0,0.3178787408900605,3
5741.0,0.144736842105263,7
5748.0,0.25,2
5750.0,0.25,2
5751.0,0.3678947368421053,5
5752.0,0.754226267880364,4
5754.0,2.6842105263157894,8
5755.0,0.1861909175162186,8
5756.0,0.2037037037037037,3
5757.0,33.527272727272724,3
5762.0,0.011111111111111,7
5766.0,0.3213217938630999,2
5771.0,0.0348837209302326,2
5777.0,0.1196911196911196,6
5778.0,1.7270909090909092,5
5779.0,0.0300606060606061,3
5782.0,0.9997999999999998,6
5785.0,2.8983050847457625,4
5790.0,0.2649913344887347,2
5792.0,14.36923076923077,2
5793.0,0.900952380952381,2
5803.0,0.1524249422632795,3
5807.0,43.81132075471698,6
5809.0,0.3859649122807018,4
5811.0,13.988,2
5814.0,0.0580952380952379,5
5815.0,0.7391304347826089,3
5820.0,0.0385356454720615,3
5823.0,0.3214285714285714,4
5827.0,0.6000000000000001,6
5829.0,0.088261253309797,6
5830.0,14.07936507936508,2
5831.0,0.3999999999999999,4
5835.0,0.1413043478260869,2
5837.0,9.651828298887123,3
5840.0,0.0274647887323944,9
5841.0,1.1285714285714286,2
5846.0,1.6956521739130437,5
5847.0,0.7398869073510224,3
5848.0,0.5846193415637859,5
5850.0,1.23,3
5855.0,0.0571428571428571,3
5859.0,0.25,2
5860.0,0.1492220650636491,8
5862.0,1.763157894736842,2
5864.0,0.5,2
5865.0,0.0448275862068965,3
5866.0,0.4406779661016948,3
5868.0,0.3073846153846153,2
5870.0,4.648979591836734,2
5872.0,2.0625,2
5873.0,0.423728813559322,2
5874.0,1.3504273504273503,4
5875.0,0.1799485861182519,5
5876.0,1.6644444444444444,6
5878.0,0.5384615384615385,6
5879.0,0.157936507936508,6
5881.0,0.0333333333333332,5
5883.0,0.2395092277554387,9
5885.0,1.1299254526091589,3
5886.0,0.2619047619047618,4
5891.0,0.5249019607843137,2
5893.0,1.0,2
5894.0,3.557885141294439,2
5895.0,7.777777777777779,3
5896.0,0.4613846153846153,3
5898.0,17.88888888888889,2
5901.0,0.8051217988757025,2
5902.0,0.26,2
5903.0,0.0662666666666667,3
5911.0,0.5151515151515151,2
5912.0,0.0555555555555555,5
5913.0,0.2155716264040623,7
5915.0,0.4521775369868721,5
5916.0,2.666666666666667,2
5917.0,0.1999999999999999,2
5919.0,1.1678048780487802,3
5924.0,1.4605678233438484,4
5926.0,0.5878378378378379,4
5930.0,2.02,5
5931.0,0.3999999999999999,2
5933.0,0.08,2
5935.0,0.4068965517241378,8
5936.0,0.0143939393939394,5
5940.0,0.148999842494881,2
5942.0,0.9831005345749266,2
5943.0,3.533333333333333,2
5947.0,0.8095238095238093,4
5949.0,2.181818181818182,5
5950.0,1.5,2
5953.0,0.6666666666666667,2
5954.0,0.1302898550724636,4
5955.0,0.5384615384615385,2
5956.0,0.1679999999999999,3
5959.0,0.1104575163398693,4
5961.0,27.166666666666664,2
5962.0,1.8583992963940197,5
5964.0,0.2364516129032257,2
5965.0,0.2999999999999998,7
5966.0,0.3573755656108597,3
5967.0,1.6300984528832632,3
5969.0,0.1938775510204082,3
5971.0,3.5,2
5974.0,40.25,4
5975.0,0.147227533460803,4
5979.0,0.0886666666666666,5
5981.0,0.8,2
5982.0,0.2630526315789472,2
5983.0,3.366666666666667,2
5985.0,2.4607000897550964,2
5986.0,0.7101710171017102,5
5992.0,0.4999999999999998,2
5994.0,0.0571428571428571,4
5996.0,1.8571428571428568,6
5997.0,8.379310344827585,3
5998.0,0.0677757239679606,5
6000.0,0.2375,3
6002.0,0.0808108108108107,2
6003.0,0.606640781898514,4
6008.0,0.4358974358974359,4
6010.0,0.3007575757575758,7
6011.0,0.5348837209302326,2
6012.0,0.2723076923076921,8
6016.0,49.0,3
6025.0,0.1998333333333333,4
6026.0,4.102564102564102,2
6030.0,1.7999999999999998,4
6031.0,0.0587058823529411,6
6032.0,1.2439999999999998,2
6033.0,0.0789556795452153,3
6034.0,2.3560000000000003,2
6036.0,1.0441176470588234,5
6041.0,1.3035714285714284,2
6047.0,0.0757575757575756,9
6050.0,0.1443661971830987,6
6052.0,0.235981308411215,6
6055.0,0.4364429896344788,3
6056.0,0.0769230769230768,3
6058.0,0.0933333333333332,5
6059.0,3.2,4
6061.0,0.36986301369863,2
6065.0,0.1799999999999999,5
6066.0,0.2419354838709677,2
6068.0,0.0483325277912034,6
6069.0,8.584795321637426,3
6070.0,0.6000000000000001,2
6072.0,0.3507317073170732,2
6073.0,0.2290502793296089,2
6075.0,0.6153846153846154,3
6076.0,0.003875968992248,2
6077.0,3.991666666666667,3
6079.0,2.6,3
6080.0,0.9487804878048782,3
6081.0,4.846153846153846,3
6085.0,0.1495327102803738,9
6088.0,0.1042105263157895,3
6090.0,0.0333333333333334,2
6091.0,21.527272727272727,2
6092.0,0.1058451816745655,3
6094.0,6.5,7
6105.0,0.411764705882353,4
6106.0,0.7926023778071332,2
6110.0,0.0476190476190476,3
6112.0,0.0669828097213989,4
6113.0,0.1811023622047245,2
6114.0,0.4878184861446903,4
6115.0,0.150575287643822,5
6122.0,1.206349206349206,5
6124.0,0.0771704180064307,6
6125.0,3.74,3
6126.0,9.9296875,3
6128.0,0.223265117710417,3
6130.0,0.4598540145985401,5
6131.0,0.1176832078660314,6
6133.0,6.594936708860759,4
6134.0,0.108888888888889,5
6135.0,0.1799999999999999,2
6138.0,0.0913793103448277,2
6139.0,0.4927398561541594,3
6140.0,11.421052631578949,7
6142.0,21.77777777777778,2
6147.0,11.727272727272728,3
6152.0,0.951219512195122,5
6154.0,4.4,2
6156.0,3.739130434782609,3
6158.0,0.2692307692307691,4
6162.0,1.2000000000000002,2
6167.0,0.0445454545454546,7
6168.0,0.9846153846153848,3
6170.0,9.036144578313252,3
6171.0,0.5339663988312637,2
6177.0,0.1754385964912281,5
6183.0,0.3636363636363635,3
6187.0,3.5,5
6191.0,0.018181818181818,5
6192.0,2.4682539682539684,2
6193.0,3.4134615384615383,3
6196.0,0.0524999999999999,8
6205.0,1.8924050632911391,3
6206.0,0.5804615871008538,3
6207.0,0.875,3
6208.0,2.166666666666667,2
6209.0,0.3999999999999999,2
6210.0,0.0524528301886793,3
6211.0,0.0022831050228311,3
6212.0,0.0208333333333332,2
6213.0,1.0152505446623097,4
6216.0,0.875,3
6217.0,0.1399999999999999,4
6220.0,0.25,2
6221.0,1.4009603841536618,2
6225.0,3.901960784313726,2
6226.0,0.1713043478260869,7
6227.0,0.1661111111111111,3
6228.0,1.60053351117039,4
6230.0,0.0711904761904762,10
6233.0,27.764705882352946,2
6234.0,0.3999999999999999,2
6235.0,44.45,3
6238.0,0.2007077856420627,3
6241.0,0.2833333333333334,4
6248.0,0.4950000000000001,3
6251.0,0.6666666666666665,2
6254.0,6.653846153846153,3
6257.0,0.599047619047619,3
6258.0,0.6818181818181819,3
6259.0,0.0462130937098843,7
6260.0,0.56,2
6265.0,0.0600179157957598,8
6266.0,0.2473684210526314,3
6268.0,3.998333333333333,2
6272.0,0.2345679012345678,5
6273.0,0.0183018867924527,5
6275.0,0.3189999999999999,2
6278.0,0.0185185185185186,3
6281.0,0.05,7
6282.0,0.1327433628318584,4
6291.0,0.491044776119403,2
6292.0,0.0280842527582747,5
6293.0,0.3855284552845528,7
6294.0,0.5238095238095237,3
6295.0,27.18532818532819,4
6297.0,1.4218139534883725,2
6302.0,2.75,3
6303.0,2.833333333333333,2
6308.0,0.673101673101673,3
6312.0,1.1616216216216215,2
6313.0,0.0625531914893615,3
6314.0,2.961584633853542,3
6315.0,1.0,2
6322.0,0.0221111111111109,9
6325.0,0.0476190476190476,2
6326.0,3.2990000000000004,3
6331.0,2.6875,2
6332.0,0.5716530932990429,5
6333.0,32.0,2
6334.0,2.3976124885215797,3
6341.0,12.627760338345492,2
6344.0,16.795555555555556,2
6349.0,0.066,4
6350.0,0.2676923076923077,3
6353.0,0.2203389830508475,8
6355.0,1.051282051282051,2
6358.0,0.6176544136034008,3
6361.0,0.1166666666666667,4
6364.0,1.311111111111111,3
6366.0,1.1052631578947367,2
6372.0,0.6098320927817205,4
6374.0,0.0404166666666665,2
6379.0,0.3630681818181815,8
6380.0,1.5062656641604013,3
6381.0,0.3600000000000001,2
6384.0,1.6950354609929077,4
6385.0,0.56,2
6387.0,0.0303030303030302,2
6388.0,1.3692307692307693,2
6393.0,0.0987654320987654,2
6397.0,0.2735282338806568,6
6398.0,0.1038186157517899,3
6401.0,0.1772673733804475,5
6405.0,0.2318840579710144,4
6406.0,0.4461538461538461,4
6410.0,0.2151898734177215,2
6412.0,2.9126086956521737,5
6414.0,0.1764705882352941,3
6415.0,0.3333333333333335,2
6419.0,13.5,3
6420.0,0.1538461538461537,2
6421.0,0.1864406779661016,3
6423.0,2.1666666666666665,4
6424.0,0.2778688524590165,3
6425.0,1.2801302931596092,4
6431.0,0.3789655172413793,4
6439.0,1.8999999999999997,2
6443.0,0.3428571428571427,4
6445.0,0.1799999999999999,2
6446.0,0.4864864864864864,4
6448.0,0.166194365727621,4
6449.0,0.2505526897568166,2
6451.0,6.5,2
6453.0,3.0816326530612246,2
6459.0,10.538461538461538,2
6462.0,0.1635220125786163,3
6468.0,0.5949554896142433,3
6469.0,3.2857142857142856,2
6473.0,3.615384615384615,4
6480.0,1.0,3
6483.0,0.3636363636363635,2
6487.0,4.5,2
6492.0,0.2363636363636363,2
6493.0,0.3010204081632652,7
6494.0,0.6500000000000001,2
6496.0,0.2340425531914893,2
6498.0,42.0,3
6500.0,12.157894736842104,3
6501.0,1.373913043478261,8
6502.0,0.4951121334100057,5
6503.0,0.69,3
6505.0,2.421052631578948,3
6506.0,0.2310344827586206,5
6509.0,0.042535446205171,3
6514.0,1.329192546583851,5
6518.0,2.4797738147020447,3
6522.0,1.0,8
6523.0,7.25,7
6524.0,0.0302068965517241,4
6526.0,3.1381993330863285,3
6528.0,5.25,2
6531.0,1.7777777777777777,7
6533.0,0.2941176470588236,3
6534.0,6.582174462705436,3
6535.0,23.35555555555556,2
6536.0,12.144736842105264,4
6537.0,0.09375,2
6540.0,0.518624641833811,4
6542.0,1.8233103448275865,2
6543.0,46.0,2
6544.0,1.8947368421052635,8
6545.0,0.0929384965831434,7
6546.0,0.1,6
6548.0,15.333333333333332,2
6550.0,1.363454484828276,9
6552.0,3.88135593220339,3
6555.0,16.52112676056338,3
6557.0,0.04,8
6558.0,0.0661666666666667,4
6561.0,0.024,3
6562.0,0.4171833480956597,5
6568.0,2.3461261693451667,4
6571.0,4.16,2
6572.0,39.8,5
6573.0,0.5199999999999998,5
6574.0,0.143062029401219,3
6576.0,23.0,2
6577.0,2.18,2
6580.0,3.174573055028463,6
6581.0,0.0673782521681121,6
6583.0,2.041095890410959,7
6588.0,1.6113056528264136,6
6591.0,0.1037974683544304,2
6592.0,0.5625,2
6593.0,0.0318181818181817,4
6595.0,0.3076923076923077,3
6596.0,2.9753783021287505,4
6597.0,25.54736842105263,2
6598.0,0.6649999999999998,3
6601.0,0.05875,6
6603.0,0.0253405595429911,4
6605.0,0.2953367875647668,3
6609.0,1.0,2
6612.0,19.0,2
6613.0,1.1851851851851851,4
6614.0,0.1164893617021274,5
6615.0,0.0833333333333334,2
6617.0,0.0074074074074073,7
6618.0,0.8092105263157894,2
6621.0,0.6206482593037215,4
6624.0,0.1320754716981131,7
6626.0,0.5909090909090908,8
6629.0,0.1016949152542372,4
6630.0,7.333333333333334,3
6631.0,25.31578947368421,2
6633.0,0.0917431192660549,4
6634.0,1.0,2
6637.0,5.529411764705882,2
6641.0,3.588888888888889,2
6642.0,35.099999999999994,2
6643.0,0.7424242424242424,3
6644.0,0.1976958525345622,2
6645.0,1.0,9
6647.0,1.3814285714285712,3
6648.0,0.0566037735849056,5
6649.0,0.8,6
6650.0,0.4999999999999998,2
6652.0,0.4884562187466752,8
6653.0,0.56312625250501,3
6655.0,1.3467248908296945,3
6657.0,0.3235294117647058,2
6658.0,2.4144444444444444,5
6659.0,0.3153508771929822,5
6660.0,0.7114285714285715,2
6665.0,0.5277777777777777,5
6666.0,0.1501437679709965,3
6667.0,0.4705882352941177,2
6669.0,0.2987012987012987,6
6671.0,20.9,2
6672.0,0.2036144578313252,9
6674.0,0.4704411764705882,2
6676.0,0.0383838383838384,11
6678.0,0.5361680062224528,7
6680.0,0.4999999999999998,2
6682.0,53.0,4
6685.0,0.5355815947413545,4
6686.0,4.03177966101695,3
6689.0,0.5210961287516311,2
6691.0,0.4401262576445059,9
6695.0,34.357142857142854,2
6696.0,0.1090909090909091,4
6697.0,0.0855457227138642,2
6699.0,6.5,3
6704.0,9.857142857142858,3
6705.0,0.0813542193026781,5
6706.0,1.5471698113207548,7
6708.0,0.034494653328734,2
6709.0,0.3,4
6710.0,0.043956043956044,3
6711.0,1.1428571428571428,2
6712.0,0.062414008755472,4
6713.0,0.1363636363636364,2
6714.0,0.1104444444444443,3
6716.0,0.9023809523809524,3
6718.0,2.112494441974211,4
6720.0,0.4864864864864864,3
6721.0,1.9933333333333327,3
6724.0,7.384615384615385,3
6727.0,0.4666666666666665,2
6728.0,1.7688757614916004,9
6729.0,0.1641176470588234,2
6730.0,36.93103448275863,2
6734.0,0.2060301507537689,3
6735.0,2.833333333333333,4
6737.0,0.3239187996469548,2
6742.0,0.1323751891074129,3
6744.0,0.9342105263157894,2
6747.0,0.3484848484848484,4
6749.0,6.753876938469236,5
6750.0,0.4586402266288953,4
6751.0,0.1851851851851851,3
6752.0,0.7346250000000001,6
6753.0,0.2043010752688172,3
6755.0,0.0317577548005909,3
6762.0,0.2045959970348405,6
6765.0,0.514407092722571,4
6767.0,0.1640506329113924,2
6768.0,0.95,2
6771.0,30.42857142857143,2
6772.0,0.2155932203389829,2
6775.0,0.3465753424657534,4
6778.0,0.0142857142857142,7
6779.0,0.1136363636363635,4
6783.0,0.4626635873749036,3
6787.0,1.4642857142857144,2
6791.0,0.0084293948126801,5
6793.0,0.3,4
6795.0,49.0,2
6802.0,0.0829166666666665,3
6803.0,0.5747368421052632,4
6804.0,0.2368421052631579,2
6808.0,3.238805970149253,3
6809.0,7.666666666666666,3
6810.0,3.3125,2
6812.0,0.046875,4
6824.0,3.3304347826086964,2
6825.0,0.1833333333333333,3
6826.0,0.0454545454545454,4
6828.0,0.0554166666666666,3
6829.0,1.272727272727273,2
6830.0,2.259277833500501,4
6831.0,43.014084507042256,3
6832.0,0.3087248322147651,2
6833.0,0.5577894736842106,3
6834.0,0.951951951951952,5
6837.0,0.6272189349112427,6
6839.0,1.4002400240024002,2
6843.0,0.1255813953488371,6
6844.0,0.2443636363636363,2
6846.0,0.2149532710280373,4
6849.0,1.8333333333333333,2
6850.0,0.2324929971988794,2
6854.0,0.076,2
6860.0,0.1405882352941176,2
6861.0,0.0906662214059106,4
6863.0,0.2564918746858771,10
6868.0,9.510028653295128,3
6871.0,0.0979358805445762,2
6873.0,6.947067238912732,3
6875.0,1.8568571428571428,3
6877.0,0.1904761904761904,2
6878.0,0.9065420560747663,8
6879.0,2.6028823058446755,5
6880.0,1.627272727272727,2
6883.0,0.5057647058823529,5
6886.0,1.5,5
6888.0,0.1517391304347826,5
6891.0,0.4166666666666667,3
6892.0,0.2558139534883721,3
6900.0,23.166666666666668,2
6904.0,18.19,5
6909.0,0.3809523809523809,2
6921.0,1.1111111111111112,2
6922.0,1.625,2
6925.0,2.9441747572815533,2
6926.0,0.1506738544474393,3
6928.0,0.1414285714285714,5
6931.0,0.0438413361169103,5
6932.0,0.25,2
6933.0,0.5625,3
6936.0,0.0707213578500707,9
6937.0,0.5979175010012014,3
6940.0,16.857142857142854,2
6945.0,0.131578947368421,2
6946.0,1.347826203618693,2
6947.0,0.1247499999999999,2
6951.0,15.19083969465649,4
6952.0,1.0,2
6953.0,5.080719794344473,4
6963.0,0.1034482758620689,2
6967.0,0.0466666666666666,3
6971.0,0.0285714285714286,4
6975.0,0.0077519379844961,8
6976.0,0.4499999999999999,4
6977.0,4.2,2
6978.0,1.4166666666666663,2
6979.0,2.170888888888889,3
6982.0,22.96,2
6989.0,0.0002000400080015,14
6993.0,0.0745,5
6994.0,0.6460000000000001,4
7000.0,0.1805555555555555,3
7003.0,0.0541176470588233,4
7005.0,0.0471428571428571,6
7006.0,3.913043478260869,3
7007.0,0.5172413793103448,5
7011.0,2.0808729139922977,3
7012.0,9.642570281124495,4
7013.0,0.7857142857142858,6
7015.0,0.0892857142857141,4
7018.0,0.0677966101694915,3
7019.0,0.1817272727272727,8
7023.0,1.1181102362204722,4
7025.0,3.11764705882353,3
7029.0,0.0536923076923077,4
7033.0,1.275,4
7034.0,3.819277108433736,3
7035.0,9.5,2
7044.0,0.2195,2
7051.0,2.191063829787234,7
7053.0,0.0837849103793249,2
7054.0,0.1795999999999999,4
7056.0,1.250750750750751,4
7060.0,0.0387012987012986,2
7065.0,0.7793594306049823,4
7067.0,0.47,3
7070.0,45.923529411764704,2
7072.0,0.517857142857143,11
7073.0,0.8644222020018197,5
7074.0,0.1555555555555554,2
7075.0,0.1204481792717087,6
7076.0,1.0,3
7077.0,1.2055172413793105,2
7078.0,1.0526315789473686,2
7080.0,0.1999999999999999,2
7087.0,0.1058451816745655,6
7088.0,0.9135802469135804,2
7090.0,3.1111111111111107,2
7094.0,1.727272727272727,5
7096.0,0.1170588235294116,4
7098.0,0.0606060606060605,2
7102.0,29.973333333333333,4
7104.0,0.2001000500250125,3
7107.0,1.0952380952380951,5
7111.0,0.1,3
7116.0,0.0454545454545454,6
7117.0,0.1004784688995215,4
7118.0,10.11111111111111,2
7123.0,0.9379844961240308,4
7124.0,4.0,2
7126.0,3.1000000000000005,2
7129.0,0.0410287813839558,3
7130.0,1.786885245901639,4
7132.0,2.090909090909091,4
7141.0,0.0258620689655173,3
7142.0,0.3513513513513513,3
7146.0,6.142857142857143,2
7147.0,0.0618750000000001,10
7148.0,3.7442244224422447,8
7155.0,7.75,2
7157.0,0.2779197688632071,5
7158.0,0.3333333333333335,4
7161.0,1.391304347826087,2
7163.0,0.1142857142857143,5
7164.0,0.25,3
7165.0,20.809090909090905,2
7168.0,0.3962147067949115,4
7178.0,0.7428571428571427,3
7179.0,48.5,2
7181.0,44.19934906427989,8
7182.0,6.817391304347827,2
7184.0,2.16780487804878,2
7186.0,0.1,2
7190.0,0.0270270270270269,2
7192.0,0.8503703703703704,3
7195.0,0.2343096234309625,7
7200.0,0.1165048543689319,7
7201.0,3.212121212121212,2
7209.0,3.8780487804878048,4
7213.0,0.2727272727272727,3
7216.0,0.8964285714285716,3
7219.0,0.75,4
7222.0,0.4007003501750876,2
7225.0,0.1666666666666667,5
7226.0,6.537688442211056,3
7233.0,0.0909090909090908,9
7235.0,0.6853932584269662,3
7237.0,0.1999999999999999,4
7238.0,4.337931034482759,5
7241.0,35.84423209489172,3
7244.0,0.8096961615391942,3
7245.0,0.1860940695296522,3
7249.0,4.35,4
7250.0,1.0845714285714283,4
7251.0,0.0845099242889297,4
7252.0,0.6000000000000001,2
7254.0,55.0,6
7255.0,0.6666666666666667,6
7257.0,2.0,5
7260.0,0.1109999999999999,2
7261.0,0.5263157894736843,6
7263.0,2.768844221105528,3
7264.0,0.2149532710280373,5
7265.0,0.0724832214765101,4
7268.0,15.553444180522565,3
7271.0,0.1333333333333333,6
7278.0,14.606060606060606,3
7279.0,0.2285714285714284,3
7283.0,1.9166666666666663,4
7289.0,0.2258064516129032,2
7290.0,0.125,4
7298.0,0.1999999999999999,6
7299.0,1.103448275862069,2
7304.0,1.9545454545454544,4
7305.0,47.57142857142857,3
7306.0,8.26830243902439,6
7307.0,0.0471428571428571,6
7308.0,0.0903030303030301,2
7312.0,1.9865771812080533,4
7316.0,0.0909090909090908,2
7317.0,0.036697247706422,8
7325.0,0.9491525423728812,6
7326.0,1.0421810699588478,6
7331.0,0.6828721017202695,3
7332.0,0.2159090909090908,3
7335.0,0.0083333333333333,5
7338.0,0.3999999999999999,4
7342.0,0.1875,3
7344.0,2.51423487544484,3
7345.0,2.1030603060306032,3
7347.0,0.5326666666666666,6
7349.0,1.670623145400593,5
7353.0,13.705882352941178,2
7354.0,0.3235294117647058,2
7355.0,0.5897333333333334,4
7356.0,0.1999999999999999,2
7359.0,0.3262195121951221,3
7360.0,19.38719817116731,2
7370.0,0.4417142857142857,2
7372.0,0.0402684563758388,2
7375.0,0.2416216216216216,4
7377.0,0.3513513513513513,2
7378.0,0.1534615384615383,2
7383.0,3.833333333333333,2
7386.0,3.5275,2
7388.0,0.4853033145716072,3
7390.0,14.0,2
7391.0,9.37037037037037,2
7392.0,0.8640613313388184,11
7401.0,0.173478260869565,4
7402.0,4.048780487804878,2
7404.0,0.1999999999999999,7
7405.0,0.364877161055505,2
7406.0,0.0833680700291787,4
7407.0,0.5306122448979591,4
7408.0,0.2962962962962963,6
7409.0,4.31582238899312,3
7411.0,0.5731578947368421,3
7416.0,0.011111111111111,2
7421.0,0.125,7
7422.0,1.0,4
7423.0,1.6333333333333335,2
7425.0,0.5371428571428571,5
7427.0,0.0435897435897436,3
7429.0,0.2703822255695725,6
7431.0,11.790697674418604,2
7434.0,0.3419354838709678,3
7435.0,0.05,9
7439.0,0.8181818181818181,4
7440.0,20.05263157894737,3
7441.0,1.4499999999999995,3
7443.0,0.0734463276836159,14
7447.0,0.7355371900826446,3
7454.0,26.666666666666668,2
7456.0,0.0235294117647058,2
7458.0,56.7319587628866,3
7459.0,0.1616216216216215,2
7468.0,0.9375,8
7472.0,15.265060240963855,6
7473.0,1.512562814070352,5
7474.0,0.596901408450704,5
7478.0,4.799999999999999,2
7483.0,1.7821428571428577,4
7484.0,8.60951008645533,5
7486.0,4.5423728813559325,4
7492.0,0.0124999999999999,3
7493.0,0.0114942528735633,4
7494.0,0.0980392156862746,5
7495.0,0.0855427713856928,3
7501.0,1.4545454545454546,4
7502.0,0.1698615548455802,7
7503.0,0.4070370370370371,5
7504.0,1.0,2
7507.0,0.0551851851851852,2
7508.0,0.1809364548494985,7
7515.0,0.2718181818181817,2
7516.0,1.6666666666666663,2
7519.0,0.1311475409836064,2
7520.0,0.7781729273171816,2
7521.0,0.5,4
7522.0,0.9519094766619518,4
7525.0,0.2105263157894736,5
7526.0,2.6923076923076925,5
7528.0,5.052631578947368,5
7530.0,0.92,2
7533.0,0.3963963963963963,2
7534.0,0.1866666666666667,3
7535.0,0.5555555555555556,3
7543.0,5.904761904761904,3
7549.0,0.1866666666666667,3
7552.0,1.180909090909091,3
7554.0,0.125,8
7555.0,0.2266666666666665,2
7556.0,0.355367231638418,5
7558.0,0.03125,5
7562.0,1.328125,5
7563.0,0.3930348258706466,3
7565.0,0.03,2
7569.0,1.4691111111111113,6
7572.0,0.2745098039215685,3
7576.0,1.8369453044375643,3
7593.0,0.6579406631762652,4
7598.0,0.0444444444444442,2
7599.0,2.0,2
7602.0,0.375,2
7605.0,0.2608695652173913,5
7609.0,0.5454545454545454,3
7610.0,1.2758620689655171,6
7611.0,0.4761904761904763,5
7613.0,0.2456140350877194,3
7620.0,0.0891219512195122,2
7622.0,1.5507704867843657,7
7624.0,3.140350877192983,3
7625.0,9.921052631578949,2
7627.0,0.277222222222222,4
7628.0,0.1039583333333333,6
7629.0,0.4285714285714286,2
7631.0,8.92,2
7633.0,3.369755244755245,8
7634.0,0.1300481659874028,5
7637.0,2.4302325581395348,2
7641.0,0.75,5
7642.0,0.689189189189189,2
7645.0,0.1298701298701297,4
7646.0,0.5827777777777776,8
7647.0,0.5,2
7648.0,0.5571428571428572,2
7651.0,0.2065517241379311,3
7654.0,13.499999999999998,2
7655.0,0.0149999999999999,3
7656.0,0.3124365571073542,6
7658.0,6.598784194528875,3
7662.0,0.1165048543689319,6
7665.0,0.3500000000000001,2
7667.0,0.6760531903005924,7
7668.0,0.4729950900163666,4
7673.0,3.245,2
7674.0,4.114776119402985,2
7675.0,4.218340611353712,2
7677.0,3.0012804097311143,4
7678.0,1.7982326951399117,7
7681.0,4.1442901234567895,6
7682.0,1.17687074829932,3
7692.0,0.7142857142857142,4
7693.0,0.4767441860465116,4
7695.0,2.995,2
7705.0,0.3256628314157079,5
7707.0,0.4385611510791367,3
7708.0,0.2384937238493722,3
7709.0,43.43636363636364,2
7710.0,0.1666666666666667,4
7715.0,0.875,8
7716.0,24.95,3
7728.0,0.1875390706397166,2
7729.0,0.0855714285714284,6
7731.0,0.1583011583011584,3
7735.0,0.0519480519480519,4
7740.0,0.1928651059085842,6
7741.0,37.6734693877551,2
7745.0,0.3465217391304347,2
7746.0,0.5625,4
7748.0,1.0,3
7750.0,0.0076744186046511,10
7751.0,0.2627349691490888,4
7752.0,0.1429252024773701,6
7755.0,0.1002004008016033,2
7756.0,6.520891364902507,4
7762.0,0.1958333333333333,3
7764.0,0.0476190476190476,4
7765.0,0.4090909090909091,4
7772.0,4.119047619047619,2
7777.0,0.5384615384615385,4
7778.0,3.166666666666667,2
7788.0,0.53125,2
7790.0,0.2965714285714287,2
7791.0,52.125,2
7803.0,0.0176,2
7807.0,0.2037037037037037,5
7809.0,0.0832167832167831,2
7810.0,0.0910332271279017,3
7811.0,0.0421428571428572,6
7812.0,0.1129943502824859,6
7814.0,0.54,2
7815.0,0.2504465880671669,2
7816.0,5.380510440835267,3
7818.0,0.1419999999999999,4
7819.0,9.72153846153846,4
7822.0,1.664233576642336,6
7823.0,0.132354903268846,3
7824.0,0.1172022684310016,4
7825.0,8.23076923076923,3
7826.0,0.6663333333333334,4
7828.0,1.2220512820512823,5
7830.0,0.01,2
7835.0,1.0015396458814472,8
7837.0,1.4182795698924728,3
7843.0,0.9666666666666666,2
7846.0,0.9403880776155232,2
7847.0,0.007983870967742,5
7848.0,1.0,2
7851.0,1.6923076923076923,3
7852.0,0.2266666666666668,4
7854.0,0.3168861476912818,3
7857.0,2.130434782608696,4
7861.0,1.1428571428571428,4
7863.0,26.775,3
7868.0,4.2631578947368425,3
7869.0,1.1,2
7870.0,0.3125,3
7874.0,4.0,2
7876.0,1.5006821282401095,7
7877.0,0.0803278688524591,7
7883.0,0.7137607186606778,2
7885.0,35.53846153846154,2
7889.0,18.444444444444443,2
7890.0,0.370806451612903,2
7894.0,0.0070093457943927,2
7896.0,0.9569471624266144,3
7897.0,0.1428571428571428,5
7898.0,3.7475,2
7905.0,0.011111111111111,4
7909.0,0.2279166666666665,7
7911.0,2.2,3
7912.0,0.224823081110506,4
7913.0,0.030181818181818,6
7919.0,0.0957446808510638,4
7922.0,0.5376923076923075,7
7923.0,0.875,2
7929.0,0.1235955056179776,4
7933.0,0.3,2
7934.0,4.0,2
7938.0,6.571428571428571,5
7940.0,1.0,2
7945.0,0.2112456939659963,6
7948.0,0.1142081189251003,2
7955.0,0.7088524590163934,8
7956.0,0.7625,2
7958.0,9.6,2
7960.0,0.5555555555555556,3
7963.0,0.0322826086956522,2
7964.0,4.16896551724138,2
7965.0,0.3757232866143758,8
7969.0,0.2390000000000001,6
7972.0,0.6516516516516515,3
7977.0,0.4393939393939394,4
7979.0,6.692307692307692,3
7981.0,0.132829373650108,2
7982.0,1.0,2
7983.0,0.0698,4
7984.0,2.000600120024005,3
7986.0,1.3333333333333337,2
7988.0,0.5117909407665504,3
7990.0,0.75,2
7993.0,2.8,2
7996.0,0.5151515151515151,4
7998.0,0.0869565217391303,5
7999.0,0.346153846153846,3
8004.0,0.0555555555555555,2
8005.0,1.323,2
8006.0,1.4880889359449443,2
8009.0,14.141955835962143,3
8010.0,0.238532110091743,3
8011.0,3.479310344827587,2
8012.0,22.07692307692308,4
8013.0,2.8076923076923075,2
8015.0,1.946428571428572,6
8018.0,0.7755102040816326,4
8020.0,0.4967117988394582,4
8028.0,2.2880000000000003,3
8029.0,0.2886597938144331,8
8035.0,0.3953488372093023,4
8036.0,8.25925925925926,2
8038.0,0.4642857142857142,2
8045.0,0.2224938875305622,4
8046.0,4.555555555555555,4
8048.0,4.283018867924529,2
8050.0,0.3333333333333332,4
8051.0,0.2101210121012102,7
8053.0,0.7375,4
8054.0,9.535117056856189,5
8057.0,1.0005001250312575,3
8059.0,0.0344827586206897,4
8061.0,3.00320256204964,7
8062.0,6.783543365455893,5
8068.0,0.0982306284319707,3
8069.0,0.1311111111111111,3
8071.0,0.48,2
8075.0,32.33333333333333,3
8080.0,1.4,2
8081.0,0.4042553191489362,4
8082.0,1.051282051282051,4
8083.0,0.0765765765765766,7
8087.0,0.7869907076483202,3
8089.0,0.0494719288493608,2
8092.0,0.56,2
8095.0,1.2672727272727276,6
8098.0,45.66666666666666,3
8101.0,0.2463076923076923,2
8103.0,1.608695652173913,2
8108.0,3.5504587155963305,4
8109.0,0.3333333333333332,2
8113.0,0.4410526315789473,5
8115.0,0.1248749999999998,2
8116.0,3.5531914893617023,3
8122.0,20.08433734939759,2
8124.0,5.5,6
8125.0,14.094339622641508,2
8131.0,0.1062499999999999,2
8132.0,10.304347826086955,3
8134.0,2.99,2
8139.0,3.0715502555366268,2
8140.0,0.5405405405405406,2
8144.0,0.3880597014925373,3
8146.0,2.0,4
8148.0,0.9420289855072465,2
8149.0,0.25,2
8153.0,0.1086086956521739,6
8154.0,1.380952380952381,2
8156.0,0.3157894736842106,3
8157.0,0.1123595505617978,2
8163.0,0.8757327080890973,3
8164.0,1.5380710659898478,5
8166.0,0.0221835580687255,2
8173.0,0.1686746987951808,5
8175.0,0.1222270552414093,3
8177.0,0.0075757575757575,5
8178.0,0.2048192771084338,4
8180.0,0.2927058823529411,4
8182.0,3.3561643835616435,2
8183.0,13.875384615384617,3
8185.0,3.185851820845542,4
8186.0,0.5001250312578145,5
8187.0,11.82051282051282,2
8188.0,3.225,7
8189.0,0.0888888888888888,2
8190.0,6.594936708860759,3
8191.0,0.2804878048780488,2
8192.0,1.0944741532976825,3
8195.0,0.25,4
8196.0,0.2501042100875366,3
8198.0,0.0585365853658537,2
8204.0,0.0226696892919056,2
8212.0,1.5641025641025643,2
8213.0,0.0370370370370369,4
8215.0,0.179245283018868,4
8220.0,0.1538461538461537,3
8221.0,0.1527058823529412,2
8226.0,12.100558659217876,5
8227.0,1.1171171171171168,3
8230.0,0.1817272727272727,3
8233.0,0.1473684210526316,6
8235.0,0.3804444444444443,4
8237.0,0.411764705882353,7
8238.0,1.959183673469388,3
8242.0,0.1118181818181818,6
8246.0,6.96,2
8247.0,0.0459770114942528,4
8253.0,0.1299999999999999,3
8262.0,1.9743589743589745,5
8263.0,0.3600000000000001,4
8264.0,0.0754545454545454,2
8267.0,9.625,2
8268.0,0.1132437619961612,2
8269.0,0.510144927536232,3
8273.0,0.0515021459227467,3
8274.0,1.8888888888888888,9
8275.0,0.8571428571428574,2
8279.0,0.6304347826086956,3
8280.0,3.781666666666667,4
8282.0,0.5243301178992497,5
8284.0,5.0,3
8285.0,0.1024822180287414,8
8292.0,0.4880952380952381,5
8294.0,0.5375399361022364,3
8296.0,1.0,2
8299.0,2.031687995124924,4
8300.0,12.999999999999998,2
8302.0,0.1871875,5
8303.0,5.0,2
8305.0,0.04,3
8309.0,0.5789473684210527,2
8312.0,0.0188679245283018,3
8313.0,0.5920000000000001,2
8315.0,0.144578313253012,6
8321.0,0.0725454545454546,4
8322.0,4.475714285714285,5
8325.0,0.4279999999999999,4
8326.0,0.026634382566586,9
8327.0,24.85,2
8331.0,0.0974999999999999,4
8334.0,0.2318840579710144,6
8335.0,0.0998333333333332,4
8341.0,3.069529652351738,3
8343.0,1.0,2
8345.0,0.0940919037199126,3
8348.0,2.2196969696969697,3
8352.0,0.2169565217391302,2
8357.0,0.0967003623879458,7
8358.0,0.8429629629629629,5
8359.0,0.7482517482517483,2
8363.0,0.0004547521600728,5
8365.0,2.5454545454545454,3
8367.0,1.020820575627679,2
8372.0,0.0357894736842105,5
8375.0,0.1208333333333333,7
8376.0,0.2969213939678072,6
8378.0,0.0475238095238095,3
8379.0,3.585170340681362,4
8380.0,0.3725490196078431,4
8381.0,0.2158333333333333,6
8383.0,1.2885732730794062,3
8385.0,0.4411764705882353,3
8389.0,0.05,9
8392.0,0.043391304347826,5
8393.0,0.9882352941176472,5
8394.0,0.04,6
8395.0,0.25,8
8396.0,3.395126196692776,4
8399.0,0.0616578195181707,2
8401.0,0.8,4
8405.0,2.332666666666667,2
8407.0,0.1385148514851484,5
8408.0,0.3064770932069511,3
8409.0,0.625,6
8410.0,0.8583999999999998,2
8411.0,1.2000000000000002,2
8414.0,1.5,2
8419.0,0.2634042553191489,2
8423.0,0.3036231884057971,5
8425.0,0.6857142857142857,2
8427.0,1.665,2
8428.0,0.1675977653631284,3
8429.0,0.175,6
8431.0,0.1712857142857142,5
8435.0,0.1175294117647058,7
8436.0,0.7512508934953539,5
8440.0,0.3846153846153846,3
8445.0,3.3273986152324437,3
8446.0,0.1764705882352941,4
8451.0,0.28,3
8453.0,7.125,3
8455.0,35.83684210526316,3
8456.0,0.0929013816102908,4
8457.0,0.25,7
8459.0,0.1491935483870967,2
8461.0,0.3571428571428572,2
8463.0,0.6228315612758812,3
8464.0,1.985074626865672,5
8466.0,3.4895168641750223,3
8468.0,0.3596000000000001,3
8469.0,1.0417262074878533,2
8470.0,0.6981132075471699,3
8472.0,4.384615384615385,2
8473.0,0.0353571428571428,2
8474.0,2.015873015873016,4
8481.0,0.4090909090909091,10
8485.0,0.4285714285714286,4
8488.0,0.2857142857142858,4
8489.0,0.8666666666666667,2
8490.0,5.761904761904763,4
8492.0,0.1428571428571428,4
8494.0,2.782079164854285,4
8495.0,0.6666666666666667,4
8497.0,0.1167985109353189,2
8501.0,0.0260795211628901,4
8504.0,0.03125,5
8508.0,3.657428791377983,9
8509.0,2.8636363636363638,2
8510.0,2.7635294117647056,2
8511.0,0.8913513513513514,4
8512.0,0.181578947368421,3
8513.0,34.09615384615385,4
8514.0,2.571428571428572,2
8515.0,0.3389830508474576,4
8518.0,3.782608695652175,2
8519.0,4.325581395348837,6
8523.0,4.448809946714029,2
8526.0,0.0185185185185186,8
8530.0,1.2577419354838706,4
8534.0,0.1333333333333333,2
8535.0,0.3600000000000001,2
8536.0,0.4599999999999999,3
8537.0,0.1023387096774193,4
8540.0,0.0665077174049442,8
8542.0,0.0829320492241838,3
8546.0,0.2787878787878788,4
8547.0,0.5072463768115942,3
8548.0,0.2926829268292683,3
8550.0,0.5893099180859214,3
8551.0,0.0422094841063054,2
8552.0,1.1590909090909092,2
8556.0,1.88,2
8559.0,0.2391304347826086,5
8560.0,0.5021568627450981,4
8561.0,0.2265331664580725,4
8562.0,0.0396039603960396,9
8564.0,0.1428571428571428,3
8565.0,1.4764890282131664,4
8569.0,1.0623750000000003,4
8573.0,0.2113617376775272,4
8575.0,9.793650793650794,3
8576.0,0.2122436609758562,3
8577.0,0.6470588235294117,6
8583.0,3.1200706297822256,5
8584.0,1.0,2
8585.0,0.0952960876845792,2
8586.0,0.142621359223301,10
8587.0,1.875,2
8591.0,0.0422085889570538,7
8593.0,0.3751718964870609,4
8598.0,0.1086363636363636,3
8599.0,0.0917647058823529,2
8600.0,0.0672727272727273,2
8601.0,0.404494382022472,5
8602.0,5.052631578947368,4
8605.0,0.3753438359589895,3
8611.0,0.0441176470588235,4
8612.0,1.02757502027575,3
8617.0,0.318301663787617,3
8630.0,0.3157894736842106,2
8635.0,3.316546762589928,6
8636.0,0.1369230769230769,4
8637.0,0.1695136262876515,4
8639.0,1.4,5
8641.0,2.030303030303032,3
8651.0,0.6664999999999999,2
8653.0,0.1944444444444444,8
8655.0,0.5076923076923079,3
8656.0,3.6187290969899664,3
8658.0,0.4805922368947579,2
8662.0,4.6571428571428575,2
8665.0,0.0869565217391303,2
8667.0,0.2180793015642053,8
8668.0,0.1377190567942012,2
8672.0,1.3333333333333337,3
8673.0,0.7692307692307692,2
8676.0,2.005050505050505,4
8682.0,3.811111111111111,8
8683.0,0.2416427889207257,3
8686.0,0.1477272727272727,3
8687.0,0.2307692307692308,4
8690.0,0.6896551724137931,4
8692.0,0.8,2
8693.0,1.1176470588235294,5
8694.0,3.006677796327212,2
8695.0,0.0419354838709677,3
8697.0,2.333333333333333,5
8698.0,0.2905776056792513,4
8702.0,0.08,5
8705.0,15.216216216216218,3
8706.0,1.5168350168350164,2
8715.0,1.25,4
8718.0,0.0071942446043165,2
8719.0,13.285714285714286,2
8720.0,0.066844474079013,2
8721.0,1.0721686316541623,2
8723.0,1.020408163265306,3
8725.0,0.2921348314606742,3
8726.0,0.2183181072850784,6
8727.0,7.172413793103448,7
8730.0,0.0777777777777777,3
8736.0,0.5151515151515151,2
8739.0,1.0689655172413794,2
8743.0,0.01,5
8744.0,0.7302434144714907,3
8747.0,0.0969162995594712,4
8751.0,0.1250260470931443,9
8752.0,11.659999999999998,2
8756.0,1.370967741935484,3
8757.0,0.8343949044585988,2
8761.0,0.256281407035176,2
8762.0,0.0218978102189781,4
8770.0,4.0028587764436825,5
8774.0,0.0827374872318691,6
8781.0,0.1739130434782609,8
8783.0,0.1487603305785123,7
8786.0,0.2428571428571428,2
8789.0,0.4901886792452832,6
8790.0,0.7733870967741936,4
8796.0,0.952,2
8798.0,0.3333333333333332,2
8800.0,0.2820512820512819,2
8801.0,2.2,2
8803.0,5.0606060606060606,8
8805.0,2.0484782608695653,2
8807.0,0.2173913043478261,5
8808.0,0.07,2
8810.0,0.5615615615615617,4
8813.0,0.3,2
8817.0,0.5015384615384615,4
8818.0,0.28,2
8819.0,0.400720576461169,7
8824.0,4.403669724770642,2
8826.0,0.0606060606060605,4
8829.0,2.72,3
8830.0,13.6875,2
8832.0,26.66666666666667,2
8835.0,1.2222222222222223,2
8837.0,1.558139534883721,2
8838.0,2.215051202667301,3
8843.0,3.0,2
8849.0,0.7638888888888888,2
8851.0,4.0,2
8853.0,3.5,2
8855.0,0.1707317073170731,4
8858.0,3.1793643883326084,2
8859.0,3.4444444444444446,2
8861.0,1.737064413938754,6
8865.0,0.935483870967742,2
8869.0,3.560964513193812,2
8870.0,0.6666666666666667,3
8872.0,0.3258691809074838,2
8874.0,0.0124887488748874,7
8878.0,1.2900763358778624,2
8879.0,11.350877192982455,2
8885.0,0.8301886792452828,3
8886.0,0.8333333333333333,2
8888.0,25.85196374622356,2
8889.0,22.428571428571427,4
8892.0,2.148031496062992,5
8894.0,0.3611111111111111,5
8898.0,3.406779661016949,2
8900.0,0.0666666666666666,2
8901.0,1.420588235294118,2
8903.0,0.1111111111111111,4
8906.0,0.1538461538461537,4
8907.0,0.1,3
8911.0,0.013860465116279,4
8912.0,0.9714285714285712,2
8916.0,0.2461538461538461,2
8919.0,0.0595238095238095,8
8922.0,0.08704,9
8924.0,0.1157119852772026,11
8926.0,11.5,3
8927.0,0.0434782608695651,4
8930.0,0.0416666666666667,4
8931.0,0.8663101604278074,3
8933.0,0.3953488372093023,4
8934.0,11.6,2
8937.0,0.0931623931623932,6
8938.0,0.0690277777777776,4
8941.0,0.2333333333333334,2
8945.0,3.1638888888888888,2
8946.0,0.3255813953488371,6
8947.0,0.1481481481481481,3
8949.0,1.1025641025641026,4
8950.0,0.1785714285714286,3
8951.0,3.2030769230769227,5
8953.0,8.888,4
8956.0,0.0390895596239484,3
8961.0,0.0494169096209913,4
8969.0,0.2222222222222223,2
8970.0,0.044707723259193,14
8971.0,54.99999999999999,2
8978.0,0.5003334074238719,4
8981.0,3.0,2
8984.0,0.3799999999999999,4
8988.0,0.3115624999999999,7
8990.0,12.2,3
8993.0,4.777333333333334,2
8994.0,2.6231884057971016,3
8995.0,0.1278195488721805,3
8996.0,26.44186046511628,2
8998.0,0.1594202898550725,5
9001.0,0.0566666666666666,4
9005.0,13.5,4
9008.0,23.615384615384613,2
9010.0,0.2607826086956522,5
9012.0,0.5931034482758621,5
9014.0,4.809302325581395,3
9015.0,1.5059144676979073,2
9017.0,4.9577482395099794,2
9018.0,0.5,2
9019.0,1.5588888888888892,3
9023.0,0.0914227015921931,5
9025.0,9.74766355140187,3
9027.0,1.1226415094339623,3
9028.0,3.802401200600301,5
9030.0,4.842105263157895,3
9031.0,0.30952,2
9032.0,0.0212765957446807,2
9040.0,0.3098591549295775,4
9046.0,0.4880952380952381,6
9047.0,0.1555555555555554,9
9052.0,26.77777777777778,2
9053.0,0.6153846153846154,3
9054.0,0.0448288033886339,3
9056.0,0.3058943089430896,2
9059.0,0.0095238095238094,3
9060.0,3.545454545454546,4
9062.0,1.3183805567225253,4
9063.0,0.089655172413793,2
9066.0,0.0339506172839505,3
9068.0,0.072560975609756,2
9071.0,0.1945652173913044,7
9072.0,1.1818181818181817,3
9075.0,0.8666666666666667,3
9076.0,0.411764705882353,2
9079.0,2.3846153846153846,3
9081.0,0.2221481481481482,2
9082.0,0.2933333333333334,2
9084.0,0.1461736887360276,3
9085.0,1.84,3
9086.0,1.3333333333333337,3
9087.0,0.1875,2
9090.0,0.928782707622298,4
9094.0,0.0925925925925925,2
9095.0,17.553191489361705,2
9099.0,0.1363636363636364,4
9106.0,0.4666666666666665,6
9108.0,0.0084881082443903,3
9112.0,0.1728058208276488,3
9117.0,0.1125,9
9119.0,2.40625,3
9124.0,0.0775193798449611,5
9125.0,5.65,2
9126.0,0.7857142857142858,7
9132.0,3.9,2
9136.0,0.2676009342676011,3
9137.0,0.0333333333333334,2
9138.0,0.4284761904761904,7
9141.0,0.0784210526315789,2
9142.0,0.0709909909909909,5
9146.0,0.0001429592566117,3
9149.0,4.0,2
9150.0,2.6666666666666665,2
9152.0,0.0434971726837756,6
9153.0,5.571428571428571,3
9155.0,5.012658227848101,3
9158.0,0.25,2
9159.0,0.4157522123893804,3
9160.0,11.515644555694616,3
9161.0,0.1694117647058823,2
9162.0,0.2520868113522536,6
9163.0,2.0909090909090904,2
9164.0,0.0007698229407235,3
9167.0,0.1200000000000001,2
9168.0,1.1749999999999998,3
9171.0,0.1491935483870967,4
9173.0,0.2199999999999999,2
9174.0,0.0260619741432384,3
9178.0,0.1,3
9182.0,13.08181818181818,2
9187.0,0.4225500526870389,3
9188.0,0.1965425531914892,2
9189.0,4.909090909090909,5
9190.0,0.0745,2
9192.0,1.3393617021276598,6
9193.0,12.196000000000002,3
9198.0,0.4545454545454546,3
9200.0,0.0553356786866021,6
9203.0,0.998,3
9204.0,3.16,3
9205.0,32.47272727272727,4
9206.0,0.2045454545454545,2
9210.0,0.3571428571428572,4
9212.0,0.8285714285714285,2
9214.0,0.2669482107134917,2
9216.0,0.0132203389830509,5
9217.0,21.105263157894736,3
9218.0,6.160048134777377,3
9219.0,1.8813559322033897,3
9220.0,1.2569444444444442,3
9223.0,0.2838709677419355,4
9224.0,0.1451532567049807,4
9225.0,0.9455252918287936,8
9228.0,19.666666666666668,2
9229.0,2.0,2
9233.0,0.1986666666666667,4
9234.0,0.1200000000000001,2
9235.0,1.2571428571428576,2
9236.0,0.0424028268551237,2
9242.0,1.8055555555555556,2
9243.0,9.03448275862069,2
9245.0,1.823529411764706,7
9247.0,0.0784077201447526,6
9248.0,0.1099999999999998,2
9249.0,0.1666666666666667,6
9250.0,11.479166666666668,3
9252.0,0.2307692307692308,6
9253.0,23.0,4
9254.0,0.2497727272727272,3
9258.0,0.76,3
9260.0,4.991735537190083,3
9261.0,0.298863021115322,3
9263.0,22.97142857142857,2
9266.0,0.0316455696202531,5
9270.0,0.7127619047619047,5
9271.0,1.094240837696335,6
9272.0,0.0930232558139534,2
9277.0,0.0208333333333332,2
9284.0,0.0904545454545455,3
9285.0,0.4305555555555556,3
9286.0,0.5,4
9289.0,0.470294117647059,4
9295.0,56.0,2
9297.0,0.0728813559322034,3
9298.0,0.09375,3
9301.0,0.143323805634953,5
9304.0,0.3371237458193978,3
9305.0,0.2173913043478261,3
9306.0,0.8737502342187793,2
9307.0,0.6424074074074073,3
9310.0,1.8333333333333333,2
9318.0,4.666666666666667,4
9319.0,0.1956521739130434,8
9324.0,1.7506876719179791,5
9326.0,0.8401442307692308,4
9332.0,0.127906976744186,3
9337.0,0.0601413521802907,7
9342.0,27.57142857142857,2
9345.0,0.0425088016690573,6
9347.0,19.114942528735632,3
9348.0,0.2514285714285713,2
9351.0,0.0623437499999999,5
9353.0,0.8696774193548387,2
9354.0,0.1966666666666667,4
9355.0,0.2280701754385965,2
9356.0,0.3,3
9361.0,39.26845637583892,7
9363.0,0.1218367346938775,3
9364.0,15.267441860465116,3
9370.0,0.2637681159420291,2
9371.0,1.2500000000000004,2
9372.0,0.1432941176470588,6
9373.0,2.4482068965517243,2
9375.0,0.2999,3
9378.0,0.6666666666666667,4
9380.0,0.4512313151951823,5
9381.0,0.9262981574539362,4
9384.0,0.0583333333333333,5
9385.0,0.1118749999999999,3
9386.0,0.0793999999999999,8
9390.0,0.0633307271305707,8
9391.0,0.1362727272727273,7
9400.0,0.6000000000000001,3
9401.0,2.333333333333333,3
9404.0,10.633333333333336,3
9405.0,2.4,2
9407.0,20.33333333333333,4
9408.0,0.2428571428571428,4
9410.0,23.489795918367346,3
9416.0,0.188821752265861,5
9417.0,0.3157894736842106,2
9420.0,0.072072072072072,8
9425.0,1.0571428571428574,2
9430.0,2.7065502183406114,5
9434.0,2.333333333333333,3
9436.0,0.6382978723404256,5
9438.0,0.9997959183673468,7
9439.0,2.1111111111111107,2
9441.0,5.25,2
9442.0,0.5358361774744027,3
9443.0,1.4120603015075377,2
9444.0,2.9904615384615383,2
9445.0,0.4446914952751528,2
9450.0,0.0895454545454546,6
9455.0,0.3999999999999999,2
9458.0,36.810810810810814,4
9459.0,2.0,2
9460.0,0.0124999999999999,5
9461.0,1.2127765970746345,7
9462.0,1.59009009009009,3
9465.0,0.1,3
9467.0,0.4284285714285714,4
9468.0,54.98,4
9469.0,0.0548965517241379,3
9476.0,1.0909090909090908,2
9478.0,0.2221481481481482,4
9479.0,0.875,2
9481.0,0.9917119176907688,2
9488.0,0.1600928074245939,2
9490.0,2.8,5
9491.0,1.8999999999999997,2
9496.0,0.1811811811811812,3
9500.0,2.166666666666667,2
9502.0,0.0067226890756302,3
9506.0,0.2192682926829268,4
9507.0,0.1789473684210525,12
9508.0,0.0737380058406342,10
9511.0,2.001500750375188,4
9512.0,0.6800000000000002,3
9514.0,1.3078935220803205,5
9515.0,23.0,2
9518.0,2.34448160535117,3
9520.0,1.36,2
9521.0,0.2676056338028167,3
9522.0,0.096551724137931,3
9528.0,0.1052631578947369,4
9532.0,0.8321961081627496,5
9535.0,5.452830188679245,2
9536.0,0.3461538461538462,4
9537.0,0.1391139240506329,4
9538.0,0.3653793103448275,3
9543.0,0.2272727272727273,4
9544.0,7.0,2
9546.0,0.5761818181818181,4
9547.0,0.752,5
9548.0,1.1403508771929824,3
9550.0,0.0400160064025609,4
9555.0,0.1851851851851851,3
9564.0,16.98,3
9567.0,19.571428571428573,2
9570.0,2.228931223764934,2
9571.0,0.3026168224299064,5
9572.0,0.4278571428571429,6
9576.0,2.0,2
9577.0,0.0252100840336133,5
9578.0,1.5499999999999998,3
9580.0,0.0666666666666666,5
9581.0,0.0943396226415094,7
9588.0,0.0032362459546926,2
9594.0,2.8181818181818183,2
9598.0,0.1101851851851851,4
9601.0,0.1277853569804456,2
9602.0,2.751375687843922,2
9603.0,0.0877551020408162,4
9606.0,0.7171717171717171,2
9608.0,0.083050847457627,7
9609.0,1.50965250965251,2
9612.0,0.2820512820512821,3
9617.0,0.6666666666666667,7
9618.0,4.2,2
9622.0,0.2505210504376824,3
9625.0,24.0,2
9627.0,27.166666666666664,2
9630.0,1.5,3
9631.0,0.0004349717268379,2
9632.0,0.2666666666666668,2
9633.0,0.6216216216216215,2
9637.0,21.4,2
9641.0,2.298655163664045,2
9644.0,1.18125,4
9647.0,41.11212121212122,3
9651.0,0.7884615384615385,3
9652.0,0.43662484088016,6
9654.0,3.3488372093023253,3
9655.0,4.0,5
9656.0,0.2844036697247705,6
9658.0,6.666666666666667,5
9659.0,2.172334952843669,5
9660.0,0.0263157894736842,4
9661.0,56.92304509722797,2
9663.0,0.8722749422928955,3
9665.0,2.126302626094206,8
9667.0,1.725,2
9668.0,0.1142857142857143,4
9669.0,32.333333333333336,5
9670.0,0.0670223407802601,3
9671.0,0.6172222222222223,8
9673.0,0.1076923076923077,8
9674.0,0.4002800560112021,4
9675.0,8.072727272727272,2
9678.0,0.6446271807978665,7
9683.0,0.8367346938775511,9
9684.0,0.1976284584980236,7
9686.0,0.08,5
9689.0,0.0588581518540318,3
9692.0,7.361204013377927,4
9695.0,0.0628368794326241,4
9696.0,0.0476190476190476,7
9697.0,3.3636363636363638,6
9705.0,0.0698198198198198,4
9707.0,1.4324324324324325,2
9708.0,0.1547619047619046,10
9709.0,1.8125,2
9710.0,0.6000000000000001,3
9718.0,0.6015625,2
9720.0,0.1379310344827586,6
9721.0,34.552,2
9722.0,6.15307582260372,5
9724.0,0.315657894736842,6
9725.0,0.2375,2
9726.0,2.3813043478260867,5
9730.0,0.2395833333333334,4
9740.0,0.6915384615384614,2
9747.0,0.3360053440213759,3
9749.0,0.1527272727272728,6
9753.0,0.0195652173913043,2
9759.0,0.095759885659838,3
9760.0,0.4871794871794872,2
9767.0,0.0538461538461538,9
9768.0,0.0523114355231142,4
9770.0,0.0630824372759857,8
9771.0,0.3029230769230768,2
9775.0,0.518901890189019,4
9776.0,0.8857142857142859,5
9781.0,0.4268292682926828,8
9787.0,4.230125523012552,3
9791.0,0.1071428571428572,6
9793.0,5.666666666666666,4
9795.0,0.180081855388813,2
9798.0,0.0958333333333334,3
9805.0,0.1222444889779557,5
9810.0,1.3389830508474576,2
9815.0,3.6154302670623135,5
9816.0,0.4193548387096775,3
9828.0,0.017746913580247,6
9833.0,5.666666666666667,2
9834.0,0.4726315789473685,4
9839.0,0.3234411470490164,2
9840.0,0.115668937527178,7
9841.0,10.139564660691422,3
9842.0,0.5023372287145242,6
9843.0,0.0743243243243243,3
9845.0,0.1109999999999999,3
9846.0,1.9411764705882355,3
9848.0,1.5333333333333332,4
9849.0,1.3571428571428572,4
9851.0,4.709387755102041,3
9853.0,1.6325026325026326,3
9855.0,0.0579806731089636,4
9856.0,0.1680898876404493,7
9859.0,1.098360655737705,5
9861.0,8.899999999999999,2
9862.0,0.967080745341615,6
9863.0,0.3488305352274359,6
9865.0,0.3753690827697877,6
9868.0,0.0545454545454544,3
9871.0,9.37037037037037,2
9873.0,0.062200956937799,3
9880.0,44.0,2
9881.0,0.3690987124463518,4
9884.0,0.2349799732977302,3
9885.0,0.411764705882353,4
9886.0,24.0,2
9887.0,9.833333333333334,2
9890.0,0.3913043478260869,3
9891.0,1.143469562732209,4
9893.0,0.7766666666666668,2
9895.0,16.931034482758623,3
9900.0,0.3638568829593693,4
9902.0,0.0476190476190476,2
9905.0,0.4166666666666667,6
9910.0,0.2944682436207859,6
9912.0,0.8444444444444446,10
9916.0,34.78947368421053,2
9920.0,0.0666666666666666,6
9921.0,0.2658227848101264,3
9922.0,7.272219637040486,6
9924.0,0.2121212121212121,5
9926.0,6.894736842105263,3
9929.0,1.0833333333333337,4
9931.0,54.55555555555556,3
9932.0,0.02,2
9934.0,1.896261190100053,2
9935.0,0.696969696969697,4
9938.0,47.14814814814815,3
9943.0,0.989247311827957,4
9947.0,3.8,8
9951.0,1.7690769230769234,3
9952.0,4.761185185185185,2
9953.0,3.078469387755102,3
9963.0,2.636363636363636,3
9969.0,0.5153583617747439,3
9970.0,0.1081081081081081,4
9972.0,9.851419031719532,3
9976.0,2.333333333333333,3
9979.0,4.0,2
9980.0,0.5827338129496402,6
