punk_id,eth_diff
0.0,24.02
1.0,59.58
14.0,1.6
53.0,109.99000000000001
89.0,18.49
116.0,1.2
118.0,0.1999999999999993
124.0,2.0
138.0,43.99
139.0,62.91000000000001
141.0,5.509999999999998
143.0,173.5
150.0,10.990000000000009
160.0,23.0
161.0,67.25999999999999
169.0,55.0
173.0,49.900000000000006
197.0,-5.0
203.0,44.95
211.0,83.3
229.0,4.950000000000003
234.0,44.010000000000005
239.0,2.0500000000000007
240.0,42.0
252.0,45.0
257.0,49.5
258.0,15.0
259.0,124.5
260.0,115.0
273.0,263.0
280.0,-0.95
283.0,-27.279999999999998
285.0,2.0
286.0,5.509999999999998
287.0,-2.4899999999999984
291.0,8.0
294.0,10.0
300.0,4.260000000000005
308.0,49.6
312.0,70.3
318.0,1.0
322.0,4.0
328.0,30.12
329.0,-0.08999999999999986
332.0,-6.239999999999998
335.0,48.0
339.0,189.0
340.0,90.0
341.0,100.01
342.0,127.19
349.0,5.799999999999997
352.0,1.1999999999999993
353.0,85.0
355.0,0.15000000000000002
365.0,23.23
368.0,50.010000000000005
376.0,4.91
381.0,16.01
382.0,129.49
384.0,24.200000000000003
385.0,91.96
387.0,-70.0
399.0,4.900000000000006
402.0,0.9899999999999984
406.0,256.5
407.0,4.0
422.0,80.00999999999999
423.0,74.0
426.0,17.95
430.0,16.41
435.0,28.05
445.0,144.35
446.0,13.989999999999998
447.0,10.5
449.0,17.76
457.0,104.94999999999999
470.0,1.0899999999999999
473.0,6.989999999999998
483.0,64.5
486.0,27.0
488.0,2.2600000000000016
489.0,45.5
490.0,48.1
494.0,95.0
497.0,-0.010000000000001563
501.0,124.35
503.0,61.0
505.0,25.75
506.0,29.0
509.0,3.0500000000000007
510.0,20.05
512.0,97.49000000000001
522.0,0.00999999999999801
534.0,64.95
538.0,1.0100000000000016
544.0,5.49
548.0,46.4
550.0,17.989999999999995
551.0,7.380000000000003
561.0,478.0
563.0,60.0
564.0,39.489999999999995
570.0,15.989999999999995
573.0,274.88
586.0,40.0
588.0,30.0
591.0,1.3000000000000007
593.0,25.0
596.0,8.469999999999999
604.0,0.0
608.0,165.0
610.0,218.0
613.0,72.5
616.0,89.0
617.0,-3.6000000000000014
618.0,72.26
620.0,27.01
622.0,88.0
627.0,128.9899
628.0,97.88
632.0,15.5
636.0,19.989999999999995
638.0,162.0
639.0,127.0
642.0,118.8
643.0,56.31
648.0,42.4
650.0,34.99000000000001
660.0,73.31
661.0,51.0
669.0,6.700000000000003
678.0,2.1900000000000013
682.0,-6.0
686.0,60.0
690.0,29.310000000000002
695.0,1.4000000000000057
698.0,157.5
700.0,2.6299999999999955
703.0,87.01
704.0,39.010000000000005
709.0,106.75
713.0,40.0
715.0,2.3999999999999986
716.0,31.99000000000001
717.0,5.209999999999999
718.0,6.989999999999995
729.0,-1.9899999999999984
730.0,2.5
735.0,85.09
740.0,-10.010000000000005
743.0,-0.7899999999999991
749.0,15.010000000000002
750.0,86.0
751.0,126.5
759.0,12.000000000000004
769.0,44.7
773.0,38.010000000000005
774.0,7.0
777.0,17.49
782.0,69.99000000000001
784.0,94.0
793.0,-7.049999999999997
794.0,50.0
797.0,21.310000000000002
800.0,15.079999999999984
803.0,6.949999999999999
807.0,8.8
812.0,14.0
814.0,100.88
817.0,48.0
819.0,2.0
820.0,-4.850000000000001
824.0,170.0
825.0,24.990000000000002
827.0,122.0
836.0,66.7
838.0,2.49
839.0,3.490000000000002
843.0,101.39
845.0,20.509999999999998
852.0,31.0
853.0,1.5
855.0,74.91000000000001
857.0,10.0
861.0,135.7
862.0,15.789999999999992
875.0,1.6
877.0,158.3
880.0,31.0
883.0,159.49
886.0,18.000000000000004
891.0,140.99
898.0,57.730000000000004
900.0,3.0
906.0,63.6
907.0,68.73
913.0,9.950000000000003
914.0,3.5
915.0,84.6
916.0,90.0
920.0,127.0
923.0,65.01
924.0,253.19
931.0,2.49
939.0,30.0
943.0,0.0
948.0,55.0
950.0,-0.2
952.0,41.7
965.0,2.0
973.0,4.989999999999995
981.0,16.99
983.0,-84.0
985.0,96.0
991.0,74.01
992.0,35.2
993.0,19.5
998.0,3.15
1000.0,149.25
1001.0,167.695
1003.0,0.0
1005.0,12.0
1006.0,3.75
1007.0,44.5
1009.0,75.0
1010.0,32.0
1011.0,100.35
1013.0,119.51
1014.0,99.52
1015.0,-15.780000000000001
1027.0,289.77
1029.0,72.75
1030.0,23.5
1036.0,0.85
1041.0,4.100000000000001
1043.0,19.879999999999995
1044.0,19.799999999999997
1045.0,76.5
1052.0,0.03999999999999998
1054.0,23.79
1060.0,0.64
1062.0,75.25
1068.0,0.0
1071.0,33.67
1072.0,86.55
1075.0,31.79
1083.0,-0.21169498926531102
1084.0,18.25
1085.0,-44.05
1091.0,7.010000000000005
1092.0,89.85
1094.0,198.5
1095.0,40.0
1096.0,2.5
1100.0,24.45
1102.0,87.9
1110.0,18.0
1116.0,104.85
1118.0,44.0
1119.0,200.04000000000002
1123.0,52.0
1127.0,9.75
1129.0,0.5
1139.0,10.990000000000002
1142.0,88.01
1146.0,40.85
1151.0,-0.990000000000002
1155.0,47.800000000000004
1160.0,6.119999999999999
1161.0,66.96000000000001
1162.0,72.99
1170.0,0.06999999999999999
1173.0,8.400000000000006
1175.0,26.900000000000006
1180.0,98.88
1183.0,84.1
1186.0,50.0
1187.0,-15.099999999999994
1190.0,368.0
1196.0,12.5
1205.0,8.5
1209.0,155.0
1210.0,25.0
1211.0,0.13999999999999999
1212.0,22.71
1215.0,57.865
1216.0,0.30000000000000004
1225.0,78.0
1234.0,0.5
1236.0,-0.12
1238.0,4.11
1240.0,14.0
1241.0,104.0
1243.0,53.989999999999995
1244.0,1.65
1251.0,122.01
1253.0,28.299000000000003
1254.0,54.6944444
1256.0,0.10000000000000003
1257.0,0.04000000000000001
1261.0,14.989999999999995
1266.0,24.95
1267.0,103.86
1269.0,78.0
1270.0,149.9
1271.0,113.0
1275.0,65.99
1279.0,29.74000000000001
1280.0,1.25
1287.0,48.638999999999996
1288.0,0.0
1289.0,36.010000000000005
1290.0,121.65
1299.0,24.7
1302.0,69.5
1308.0,48.0
1315.0,99.78
1316.0,93.45
1319.0,9.150000000000006
1320.0,6.010000000000002
1321.0,-3.0
1324.0,1.3049
1325.0,5.879999999999999
1326.0,38.5
1328.0,125.0
1330.0,2.5
1334.0,2.75
1335.0,1.98
1338.0,32.916
1340.0,-14.81
1345.0,1.75
1349.0,22.9
1350.0,12.489999999999998
1351.0,3.53
1353.0,42.5
1360.0,1.27
1361.0,-7.0
1362.0,70.83
1369.0,100.58
1370.0,-1.0
1374.0,0.3999999999999999
1376.0,17.9699999998
1378.0,0.4800000000000004
1379.0,86.2
1385.0,17.916
1386.0,97.01
1387.0,13.716000000000001
1388.0,20.710000000000004
1389.0,4.389999999999999
1392.0,142.78
1394.0,80.75
1396.0,0.1401
1397.0,19.915574096146205
1398.0,28.88
1401.0,114.92
1402.0,0.3999999999999986
1403.0,-0.020000000000000018
1407.0,0.07999999999999996
1416.0,5.0
1417.0,111.97999999999999
1420.0,5.009999999999998
1422.0,499.8
1424.0,49.52
1425.0,-0.04999999999999999
1426.0,66.88
1430.0,67.87100000000001
1435.0,3.710000000000001
1436.0,15.75
1439.0,65.95
1440.0,49.75
1443.0,87.5
1446.0,54.01
1447.0,49.5
1448.0,5.5
1451.0,-1.5
1454.0,48.95
1456.0,0.3555
1458.0,29.0
1462.0,95.99
1463.0,107.75
1464.0,90.95
1467.0,17.25
1469.0,9.89
1473.0,11.7
1474.0,44.89
1475.0,85.75
1476.0,83.00999999999999
1479.0,1.0
1480.0,66.84
1482.0,74.1944444
1489.0,21.089999999999996
1490.0,21.25
1495.0,8.010000000000002
1502.0,76.95
1504.0,22.710000000000004
1507.0,99.87
1509.0,0.030000000000000027
1510.0,3.49
1512.0,-0.239
1513.0,1.990000000000002
1514.0,75.0
1516.0,28.2
1517.0,22.0
1519.0,0.64
1520.0,79.78999999999999
1521.0,17.61
1522.0,6.825
1523.0,5.0
1524.0,1.1600000000000001
1527.0,5.98
1532.0,140.0
1533.0,118.2
1535.0,1.0
1537.0,1.95
1539.0,-0.19999999999999998
1546.0,49.4
1548.0,23.37
1552.0,-1.4899999999999984
1555.0,0.07677777999999999
1557.0,93.1944444
1558.0,24.925
1561.0,56.91000000000001
1564.0,-2.789999999999999
1565.0,0.37
1566.0,13.0
1575.0,69.33
1580.0,76.85000000000001
1581.0,0.38
1585.0,24.879900006181
1586.0,25.91
1587.0,6.0
1588.0,98.01
1589.0,23.925
1590.0,1.9
1592.0,21.67
1594.0,58.95
1605.0,88.6
1610.0,0.22999999999999998
1611.0,41.0
1613.0,46.9
1614.0,2.1000000000000014
1615.0,339.645
1617.0,0.04999999999999993
1618.0,-1.5199999999999996
1622.0,3.5
1623.0,119.5
1624.0,16.37
1625.0,24.615
1626.0,13.729999999999997
1630.0,17.5
1631.0,69.9
1633.0,99.66
1636.0,87.9
1638.0,0.064
1639.0,15.900000000000006
1640.0,10.64
1642.0,1.6949999999999998
1648.0,22.59
1649.0,17.509999999999998
1650.0,30.59
1651.0,47.0
1665.0,0.131
1667.0,36.120000000000005
1672.0,59.6944444
1673.0,1.9000000000000004
1676.0,41.5
1677.0,79.875
1683.0,23.6
1684.0,38.51
1689.0,100.01
1690.0,9.425
1691.0,75.01
1692.0,92.8944444
1693.0,94.01
1695.0,67.49444439999999
1696.0,24.189999999999998
1697.0,82.74
1702.0,22.830000000000002
1703.0,35.5
1704.0,16.6
1710.0,133.6
1711.0,59.99999999999999
1716.0,102.98
1719.0,5.0
1721.0,45.0
1722.0,11.75
1728.0,58.0
1735.0,100.49
1737.0,25.59
1739.0,-1.0600000000000023
1743.0,2.91
1744.0,22.990000000000002
1745.0,69.0
1749.0,70.01
1750.0,29.490000000000002
1752.0,95.45
1753.0,12.510000000000002
1757.0,0.31
1760.0,1.0899999999999999
1764.0,72.5
1765.0,9.009999999999998
1766.0,39.010000000000005
1767.0,83.685
1769.0,25.125
1770.0,84.875
1771.0,37.69
1773.0,23.26
1775.0,12.75
1776.0,30.0
1777.0,20.0
1778.0,19.915
1780.0,149.5
1781.0,82.36
1782.0,31.82
1784.0,2.46
1786.0,21.0
1788.0,6.425
1791.0,21.875
1793.0,109.01
1794.0,58.0
1796.0,26.325
1797.0,24.6
1798.0,36.0
1802.0,128.99
1803.0,59.0
1804.0,14.25
1805.0,78.6944444
1808.0,13.805000000000001
1812.0,20.5
1813.0,2.9899999999999984
1814.0,18.67
1817.0,5.400000000000006
1824.0,2.8
1825.0,22.1
1828.0,78.65
1829.0,2.9899999999999984
1830.0,60.415
1831.0,49.0
1833.0,3.89
1834.0,75.89
1836.0,87.925
1839.0,295.0
1841.0,0.95
1842.0,-0.06
1845.0,14.75
1846.0,0.09999999999999998
1848.0,66.35444439999999
1851.0,0.015000000000000013
1852.0,44.925
1853.0,39.925
1855.0,81.6944444
1857.0,83.425
1859.0,79.7
1860.0,5.4
1862.0,14.5
1870.0,128.3
1872.0,91.84
1874.0,28.925
1875.0,0.5
1878.0,60.0
1880.0,11.675
1881.0,73.5
1884.0,97.99000000000001
1886.0,449.0
1889.0,17.990000000000002
1890.0,19.87
1891.0,29.59
1898.0,12.989999999999998
1901.0,11.799999999999999
1902.0,13.2
1903.0,-0.15000000000000002
1904.0,25.7
1905.0,127.6944444
1908.0,23.5
1912.0,71.9
1915.0,-50.099999999999994
1932.0,12.040000000000001
1934.0,5.35
1936.0,2.0
1937.0,2.0
1941.0,55.0
1942.0,59.980000000000004
1943.0,0.9699999999999989
1944.0,29.12
1946.0,48.25
1951.0,79.0
1961.0,81.0
1963.0,22.59
1965.0,-13.0
1966.0,95.01
1967.0,50.33
1970.0,73.0
1979.0,65.0
1981.0,-4.0
1987.0,79.0
1991.0,66.0
1995.0,-10.399999999999999
2000.0,119.6
2006.0,112.5
2008.0,24.84
2011.0,3.0
2013.0,17.0
2015.0,57.0
2016.0,89.62
2017.0,33.80000000000001
2023.0,72.95
2028.0,88.4
2031.0,7.205
2036.0,93.68
2037.0,25.0
2039.0,101.89
2041.0,13.009999999999998
2042.0,75.0
2043.0,20.725
2044.0,0.5499999999999999
2045.0,137.17000000000002
2047.0,5.41
2050.0,15.97
2054.0,5.65
2055.0,64.88
2058.0,-36.75
2061.0,60.88
2065.0,-3.9000000000000057
2067.0,78.29
2068.0,84.50666
2069.0,23.55
2070.0,31.88
2076.0,58.9
2079.0,37.85
2080.0,74.10000000000001
2086.0,47.0
2088.0,19.869999999999997
2094.0,104.85
2097.0,106.75
2099.0,89.79
2102.0,123.37
2103.0,44.88
2106.0,5.65
2108.0,69.0
2110.0,5.4
2111.0,99.9
2112.0,21.0
2113.0,34.580000000000005
2125.0,20.69
2126.0,68.99
2127.0,24.912
2128.0,21.66
2129.0,5.495
2135.0,26.17
2136.0,69.53999999999999
2139.0,69.9
2140.0,1200.0
2141.0,14.13
2142.0,124.53
2149.0,25.48
2150.0,7.5
2151.0,0.48
2153.0,6.15
2154.0,0.64
2156.0,25.98
2158.0,68.8
2160.0,66.95
2161.0,0.4
2163.0,3.299999999999997
2168.0,22.529999999999998
2172.0,99.57
2173.0,1.85
2175.0,49.5
2177.0,51.5
2182.0,142.01
2184.0,14.83
2188.0,7.1
2190.0,15.0
2191.0,51.0
2193.0,5.919999999999995
2194.0,4.140000000000001
2196.0,65.0
2200.0,79.92
2202.0,13.5
2205.0,8.600000000000001
2207.0,-0.12
2209.0,172.1
2210.0,71.42
2211.0,-4.010000000000002
2212.0,124.1
2213.0,14.990000000000002
2216.0,-0.06
2220.0,18.9
2221.0,84.78999999999999
2222.0,57.78
2223.0,94.6
2224.0,20.099999999999994
2227.0,99.6
2228.0,56.9
2230.0,-0.27000000000000013
2231.0,5.449999999999999
2233.0,66.68444439999999
2235.0,23.5
2236.0,29.0
2237.0,38.0
2238.0,71.555
2241.0,19.080000000000002
2245.0,31.52
2248.0,59.89
2249.0,8.5
2250.0,0.3000000000000007
2253.0,85.5
2257.0,50.0
2259.0,1.75
2261.0,163.7
2263.0,79.16
2268.0,40.010000000000005
2275.0,2.0
2276.0,22.0
2279.0,-5.0
2280.0,100.765
2281.0,35.01
2285.0,34.725
2286.0,65.12
2287.0,19.125
2289.0,4.625
2290.0,108.65
2291.0,5.84
2292.0,36.7
2294.0,50.0
2297.0,48.9
2302.0,26.725
2303.0,97.0
2306.0,336.0
2308.0,67.59
2309.0,0.6499999999999999
2310.0,379.9
2311.0,176.8
2313.0,18.75
2314.0,25.549999999999997
2315.0,6.3100000000000005
2317.0,16.79
2320.0,3.49
2321.0,14.49
2325.0,234.0
2326.0,14.6
2327.0,67.9
2328.0,19.28
2329.0,447.5
2333.0,8.5
2336.0,138.14
2338.0,1497.5
2339.0,5.59
2340.0,19.88
2342.0,24.79
2343.0,69.9
2347.0,81.53
2348.0,60.45
2350.0,13.490000000000002
2351.0,119.87
2353.0,32.0
2354.0,62.894999999999996
2358.0,2.0
2363.0,1.5556
2366.0,16.019999999999996
2367.0,102.0
2373.0,149.59
2374.0,4.53
2376.0,77.85000000000001
2377.0,47.85
2378.0,4.6000000000000005
2379.0,83.84
2381.0,15.5
2382.0,106.5
2386.0,72.75
2388.0,5.35
2389.0,119.6
2390.0,26.5
2392.0,49.39
2394.0,17.75
2396.0,39.0
2397.0,77.6
2398.0,4.11
2402.0,0.49
2404.0,13.78
2405.0,34.91
2406.0,154.49
2407.0,5.8
2408.0,139.91
2409.0,5.010000000000002
2410.0,-3.0
2414.0,89.47999999999999
2416.0,113.94
2417.0,108.95
2420.0,0.6
2421.0,54.33
2423.0,47.0
2424.0,324.9
2426.0,206.0
2429.0,19.44
2430.0,87.2
2435.0,25.665999999999997
2438.0,21.5
2440.0,98.99
2441.0,0.42999999999999994
2443.0,16.775
2444.0,99.5
2445.0,0.3545
2447.0,18.79
2450.0,117.99000000000001
2452.0,128.0
2457.0,71.84
2458.0,124.39
2462.0,24.68
2464.0,104.0
2466.0,0.06999999999999999
2469.0,26.1
2471.0,12.69
2473.0,144.64
2474.0,2.25
2475.0,44.5
2476.0,26.580000000000002
2478.0,2.15
2480.0,103.85
2481.0,99.77000000000001
2482.0,0.09899999999999998
2483.0,42.14
2484.0,450.0
2486.0,20.66
2488.0,92.0
2489.0,22.35
2490.0,4.669
2493.0,-0.75
2498.0,15.449000000000005
2499.0,114.0
2501.0,59.379999999999995
2502.0,64.0
2503.0,63.629999999999995
2504.0,4.85
2505.0,8.52
2506.0,-4.0
2513.0,-5.77
2522.0,61.209999999999994
2523.0,135.0
2524.0,62.0944444
2528.0,145.86
2529.0,28.23
2531.0,5.950000000000003
2534.0,124.7
2535.0,0.6
2537.0,0.10000000000000142
2539.0,79.94399999999999
2540.0,118.5
2541.0,15.000000000000004
2542.0,88.0
2544.0,29.0
2546.0,20.42
2548.0,30.0
2550.0,152.0
2553.0,122.14
2556.0,1.75
2557.0,44.31
2558.0,109.0
2565.0,102.87
2568.0,72.32000000000001
2569.0,-10.11
2570.0,48.480000000000004
2572.0,131.0
2575.0,3.65
2577.0,123.5
2579.0,2.91
2580.0,68.23
2581.0,9.6
2582.0,23.95
2584.0,142.49
2586.0,22.73
2587.0,27.29
2588.0,0.5
2589.0,11.9
2591.0,22.49
2592.0,18.75
2593.0,2.22
2595.0,23.88
2598.0,0.7
2599.0,122.24000000000001
2603.0,0.44
2607.0,1.0899999999999999
2609.0,90.5
2612.0,1.1999999999999993
2614.0,49.8
2616.0,185.0
2619.0,239.83
2621.0,0.4
2624.0,63.9
2626.0,0.6859999999999999
2631.0,-9.899999999999999
2632.0,44.0
2633.0,46.49
2634.0,124.5
2635.0,60.349999999999994
2636.0,86.24
2637.0,96.0
2639.0,86.0
2640.0,0.277
2641.0,77.0
2645.0,15.0
2647.0,47.7
2648.0,29.1
2652.0,71.9
2653.0,40.4
2654.0,119.88
2659.0,10.34
2660.0,0.3500000000000001
2661.0,86.29
2668.0,3.57
2669.0,50.5
2670.0,0.44
2671.0,0.43
2672.0,80.05000000000001
2673.0,27.1
2674.0,96.53999999999999
2677.0,5.800000000000001
2679.0,69.6944444
2681.0,817.0
2683.0,-4.0
2684.0,68.98
2686.0,39.01
2688.0,124.85000000000001
2689.0,79.85000000000001
2695.0,9.38
2698.0,1.1
2699.0,6.690000000000001
2702.0,3.01
2707.0,81.01
2713.0,90.9
2714.0,23.88
2715.0,109.09
2719.0,18.0
2720.0,-0.06
2721.0,48.010000000000005
2724.0,68.65
2726.0,112.74
2728.0,115.81
2729.0,1.9
2730.0,30.0
2733.0,94.85
2735.0,129.806
2738.0,19.34
2743.0,-28.9899901
2744.0,18.59
2745.0,6.5
2746.0,0.19999999999999998
2749.0,23.0
2750.0,0.6
2752.0,18.6
2753.0,50.32
2758.0,13.58
2760.0,6.21
2761.0,0.43999999999999995
2762.0,63.9
2766.0,-0.09999999999999998
2767.0,98.01
2768.0,0.45
2769.0,4.04887232271248
2770.0,29.6
2771.0,15.799999999999999
2772.0,21.639999999999997
2773.0,70.95
2774.0,66.5
2776.0,50.550000000000004
2777.0,0.17000000000000004
2778.0,125.0
2780.0,9.950000000000003
2781.0,73.0
2782.0,21.990000000000002
2785.0,21.845
2787.0,20.865
2788.0,5.665
2789.0,4.788259821486742
2790.0,63.269999999999996
2795.0,88.7
2801.0,0.14999999999999997
2805.0,72.019
2806.0,108.69
2808.0,-0.12
2816.0,1.9100000000000001
2817.0,10.0
2819.0,22.0
2820.0,54.989999999999995
2824.0,140.63
2825.0,109.7
2826.0,-2.75
2829.0,19.0
2831.0,-1.0
2832.0,142.54
2833.0,49.8
2834.0,143.79
2835.0,6.989999999999998
2845.0,24.73
2848.0,71.865
2850.0,46.59
2852.0,2.0
2853.0,124.82000000000001
2855.0,20.799999999999997
2856.0,26.9
2860.0,91.745
2862.0,24.2
2863.0,96.5
2864.0,1.0
2867.0,0.15000000000000002
2870.0,1.5100000000000016
2871.0,25.0
2872.0,0.15000000000000002
2873.0,122.6
2875.0,5.5200000000000005
2876.0,105.05
2877.0,2.57
2878.0,6.25
2879.0,21.0
2880.0,-2.0100000000000016
2881.0,2.519
2883.0,99.55
2887.0,10.0
2888.0,99.48
2890.0,597.0
2892.0,133.0
2895.0,72.0
2904.0,8.689999999999998
2905.0,66.0
2906.0,40.0
2907.0,66.72999999999999
2911.0,138.5
2913.0,69.27
2914.0,48.9
2915.0,106.01
2916.0,71.85
2917.0,-0.12
2921.0,119.34
2924.0,145.0
2927.0,4.949999999999999
2929.0,4.6
2930.0,20.990000000000002
2932.0,41.980000000000004
2934.0,9.200000000000003
2936.0,104.60000000000001
2937.0,21.869999999999997
2939.0,62.876900000000006
2942.0,37.05
2944.0,13.41
2946.0,16.36
2947.0,13.7
2948.0,88.95
2949.0,11.12
2950.0,71.1
2953.0,149.0
2956.0,27.6
2959.0,26.92
2961.0,16.85
2963.0,-1.8000000000000007
2964.0,358.5
2965.0,28.3
2966.0,0.0
2968.0,1.0
2969.0,87.48
2970.0,6.280000000000001
2971.0,23.0
2975.0,27.0751
2976.0,134.56
2978.0,15.0
2979.0,96.09
2980.0,118.82999999999998
2981.0,83.0
2982.0,12.15
2984.0,9.95
2986.0,18.99
2989.0,62.365100000000005
2990.0,60.42
2994.0,26.84
2995.0,0.8500000000000001
2996.0,124.34
2997.0,54.9
2998.0,-0.30999999999999983
2999.0,16.08
3000.0,6.75
3001.0,48.96000000000001
3002.0,-0.09999999999999998
3003.0,25.189999999999998
3004.0,5.0
3007.0,15.0
3008.0,3.5
3009.0,-31.0
3010.0,23.95
3011.0,644.0
3013.0,0.08999999999999997
3015.0,123.75
3018.0,4.09
3020.0,4.5
3021.0,75.95
3022.0,263.0
3028.0,8.9
3029.0,41.33
3030.0,64.99
3033.0,20.409999999999997
3034.0,4.1251
3039.0,7.99
3041.0,74.86
3042.0,13.8751
3044.0,16.45
3046.0,127.485
3048.0,25.91
3049.0,243.0
3050.0,-0.10000000000000142
3051.0,-25.049999999999997
3052.0,56.0
3054.0,136.8251
3056.0,110.411
3059.0,8.0
3062.0,-0.05
3064.0,59.01
3073.0,5.41
3075.0,0.39
3080.0,65.16
3081.0,28.1
3082.0,3.3
3083.0,12.0
3084.0,35.010000000000005
3086.0,58.300000000000004
3091.0,20.56
3092.0,58.55
3094.0,0.10999999999999999
3095.0,25.0
3096.0,1.0999999999999996
3097.0,114.5
3099.0,3.6100000000000003
3100.0,4192.0
3104.0,0.715
3106.0,235.0
3107.0,-21.0
3109.0,14.01
3110.0,-0.12
3113.0,66.03
3114.0,2.5199999999999996
3117.0,63.4
3123.0,25.0
3125.0,26.39
3126.0,48.25
3129.0,2.5
3132.0,114.92
3133.0,22.04
3134.0,15.290000000000001
3139.0,-2.5
3140.0,3.745
3142.0,19.47
3144.0,13.6
3145.0,21.745
3150.0,-1.9699999999999989
3152.0,4.675
3155.0,76.86
3156.0,0.25
3157.0,19.0
3159.0,84.55
3160.0,-0.5
3161.0,4.140000000000001
3162.0,24.3751
3166.0,21.790000000000003
3167.0,20.0
3168.0,0.46999999999999886
3169.0,14.459999999999999
3173.0,85.35
3175.0,100.91
3177.0,63.65
3179.0,21.645
3185.0,94.87
3188.0,2.0
3192.0,96.0
3193.0,61.620000000000005
3194.0,0.9899999999999984
3195.0,79.02
3199.0,24.1
3201.0,0.8500000000000001
3202.0,81.99
3203.0,21.79
3204.0,132.9
3206.0,27.92
3207.0,0.1995
3208.0,75.12
3209.0,30.0
3213.0,20.97
3215.0,5.66
3217.0,116.2
3218.0,23.84
3219.0,0.349
3221.0,64.8
3223.0,99.6
3224.0,38.0
3226.0,74.95
3227.0,118.85
3228.0,22.89
3230.0,23.0
3233.0,329.61
3234.0,9.42
3235.0,17.86
3237.0,9.969999999999999
3238.0,82.72999999999999
3239.0,134.86
3241.0,143.85999999999999
3242.0,0.020000000000000018
3245.0,89.55
3246.0,116.75
3248.0,16.950000000000003
3250.0,9.15
3253.0,0.10000000000000003
3254.0,41.95
3255.0,23.245
3256.0,0.5
3257.0,12.9
3258.0,103.94
3259.0,27.009999999999998
3260.0,1.125
3261.0,33.03
3262.0,46.05
3263.0,-4.0
3268.0,0.47
3269.0,34.260000000000005
3273.0,78.5
3276.0,11.92
3277.0,25.01
3280.0,18.6
3286.0,0.01999999999999999
3291.0,34.89
3293.0,124.5
3295.0,48.7
3302.0,1.0
3304.0,-0.07999999999999999
3305.0,0.06
3306.0,69.24
3307.0,179.99
3308.0,30.0
3310.0,30.62
3311.0,36.5
3312.0,5.8500000000000005
3314.0,64.55
3315.0,9.089999999999998
3316.0,6.100000000000001
3317.0,104.8
3318.0,0.44999999999999996
3320.0,8.059999999999999
3321.0,0.5
3323.0,39.7
3324.0,79.0
3325.0,-0.019999999999999962
3326.0,61.95
3327.0,124.8
3329.0,37.989999999999995
3330.0,221.82
3331.0,78.0
3332.0,98.525
3333.0,63.989999999999995
3334.0,18.8751
3336.0,3.375
3337.0,61.5
3338.0,34.371
3339.0,16.509999999999998
3340.0,0.6
3342.0,19.8
3343.0,23.0
3344.0,88.69
3345.0,-12.310000000000002
3346.0,48.1
3347.0,48.5
3350.0,75.7731
3353.0,47.019999999999996
3355.0,13.58
3356.0,104.34
3357.0,17.6
3360.0,1.0
3361.0,63.85
3362.0,105.5
3364.0,17.75
3365.0,35.11
3366.0,24.19
3368.0,71.51
3369.0,96.1
3370.0,26.86
3371.0,0.12
3373.0,0.55
3376.0,3.745
3378.0,112.7325
3379.0,36.78
3380.0,75.4
3382.0,5.9
3383.0,109.0
3384.0,143.6
3386.0,13.880000000000003
3387.0,149.56
3389.0,93.65
3392.0,81.1
3395.0,37.6
3397.0,0.738
3399.0,71.28999999999999
3406.0,54.95
3407.0,3.0300000000000002
3408.0,0.3500000000000014
3409.0,11.0
3413.0,23.14
3416.0,37.75
3417.0,0.25
3418.0,0.27999999999999936
3419.0,124.69
3420.0,77.5
3421.0,56.54
3422.0,24.85
3425.0,2.5600000000000005
3428.0,18.68
3429.0,45.6
3433.0,21.759999999999998
3438.0,114.89
3439.0,4.800000000000001
3440.0,1.3099999999999998
3441.0,62.0
3444.0,114.91000000000001
3445.0,18.38
3448.0,0.040000000000000036
3449.0,0.06999999999999995
3450.0,3.2
3453.0,94.95
3454.0,124.75
3455.0,6.79
3458.0,6.916
3459.0,1.9899999999999984
3460.0,51.400000000000006
3463.0,5.600000000000001
3464.0,135.49
3467.0,22.99
3468.0,145.0
3469.0,45.0
3470.0,41.95
3471.0,0.52
3473.0,20.5
3474.0,18.6
3478.0,-0.08000000000000002
3482.0,21.3
3484.0,11.499999999999993
3490.0,104.5
3491.0,112.00999999999999
3492.0,21.7
3496.0,9.431000000000001
3497.0,92.54
3498.0,21.216
3499.0,0.51
3500.0,3.69
3501.0,14.98
3502.0,17.0
3504.0,5.4
3507.0,159.76000000000002
3508.0,8.010000000000002
3509.0,81.95
3511.0,0.24999999999999997
3512.0,21.575
3513.0,20.5
3514.0,0.7600000000000016
3515.0,8.26
3517.0,-9.989999999999995
3519.0,1.5
3520.0,14.0
3521.0,9.3
3523.0,3.58
3526.0,5.449999999999999
3527.0,1.4899999999999984
3529.0,20.0
3530.0,14.35
3532.0,6.3100000000000005
3533.0,83.0
3534.0,5.009999999990001
3536.0,77.0
3539.0,20.99
3542.0,49.95
3543.0,2.29
3544.0,74.85
3545.0,0.75
3546.0,155.0
3548.0,24.990000000000002
3549.0,2.225
3558.0,76.0
3559.0,125.0
3561.0,47.21
3563.0,1.5499999999999998
3565.0,62.6
3569.0,27.4
3571.0,33.9
3572.0,23.95
3576.0,94.75
3577.0,26.06
3578.0,149.4
3579.0,43.0
3580.0,95.5
3581.0,27.73
3583.0,32.0
3586.0,12.52
3587.0,41.9
3588.0,1.9500000000000002
3589.0,39.0
3592.0,4.5
3596.0,43.62065
3599.0,-0.25
3601.0,0.10000000000000003
3604.0,67.88
3606.0,42.349999999999994
3608.0,-0.09000000000000008
3609.0,6.0
3612.0,13.59
3613.0,7.0
3614.0,9.84
3615.0,21.04
3616.0,-15.200000000000003
3617.0,0.04999999999999999
3618.0,33.129999999999995
3619.0,0.020000000000000018
3621.0,98.91
3622.0,71.9
3623.0,74.0
3626.0,61.2
3628.0,13.0
3631.0,0.6
3632.0,27.0
3633.0,34.6
3634.0,78.74
3638.0,198.7
3639.0,137.63
3641.0,4.9
3645.0,30.0
3649.0,0.59
3650.0,-1.3099999999999987
3651.0,48.3
3653.0,79.71
3655.0,4.12
3658.0,3.0
3661.0,79.0
3662.0,24.9
3663.0,0.53
3664.0,0.6
3665.0,0.69
3667.0,28.91
3668.0,0.6
3669.0,12.8
3670.0,27.11
3671.0,25.6
3672.0,10.0
3675.0,99.87
3676.0,109.01
3677.0,49.5002
3680.0,18.9
3681.0,5.0
3682.0,44.8
3683.0,17.1
3686.0,49.4
3693.0,29.889999999999997
3695.0,9.73
3696.0,3.8999999999999986
3697.0,65.0
3699.0,32.98
3700.0,4.0
3702.0,-33.49999987
3704.0,6.99
3705.0,104.25
3707.0,20.0
3708.0,71.34
3709.0,10.0
3711.0,118.6
3712.0,0.71
3715.0,19.59
3718.0,0.39
3722.0,72.6
3728.0,14.59
3730.0,109.5
3731.0,99.78
3732.0,23.45
3736.0,39.25
3737.0,63.089999999999996
3740.0,-16.54000000000002
3742.0,4.5
3744.0,15.613
3750.0,78.25
3751.0,21.49
3752.0,92.25999999999999
3753.0,23.49
3754.0,69.65
3755.0,6.0
3756.0,0.9
3757.0,35.0
3759.0,39.599999999999994
3760.0,0.25000000000000006
3762.0,26.57
3763.0,43.0
3766.0,39.84
3767.0,70.9
3768.0,75.49
3769.0,19.75
3770.0,100.49000000000001
3771.0,21.32
3774.0,4.502
3780.0,48.239999999999995
3782.0,34.6
3783.0,449.865
3784.0,249.3
3787.0,4.0
3788.0,0.07
3790.0,95.9
3793.0,4.800000000000001
3794.0,44.19
3795.0,99.11
3796.0,114.92
3797.0,6.7
3799.0,97.85000000000001
3800.0,30.0
3802.0,67.6444444
3804.0,74.1
3806.0,3.45
3807.0,77.0
3808.0,38.85
3812.0,85.0
3817.0,34.0
3819.0,17.29
3822.0,179.9
3823.0,2.3
3824.0,56.0
3825.0,89.75
3826.0,8.55
3829.0,0.10000000000000003
3831.0,849.0
3832.0,25.3
3833.0,38.23
3834.0,64.33
3836.0,49.95
3839.0,15.0
3841.0,118.0
3842.0,48.5
3844.0,27.81
3845.0,73.89
3846.0,74.15
3851.0,51.5
3853.0,23.29
3854.0,158.5
3855.0,112.96000000000001
3856.0,83.9
3857.0,148.28
3859.0,9.049999999999997
3860.0,100.0
3866.0,185.73
3868.0,2.0
3871.0,50.129999999999995
3873.0,116.0
3874.0,47.0
3878.0,86.35000000000001
3879.0,1.95
3886.0,0.164
3897.0,86.85000000000001
3899.0,16.91
3901.0,89.91
3904.0,14.0
3905.0,0.08999999999999997
3906.0,69.55
3907.0,73.6
3910.0,3.0
3914.0,99.9
3915.0,21.89
3917.0,29.699999999999996
3920.0,137.6069
3921.0,8.95
3922.0,79.25
3923.0,-0.09999999999999998
3924.0,5.79
3927.0,29.666
3929.0,105.49000000000001
3931.0,64.95
3932.0,119.25
3936.0,3.0
3937.0,148.72
3938.0,74.7
3941.0,39.565
3944.0,66.0
3946.0,5.75
3949.0,3.0
3951.0,2.240000000000002
3952.0,68.0
3956.0,2.0
3958.0,0.8999999999999986
3959.0,0.7000000000000002
3964.0,21.2
3965.0,23.75
3966.0,9.989999999999995
3968.0,99.8
3969.0,36.879999999999995
3970.0,-16.049999999999997
3976.0,80.45
3978.0,30.0
3980.0,27.310000000000002
3982.0,12.0
3985.0,63.95
3986.0,39.616
3988.0,35.0
3989.0,3.0
3994.0,25.689999999999998
3995.0,50.0
3997.0,18.5
4002.0,2.8000000000000003
4003.0,-6.0
4006.0,2.4899999999999984
4007.0,5.0
4009.0,0.408
4011.0,8.049999999999999
4013.0,33.81
4014.0,78.85
4018.0,119.5
4019.0,65.99
4020.0,0.6
4021.0,4.36
4022.0,56.010000000000005
4023.0,16.4
4024.0,-0.06
4025.0,0.13
4026.0,24.75
4029.0,43.0
4031.0,9.510000000000002
4034.0,94.95
4035.0,114.5
4036.0,62.8
4040.0,94.7
4041.0,45.0
4042.0,13.030000000000001
4044.0,-4.48
4049.0,167.606
4050.0,19.66
4051.0,3.5
4053.0,18.6
4054.0,28.290000000000003
4055.0,0.22999999999999998
4059.0,0.14999999999999947
4063.0,3.5
4066.0,0.39999999999999997
4068.0,3.25
4069.0,22.085
4072.0,15.93
4076.0,2.950000000000003
4077.0,21.435000000000002
4078.0,130.0
4079.0,23.099999999999998
4082.0,25.17
4085.0,38.95
4089.0,6.289999999999999
4090.0,101.5
4096.0,1.9499999999999993
4101.0,88.0
4102.0,2.65
4103.0,65.0
4104.0,2.3000000000000007
4105.0,26.75
4106.0,-11.200000000000003
4108.0,27.540000000000003
4109.0,83.0
4110.0,2.85
4111.0,16.4
4112.0,11.0
4113.0,21.98
4114.0,135.5
4116.0,7.5
4117.0,-0.75
4120.0,7.7
4122.0,0.30000000000000004
4123.0,0.45999999999999996
4124.0,41.0
4126.0,0.15000000000000002
4129.0,-0.10000000000000009
4130.0,85.6
4131.0,7.899999999999999
4132.0,62.5
4140.0,27.799
4141.0,11.5
4142.0,-3.009999999999998
4144.0,7.19
4145.0,87.52
4146.0,2.26
4148.0,29.689999999999998
4149.0,13.099999999999998
4151.0,21.510000000000005
4152.0,24.7
4153.0,29.0
4156.0,2498.7
4157.0,104.25
4161.0,78.98
4162.0,67.6
4164.0,59.77
4167.0,38.27
4170.0,12.0
4171.0,24.65
4174.0,28.65
4175.0,117.25999999999999
4176.0,84.85
4178.0,22.0
4186.0,61.79
4187.0,143.0
4189.0,88.95
4194.0,119.97999999999999
4195.0,12.00001
4196.0,6.75
4197.0,71.75
4198.0,81.51
4202.0,87.5
4204.0,14.0
4206.0,4.5
4208.0,76.45
4209.0,25.74
4210.0,107.5
4216.0,18.54
4218.0,98.65
4219.0,19.479999999999997
4222.0,193.19
4223.0,72.0
4224.0,1.9899999999999984
4225.0,63.1
4226.0,84.85000000000001
4227.0,45.7
4228.0,15.0
4230.0,13.989999999999998
4231.0,44.6
4233.0,5.5
4234.0,24.0
4235.0,118.0
4236.0,6.689999999999998
4237.0,41.8
4238.0,17.75
4240.0,87.88
4241.0,79.67
4242.0,25.58
4246.0,43.91
4248.0,65.05000000000001
4252.0,7.9
4253.0,25.8
4256.0,113.7
4257.0,6.5
4262.0,1.94
4263.0,42.75
4265.0,12.5
4271.0,88.64
4273.0,116.00000000000001
4274.0,79.17
4275.0,0.23999999999999844
4278.0,12.87
4282.0,128.49
4289.0,6.5
4290.0,54.0
4293.0,79.0
4295.0,23.259999999999998
4300.0,5.0
4303.0,19.650000000000002
4306.0,48.52
4310.0,84.9
4311.0,0.4500000000000002
4312.0,49.75
4313.0,78.44
4318.0,91.49
4320.0,21.5
4324.0,19.900000000000006
4325.0,38.0
4326.0,6.59
4327.0,58.69
4329.0,0.71
4330.0,0.04999999999999999
4331.0,21.089999999999996
4334.0,6.9
4335.0,17.75
4338.0,36.01
4340.0,2.5
4343.0,0.31000000000000005
4347.0,177.0
4352.0,19.8
4355.0,0.0
4360.0,55.75
4361.0,68.5
4367.0,2.25
4368.0,-15.0
4373.0,96.76
4379.0,89.0
4383.0,10.0
4389.0,-4.0
4391.0,72.1
4395.0,1.9299999999999997
4399.0,2.0
4400.0,31.94
4402.0,19.18991
4405.0,38.0
4407.0,80.0
4408.0,45.0
4410.0,158.0
4414.0,67.80000000000001
4416.0,70.60000000000001
4419.0,1.27
4420.0,30.65
4426.0,70.6
4427.0,0.56
4436.0,129.38
4441.0,19.409999999999997
4443.0,-2.0
4444.0,12.56
4445.0,0.85
4447.0,7.0
4452.0,36.065999999999995
4453.0,-13.549999999999997
4454.0,67.0
4455.0,89.0
4458.0,51.5
4460.0,61.489999999999995
4461.0,3.4899999999999984
4463.0,49.79
4466.0,20.0
4468.0,113.9
4470.0,36.5
4474.0,65.6
4475.0,10.4
4479.0,19.87
4481.0,0.1
4482.0,103.87
4484.0,24.775
4485.0,5.0
4486.0,109.87
4488.0,0.22999999999999998
4491.0,21.6
4493.0,1.4099999999999997
4494.0,0.7
4496.0,17.3
4497.0,23.65
4505.0,1.0
4509.0,-0.020000000000000018
4511.0,115.03
4512.0,44.78
4515.0,117.5
4519.0,15.37
4521.0,17.990000000000002
4524.0,76.98
4526.0,208.8
4528.0,4.7
4529.0,160.01
4532.0,64.825556
4534.0,72.34
4538.0,0.16999999999999998
4539.0,22.799999999999997
4540.0,23.85
4541.0,99.12
4542.0,8.239999999999998
4543.0,9.989999999999995
4550.0,114.74
4551.0,95.0
4553.0,47.2
4554.0,0.06630000000000003
4556.0,52.25
4557.0,4.950000000000003
4561.0,10.8
4562.0,0.5
4564.0,-3.6999999999999993
4576.0,47.99
4578.0,-0.31
4584.0,-3.0700000000000003
4590.0,64.28999999999999
4591.0,42.0
4592.0,19.86
4593.0,84.0
4599.0,189.9
4600.0,2.389999999999997
4601.0,70.95
4606.0,3.0
4607.0,69.9
4608.0,288.5
4609.0,11.389999999999999
4610.0,89.8
4611.0,87.99
4613.0,257.0
4614.0,-5.0
4616.0,17.950000000000003
4618.0,37.31999999999999
4621.0,0.1
4624.0,138.4
4626.0,161.88
4628.0,1.24
4630.0,12.0
4631.0,24.59
4632.0,49.15
4634.0,24.4
4635.0,9.43
4636.0,69.53999999999999
4637.0,135.578
4639.0,133.0
4640.0,15.95
4641.0,0.17
4643.0,30.989999999999995
4650.0,13.0
4654.0,127.4
4660.0,3.2
4661.0,9.209999999999999
4662.0,4.5
4664.0,51.67
4670.0,114.26
4679.0,79.91
4680.0,60.95
4681.0,155.0
4684.0,5.71
4689.0,14.690000000000001
4690.0,-17.5
4691.0,13.67
4692.0,0.129999999999999
4695.0,0.65
4699.0,19.15
4716.0,83.88
4719.0,30.75
4722.0,53.5
4726.0,20.0
4729.0,24.0
4734.0,30.05
4740.0,25.0
4744.0,79.99
4750.0,4.0
4765.0,75.97
4767.0,1.5
4770.0,210.75
4773.0,43.2
4776.0,4.329999999999998
4777.0,8.65
4780.0,68.0
4792.0,69.71
4794.0,76.75
4796.0,90.5
4797.0,59.75
4798.0,58.989999999999995
4799.0,23.0
4800.0,14.889999999999999
4802.0,44.75
4803.0,74.0
4804.0,79.64
4805.0,1.5
4806.0,0.5
4807.0,34.010000000000005
4808.0,91.85
4810.0,4.0600000000000005
4811.0,0.08000000000000002
4812.0,37.49
4813.0,17.35
4814.0,12.5
4815.0,13.91
4816.0,66.01
4817.0,-0.31
4818.0,28.849999999999998
4821.0,98.75
4823.0,46.0
4826.0,25.83
4827.0,0.45999999999999996
4829.0,34.0
4831.0,10.9
4836.0,23.345
4838.0,0.12
4841.0,50.949999999999996
4842.0,34.89
4843.0,95.55
4845.0,6.05
4847.0,57.56
4852.0,9.989999999999998
4854.0,-0.5100000000000016
4855.0,39.99000000000001
4862.0,9.5
4866.0,16.591
4867.0,93.39
4868.0,-1.0
4871.0,-0.22999999999999987
4878.0,3.0
4879.0,36.75
4880.0,31.0
4882.0,1.6099999999999999
4889.0,-0.09
4890.0,124.05
4893.0,89.89
4894.0,19.94999999999999
4898.0,19.6
4901.0,-10.050000000000011
4902.0,10.9
4905.0,22.9
4906.0,17.790000000000003
4909.0,24.7
4910.0,0.66
4912.0,16.05
4914.0,70.62
4915.0,59.8
4916.0,4.0
4918.0,2.3
4920.0,5.1
4923.0,21.39
4924.0,-0.5
4926.0,98.0
4929.0,5.300000000000001
4930.0,65.0
4931.0,5.0
4932.0,76.80000000000001
4940.0,158.0
4941.0,24.599999999999998
4942.0,3.9
4943.0,50.801
4945.0,125.55
4948.0,106.44
4950.0,4.989999999999998
4951.0,11.25
4953.0,129.85
4955.0,7.550000000000001
4956.0,169.9
4957.0,14.95
4960.0,13.4
4961.0,94.9
4963.0,19.75
4965.0,56.45
4968.0,21.18
4969.0,26.38
4971.0,0.19
4974.0,-10.0
4976.0,0.69
4977.0,0.7
4978.0,51.75
4979.0,-5.519999999999996
4982.0,8.0
4985.0,1.2499999999999998
4986.0,23.71
4988.0,26.69
4989.0,2.1999999999999997
4990.0,-0.209
4991.0,129.6
4992.0,388.7
4994.0,22.7
4995.0,83.88
4996.0,28.59
4997.0,40.25
4998.0,4.390000000000001
5002.0,204.74
5004.0,24.75
5005.0,2.49
5010.0,119.99
5011.0,81.25
5013.0,9.990000000000002
5014.0,1.0
5017.0,107.03
5018.0,43.55
5020.0,14.81
5023.0,118.41
5028.0,45.13
5037.0,36.5
5039.0,-1.25
5040.0,-2.530000000000001
5041.0,-2.019999999999998
5043.0,10.340000000000003
5044.0,40.0
5046.0,22.45
5050.0,48.5
5051.0,12.689999999999998
5054.0,111.0
5055.0,23.790000000000006
5058.0,4.300000000000001
5062.0,99.5
5063.0,45.739999999999995
5065.0,58.59
5067.0,-25.159999999999997
5069.0,2.469999999999999
5070.0,164.0
5071.0,37.2
5073.0,81.75
5074.0,105.5
5075.0,8.59
5077.0,0.8900000000000006
5078.0,4.51
5080.0,119.38000000000001
5083.0,4.0
5086.0,70.95
5087.0,75.69
5089.0,47.954
5090.0,46.565
5091.0,57.010000000000005
5092.0,238.5
5093.0,197.69
5094.0,114.65
5096.0,-0.5
5098.0,3.7399999999999984
5101.0,166.11
5103.0,14.950000000000003
5104.0,118.999999
5105.0,47.41
5107.0,0.2
5108.0,-4.049999999999997
5116.0,33.0
5117.0,22.74
5120.0,38.49
5123.0,91.6
5126.0,74.0
5128.0,13.0
5131.0,68.55
5133.0,103.75
5137.0,5.469999999999999
5140.0,22.5
5142.0,131.5
5144.0,95.89
5146.0,58.489999999999995
5148.0,58.5
5149.0,0.5
5150.0,87.78999999999999
5151.0,36.05
5153.0,1.48
5155.0,12.51
5156.0,23.44
5157.0,93.8
5158.0,129.5
5159.0,9.85840734641021
5169.0,216.8
5175.0,159.6
5176.0,64.55
5177.0,1.9899999999999984
5179.0,2.24
5181.0,0.15000000000000002
5182.0,139.7
5183.0,-44.0
5188.0,0.9299999999999999
5189.0,18.75
5193.0,81.27
5194.0,47.5
5195.0,0.75
5196.0,77.95
5197.0,79.49
5198.0,66.45
5201.0,134.51
5202.0,126.9
5208.0,41.900000000000006
5209.0,71.17999999999999
5210.0,6.950000000000003
5212.0,72.99
5213.0,22.0
5215.0,12.5
5217.0,2247.5
5220.0,5.35
5222.0,4.09
5224.0,56.5
5226.0,-0.6900000000000004
5227.0,31.480000000000004
5228.0,61.589999999999996
5229.0,46.75
5230.0,0.5
5231.0,67.715
5233.0,149.75
5237.0,13.93
5238.0,24.5
5239.0,26.5002
5241.0,94.75
5243.0,62.7
5246.0,108.7
5247.0,5.825555555555559
5252.0,1.88
5260.0,78.61
5262.0,-5.990000000000002
5266.0,115.00001
5268.0,75.4
5269.0,31.5
5271.0,-0.5100000000000016
5272.0,73.14
5273.0,26.72
5276.0,1.0
5280.0,16.75
5287.0,7.64
5288.0,18.9
5293.0,5.0
5295.0,25.75
5296.0,70.5
5297.0,0.14
5301.0,13.85
5305.0,82.5001
5306.0,1.75
5307.0,0.1
5308.0,12.3
5309.0,1.75
5313.0,35.55
5315.0,4.949999999999989
5320.0,0.7100000000000001
5321.0,5.1
5322.0,21.7
5323.0,52.489999999999995
5324.0,-0.04999999999999982
5325.0,24.73
5332.0,0.58
5333.0,26.0
5334.0,-1.0100000000000016
5337.0,48.75
5338.0,26.83
5343.0,28.25
5346.0,74.85000000000001
5347.0,80.5
5348.0,7.989999999999998
5350.0,90.5
5352.0,24.15
5357.0,18.45
5358.0,14.979999999999997
5364.0,13.290000000000001
5366.0,9.25
5367.0,3.9400000000000004
5371.0,79.5
5372.0,-23.579310000000007
5374.0,20.2
5375.0,163.5
5380.0,47.25
5383.0,143.25
5384.0,67.87
5385.0,83.55
5387.0,26.02
5389.0,98.08999999999999
5390.0,6.4799999999999995
5391.0,-0.08499999999999999
5392.0,73.15
5393.0,109.45
5395.0,0.6999999999999993
5397.0,54.9
5398.0,1.36
5399.0,21.59
5400.0,52.19
5402.0,161.3
5404.0,122.5
5406.0,0.85
5411.0,164.7
5416.0,0.010000000000001563
5420.0,24.0
5421.0,0.55
5422.0,189.75
5427.0,95.03
5428.0,41.076
5429.0,-1.0
5430.0,34.0
5431.0,65.25
5433.0,6.7
5434.0,67.5
5437.0,1.4500000000000002
5438.0,98.25
5439.0,101.19
5443.0,52.75
5444.0,111.0
5445.0,0.1
5447.0,20.58
5449.0,0.04999999999999999
5455.0,11.950000000000003
5456.0,2.4000000000000004
5458.0,1.0
5462.0,25.9
5463.0,39.5
5465.0,63.34
5467.0,70.7
5468.0,0.9800000000000004
5471.0,1.3
5475.0,106.44999999999999
5480.0,26.889999999999997
5482.0,58.65
5484.0,77.38
5485.0,90.94
5486.0,175.5
5487.0,-0.2
5488.0,2.0
5492.0,26.979999999999997
5494.0,1.0100000000000016
5498.0,79.942
5500.0,11.990000000000002
5511.0,4.75
5512.0,38.78
5514.0,14.049999999999999
5517.0,44.959999999999994
5518.0,133.48
5522.0,1.9999999999999998
5523.0,126.16
5526.0,51.0
5530.0,-3.030000000000001
5532.0,113.51
5534.0,0.2
5535.0,47.0
5536.0,34.765
5537.0,-1.0
5538.0,1.0
5542.0,0.010000000000000009
5543.0,81.83
5544.0,41.75
5545.0,0.3
5546.0,32.9
5547.0,112.01
5549.0,-0.46000000000000085
5550.0,64.0
5553.0,118.8
5557.0,0.17000000000000004
5558.0,90.95
5559.0,10.01
5560.0,2.5999999999999996
5561.0,0.9
5564.0,2.65
5565.0,128.8
5566.0,71.0
5567.0,7.0
5575.0,97.81
5579.0,139.74
5583.0,6.0
5586.0,55.0
5588.0,22.989999999999995
5589.0,1.24
5592.0,58.330000000000005
5601.0,85.0
5602.0,23.4
5603.0,4.6
5604.0,24.0
5605.0,47.0
5606.0,30.0
5611.0,82.0
5612.0,21.35
5614.0,67.45
5619.0,66.85000000000001
5620.0,113.80000000000001
5621.0,179.97
5624.0,0.13
5625.0,118.4
5626.0,61.99
5628.0,98.99
5629.0,16.96
5631.0,34.0
5632.0,5.601
5633.0,0.0
5634.0,53.260000000000005
5635.0,94.42
5637.0,0.15000000000000002
5638.0,5.0
5639.0,31.25
5640.0,30.5
5642.0,-9.0
5644.0,24.62
5647.0,53.5
5648.0,1.0
5653.0,118.55
5655.0,29.570999999999998
5656.0,83.0
5657.0,7.0
5659.0,89.99
5660.0,29.5
5664.0,20.99
5667.0,8.899999999999999
5668.0,0.09999999999999998
5671.0,5.989999999999998
5672.0,0.7000000000000002
5674.0,21.785
5675.0,22.75
5676.0,136.99
5679.0,11.990000000000002
5680.0,148.59
5681.0,27.900000000000006
5682.0,0.39000999999999997
5683.0,71.65
5684.0,43.0
5686.0,20.5
5687.0,20.4
5690.0,191.0
5692.0,-1.1350000000009999
5695.0,22.889
5696.0,34.69
5701.0,21.9
5705.0,3.4000000000000004
5706.0,36.75
5711.0,137.59500000001
5713.0,124.1
5715.0,0.09999999999999998
5718.0,25.53
5719.0,0.95
5720.0,-1.5
5723.0,46.0
5725.0,183.48999999999998
5726.0,1.6000000000000014
5727.0,3.5999999999999996
5728.0,69.73
5730.0,95.51
5731.0,8.0
5732.0,25.7
5733.0,4.4
5734.0,188.75
5737.0,0.06999999999999999
5740.0,27.989999999999995
5741.0,42.0
5748.0,1.5
5750.0,10.0
5751.0,25.849999999999998
5752.0,12.14
5754.0,69.6
5755.0,126.58999999999999
5756.0,25.0
5757.0,18.74
5762.0,42.6
5766.0,20.42
5767.0,-71.0
5771.0,3.0
5773.0,-2.0
5777.0,57.0
5778.0,128.99
5779.0,59.980000000000004
5782.0,99.58999999999999
5785.0,209.0
5790.0,15.289999999999992
5792.0,9.34
5793.0,18.92
5799.0,-6.469999999999999
5803.0,2.14
5807.0,72.5
5809.0,78.75
5811.0,69.94
5814.0,69.88
5815.0,3.74
5817.0,136.95
5820.0,25.96
5822.0,7992.0
5823.0,27.5
5825.0,0.0
5827.0,359.5
5828.0,24.9
5829.0,30.89
5830.0,88.7
5831.0,59.0
5835.0,13.0
5837.0,61.230000000000004
5840.0,72.7
5841.0,79.0
5842.0,31.75
5846.0,123.88
5847.0,17.0
5848.0,26.61
5850.0,18.99
5855.0,0.12
5859.0,5.0
5860.0,32.25
5862.0,67.0
5864.0,7.5
5865.0,1.1500000000000004
5866.0,31.0
5867.0,0.0
5868.0,19.980000000000004
5870.0,11.39
5872.0,33.0
5873.0,6.25
5874.0,220.0
5875.0,15.149999999999999
5876.0,22.98
5878.0,79.75
5879.0,43.95
5880.0,106.95
5881.0,21.529999999999998
5883.0,119.97
5885.0,65.0
5886.0,38.334
5891.0,26.769999999999996
5893.0,65.0
5894.0,78.06
5895.0,3.67
5896.0,77.49
5898.0,80.5
5901.0,12.889999999999997
5902.0,65.0
5903.0,72.77
5910.0,23.1
5911.0,0.51
5912.0,18.55
5913.0,70.0
5915.0,60.19
5916.0,0.8
5917.0,0.27
5919.0,21.32
5924.0,187.0
5926.0,52.35
5930.0,75.25
5931.0,0.09999999999999998
5933.0,0.020000000000000018
5935.0,20.15
5936.0,50.95
5938.0,-0.51
5939.0,3.8
5940.0,9.46
5942.0,57.01
5943.0,84.8
5947.0,3.6399999999999997
5949.0,4.35
5950.0,0.45
5953.0,0.04000000000000001
5954.0,62.739999999999995
5955.0,7.0
5956.0,11.0
5959.0,34.96
5961.0,8.149999999999999
5962.0,52.2
5964.0,21.989999999999995
5965.0,21.95
5966.0,50.000000000000014
5967.0,78.75
5969.0,57.5
5971.0,0.35
5973.0,103.06
5974.0,80.5
5975.0,38.03
5979.0,23.990000000000002
5981.0,68.0
5982.0,24.989999999999995
5983.0,1.01
5984.0,-10.009999999999998
5985.0,19.191
5986.0,96.25
5988.0,82.15
5992.0,0.19999999999999996
5993.0,-0.75
5994.0,52.0
5996.0,94.85
5997.0,121.5
5998.0,8.990000000000002
6000.0,80.0
6002.0,2.990000000000002
6003.0,95.5
6007.0,101.6
6008.0,27.6
6010.0,78.75
6011.0,0.11500000000000002
6012.0,39.62
6016.0,29.6
6020.0,138.92
6022.0,69.2400000000001
6024.0,129.6
6025.0,21.989999999999995
6026.0,1.6
6030.0,34.65
6031.0,89.57
6032.0,18.659999999999997
6033.0,62.489999999999995
6034.0,35.34
6035.0,81.91
6036.0,68.8
6037.0,-29.4999978
6041.0,36.5
6047.0,70.6
6050.0,64.5
6052.0,25.33
6055.0,36.989999999999995
6056.0,12.0
6058.0,80.55
6059.0,19.75
6061.0,13.5
6065.0,8.0
6066.0,3.75
6068.0,21.39
6069.0,80.55
6070.0,0.6000000000000001
6072.0,7.190000000000001
6073.0,10.25
6075.0,40.0
6076.0,0.5
6077.0,5.59
6079.0,3.2
6080.0,42.586000000000006
6081.0,18.39
6085.0,108.5
6088.0,3.990000000000002
6090.0,0.15000000000000036
6091.0,11.84
6092.0,2.5
6094.0,89.6
6095.0,54.91
6099.0,32.0
6105.0,95.85
6106.0,41.99999999999999
6110.0,87.0
6112.0,13.100000000000001
6113.0,4.600000000000001
6114.0,53.0
6115.0,12.5
6122.0,0.9899999999999999
6124.0,11.65
6125.0,118.25
6126.0,69.72
6128.0,65.01
6130.0,49.765
6131.0,121.5
6133.0,59.9
6134.0,4.79
6135.0,9.0
6136.0,-7.449999999999999
6138.0,7.950000000000003
6139.0,85.0
6140.0,23.5
6142.0,9.8
6147.0,6.75
6150.0,6.930000000000001
6152.0,7.75
6154.0,2.2
6156.0,9.5
6158.0,25.0
6161.0,36.0
6162.0,0.30000000000000004
6167.0,107.13000000000001
6168.0,104.0
6169.0,17.8
6170.0,6.489999999999998
6171.0,7.3100000000000005
6177.0,32.95
6183.0,44.0
6187.0,87.0
6191.0,9.87
6192.0,15.55
6193.0,18.02
6195.0,7.9
6196.0,79.74
6205.0,18.450000000000003
6206.0,48.89
6207.0,9.1
6208.0,0.13
6209.0,0.09999999999999998
6210.0,1.9000000000000021
6211.0,1.4600000000000009
6212.0,2.5
6213.0,26.92
6215.0,-3.0
6216.0,0.65
6217.0,6.5
6219.0,69.8
6220.0,0.15000000000000002
6221.0,35.010000000000005
6225.0,1.99
6226.0,52.77
6227.0,103.95
6228.0,65.19
6230.0,39.49
6233.0,23.599999999999998
6234.0,0.09999999999999998
6235.0,27.02
6236.0,49.87
6238.0,88.75
6241.0,6.809
6248.0,5.880000000000001
6251.0,10.6
6254.0,1.74
6257.0,7.289999999999999
6258.0,51.010000000000005
6259.0,80.4
6260.0,0.14
6265.0,47.0
6266.0,-11.290000000000003
6268.0,23.99
6272.0,88.0
6273.0,53.87
6275.0,319.0
6278.0,27.4
6281.0,20.75
6282.0,127.55
6283.0,48.5
6287.0,-10.989999999999998
6288.0,116.6
6291.0,3.29
6292.0,19.35
6293.0,61.209999999999994
6294.0,13.0
6295.0,72.58
6297.0,305.69000000000005
6302.0,16.45
6303.0,0.8499999999999999
6305.0,-7.0
6307.0,102.75
6308.0,70.0
6312.0,21.490000000000002
6313.0,24.72
6314.0,76.8
6315.0,0.1
6322.0,91.94
6325.0,2.0
6326.0,36.99
6331.0,4.300000000000001
6332.0,109.75
6333.0,32.0
6334.0,153.0
6341.0,88.9555556
6344.0,75.58
6349.0,-11.049999999999997
6350.0,4.200000000000003
6353.0,56.0
6354.0,19.34
6355.0,10.25
6358.0,64.28999999999999
6359.0,-6.02
6360.0,-11.5
6361.0,-4.25
6362.0,-4.550000000000001
6363.0,64.95
6364.0,31.0
6366.0,10.5
6372.0,77.0
6374.0,0.9699999999999989
6379.0,9.489999999999998
6380.0,30.0
6381.0,9.0
6384.0,93.9
6385.0,0.14
6387.0,0.25
6388.0,31.15
6393.0,2.0
6397.0,31.25
6398.0,17.833334
6401.0,2.0
6402.0,-35.0
6405.0,67.0
6406.0,61.0
6408.0,-0.020000000000000018
6410.0,8.5
6411.0,3.2
6412.0,86.49
6414.0,10.0
6415.0,0.10000000000000003
6417.0,109.89
6419.0,56.01
6420.0,0.19999999999999996
6421.0,22.15
6423.0,3.55
6424.0,72.261
6425.0,48.5
6431.0,11.000000000000004
6433.0,23.4
6439.0,0.37999999999999995
6443.0,52.0
6444.0,89.75
6445.0,0.08999999999999997
6446.0,109.66
6448.0,45.959999999999994
6449.0,23.80000000000001
6451.0,1.95
6453.0,1.51
6457.0,14.75
6459.0,137.0
6460.0,-61.97
6461.0,19.9
6462.0,0.5
6464.0,14.36
6468.0,10.31
6469.0,23.0
6470.0,24.5
6473.0,253.0
6480.0,0.7
6483.0,0.15999999999999998
6485.0,3.45
6487.0,450.0
6492.0,0.13
6493.0,105.5
6494.0,0.39
6496.0,11.0
6498.0,42.5
6500.0,2.44
6501.0,83.7
6502.0,60.0
6503.0,1.44
6504.0,-0.11000000000000001
6505.0,97.0
6506.0,24.54
6508.0,13.75
6509.0,6.120000000000001
6514.0,29.95
6516.0,114.65
6518.0,58.53
6522.0,21.01
6523.0,16.05
6524.0,74.44
6526.0,87.69
6528.0,2.1
6531.0,24.9
6532.0,-1.45
6533.0,6.0
6534.0,104.2
6535.0,21.020000000000003
6536.0,9.69
6537.0,3.0
6540.0,35.5
6542.0,66.095
6543.0,4.6000000000000005
6544.0,109.75
6545.0,19.64
6546.0,21.75
6548.0,0.45999999999999996
6549.0,109.89999999999999
6550.0,70.28
6552.0,287.95
6553.0,-1.9899999999999984
6555.0,24.59
6557.0,129.65
6558.0,63.85
6560.0,34.5
6561.0,1.4499999999999993
6562.0,64.75
6566.0,-46.0
6568.0,119.5
6571.0,1.04
6572.0,20.15
6573.0,19.549999999999997
6574.0,14.879999999999999
6576.0,5.75
6577.0,0.545
6580.0,21.75
6581.0,158.6
6583.0,110.75
6584.0,16.66
6588.0,50.900000000000006
6591.0,2.0500000000000007
6592.0,0.27
6593.0,113.44
6594.0,144.76
6595.0,8.1
6596.0,154.35
6597.0,24.27
6598.0,25.299999999999997
6601.0,84.18
6603.0,69.54
6605.0,2.2
6608.0,74.6
6609.0,0.25
6612.0,161.5
6613.0,27.7
6614.0,12.489999999999998
6615.0,0.10000000000000009
6617.0,117.5
6618.0,1.23
6620.0,74.88000000000001
6621.0,26.9
6622.0,79.96000000000001
6623.0,128.7
6624.0,29.0
6626.0,87.11
6629.0,2.8
6630.0,134.25
6631.0,33.67
6632.0,9.939999999999998
6633.0,64.0
6634.0,150.0
6635.0,138.0
6637.0,94.0
6638.0,44.72
6641.0,48.45
6642.0,3.51
6643.0,19.5
6644.0,4.289999999999999
6645.0,252.75
6647.0,101.94
6648.0,111.0
6649.0,808.1
6650.0,0.09999999999999998
6652.0,125.9
6653.0,18.51
6655.0,30.740000000000002
6657.0,1.1
6658.0,92.14
6659.0,13.989999999999998
6660.0,9.96
6661.0,49.9
6662.0,98.08999999999999
6664.0,124.6
6665.0,27.38
6666.0,91.25
6667.0,40.0
6669.0,15.05
6671.0,2.09
6672.0,29.82
6674.0,31.989999999999995
6676.0,128.1
6678.0,118.1
6680.0,0.19999999999999996
6682.0,19.580000000000002
6685.0,53.68
6686.0,94.6
6689.0,11.98
6691.0,72.55
6692.0,-0.08999999999999997
6695.0,9.620000000000001
6696.0,121.62
6697.0,1.4499999999999993
6699.0,7.1
6704.0,375.0
6705.0,105.8
6706.0,134.65
6708.0,1.0
6709.0,107.0
6710.0,5.3500000000000005
6711.0,0.4
6712.0,64.74
6713.0,3.0
6714.0,17.97
6716.0,20.950000000000003
6718.0,69.9
6720.0,71.0
6721.0,448.39
6724.0,1.9300000000000002
6727.0,14.0
6728.0,149.31
6729.0,13.950000000000003
6730.0,10.71
6734.0,-1.75
6735.0,21.65
6737.0,11.009999999999998
6742.0,8.880000000000003
6744.0,7.1
6747.0,46.5
6749.0,154.75
6750.0,47.49
6751.0,144.6
6752.0,138.67000000000002
6753.0,69.0
6755.0,11.07
6762.0,16.0
6765.0,60.53999999999999
6767.0,3.2399999999999984
6768.0,0.19
6771.0,10.65
6772.0,3.1799999999999997
6775.0,29.36
6778.0,41.010000000000005
6779.0,34.0
6783.0,71.01
6786.0,1.25
6787.0,2.0500000000000003
6791.0,116.48
6793.0,47.0
6795.0,14.7
6802.0,0.9899999999999984
6803.0,27.470000000000002
6804.0,0.9000000000000004
6806.0,54.989999999999995
6807.0,31.5
6808.0,133.0
6809.0,6.25
6810.0,53.0
6811.0,19.9
6812.0,24.010000000000005
6818.0,3.1
6819.0,54.75
6820.0,0.0
6824.0,3.8300000000000005
6825.0,4.5
6826.0,3.0100000000000016
6828.0,70.30099999999999
6829.0,14.0
6830.0,44.97
6831.0,62.25
6832.0,4.6
6833.0,127.49000000000001
6834.0,19.0
6837.0,21.7
6839.0,46.67
6843.0,115.11
6844.0,13.439999999999998
6846.0,10.0
6849.0,2.2
6850.0,4.149999999999999
6854.0,9.5
6860.0,11.950000000000003
6861.0,45.31999999999999
6863.0,74.05
6868.0,36.0
6869.0,43.0
6871.0,4.460000000000001
6873.0,50.55
6875.0,66.99
6877.0,4.0
6878.0,79.01
6879.0,67.5
6880.0,17.9
6883.0,112.99
6886.0,1.5
6888.0,2.4899999999999984
6891.0,18.0
6892.0,1.12
6900.0,1.39
6904.0,57.32
6909.0,0.07999999999999999
6913.0,39.3
6921.0,0.49999999999999994
6922.0,1.3
6925.0,48.519999999999996
6926.0,41.989999999999995
6927.0,74.82
6928.0,59.900000000000006
6931.0,3.75
6932.0,10.0
6933.0,12.0
6934.0,124.91
6936.0,52.29
6937.0,50.8
6940.0,4.72
6945.0,2.5
6946.0,12.055556
6947.0,24.94999999999999
6948.0,23.52
6951.0,20.630000000000003
6952.0,4.0
6953.0,98.77
6956.0,68.31
6963.0,3.0
6965.0,796.0
6967.0,-21.060000000000002
6971.0,50.2
6974.0,79.0
6975.0,25.25
6976.0,57.0
6977.0,105.0
6978.0,34.0
6979.0,132.69
6982.0,5.74
6987.0,65.50999999999999
6989.0,49.2
6993.0,21.24
6994.0,90.45
6995.0,23.7399
6997.0,-2.799999999999997
6998.0,37.8
7000.0,9.8
7003.0,19.5
7005.0,19.006999999999998
7006.0,89.0
7007.0,76.0
7011.0,23.3
7012.0,25.75
7013.0,23.9
7015.0,110.0
7018.0,40.5
7019.0,129.49
7023.0,232.67000000000002
7025.0,17.55
7029.0,46.489999999999995
7033.0,75.0
7034.0,3.15
7035.0,0.9500000000000001
7040.0,6.41
7041.0,-21.120000000000005
7044.0,13.170000000000002
7045.0,1.5
7051.0,74.19
7053.0,2.0100000000000016
7054.0,29.389999999999997
7056.0,56.85
7060.0,1.490000000000002
7062.0,0.0
7065.0,75.0
7067.0,11.009999999999998
7069.0,45.45
7070.0,78.07
7072.0,67.95
7073.0,20.189999999999998
7074.0,7.0
7075.0,34.510000000000005
7076.0,57.0
7077.0,34.96
7078.0,0.2
7080.0,4.0
7087.0,5.6
7088.0,74.0
7090.0,140.0
7094.0,26.75
7096.0,16.99
7098.0,2.0
7102.0,69.28999999999999
7104.0,6.989999999999998
7106.0,116.5
7107.0,17.1
7110.0,99.0
7111.0,215.0
7113.0,99.9
7116.0,22.909
7117.0,19.0
7118.0,0.91
7120.0,94.75
7123.0,24.84
7124.0,1.6
7126.0,12.09
7129.0,6.049999999999997
7130.0,28.11
7131.0,67.0
7132.0,16.41
7136.0,19.060000000000002
7141.0,26.5
7142.0,2.79
7146.0,122.98
7147.0,84.7
7148.0,114.5
7153.0,18.83
7155.0,12.4
7157.0,114.75
7158.0,0.7000000000000001
7160.0,84.23
7161.0,32.0
7162.0,-6.0
7163.0,159.0
7164.0,4.95
7165.0,22.889999999999997
7168.0,96.5
7171.0,73.805
7178.0,2.6499999999999995
7179.0,4.8500000000000005
7181.0,55.37
7182.0,7.84
7184.0,44.44
7186.0,2.5
7190.0,0.5
7192.0,25.970000000000002
7195.0,24.5
7200.0,114.94
7201.0,106.0
7204.0,88.37
7207.0,-4.5
7209.0,188.0
7212.0,0.0
7213.0,39.5
7216.0,26.1
7219.0,151.15
7222.0,8.010000000000002
7225.0,5.5
7226.0,14.0
7233.0,90.0
7235.0,1.2
7237.0,40.0
7238.0,14.56
7239.0,-70.1
7241.0,154.88
7243.0,199.7596428980199
7244.0,120.01
7245.0,0.22999999999999998
7249.0,11.67
7250.0,63.91000999999999
7251.0,46.5
7252.0,600.0
7254.0,83.1
7255.0,25.0
7257.0,8.75
7260.0,9.989999999999995
7261.0,144.0
7263.0,7.25
7264.0,31.0
7265.0,-6.009999999999998
7266.0,16.84
7268.0,66.49
7270.0,26.7
7271.0,63.25
7272.0,56.0
7278.0,14.85
7279.0,1.7599999999999998
7283.0,148.0
7289.0,3.5
7290.0,24.9
7293.0,-1.0
7294.0,-45.05
7298.0,130.5
7299.0,1.5999999999999999
7304.0,74.5
7305.0,118.3
7306.0,93.500101
7307.0,107.96000000000001
7308.0,1.4899999999999984
7309.0,118.87
7312.0,88.75
7313.0,-0.010000000000000009
7316.0,2.5
7317.0,112.44
7323.0,32.1
7325.0,106.75
7326.0,78.5
7331.0,224.95
7332.0,1.75
7335.0,106.85000000000001
7338.0,172.6
7342.0,2.5
7343.0,-0.23
7344.0,73.9
7345.0,53.96
7347.0,22.09
7349.0,36.9
7353.0,93.2
7354.0,5.5
7355.0,119.13600000000001
7356.0,10.0
7357.0,-35.0
7359.0,18.5
7360.0,135.691
7368.0,87.2
7370.0,23.189999999999998
7372.0,6.0
7375.0,22.72
7377.0,6.5
7378.0,3.9899999999999984
7383.0,5.75
7386.0,112.88
7388.0,8.25
7390.0,5.6
7391.0,12.65
7392.0,99.28999999999999
7401.0,22.24
7402.0,83.0
7404.0,132.0
7405.0,8.02
7406.0,6.989999999999998
7407.0,74.68
7408.0,124.0
7409.0,79.25
7411.0,25.78
7416.0,0.010000000000000009
7419.0,-0.14
7421.0,17.71
7422.0,9.94
7423.0,0.49000000000000005
7425.0,268.9
7427.0,101.33
7429.0,44.5
7431.0,5.07
7434.0,120.0
7435.0,19.52
7439.0,1.2
7440.0,19.77
7441.0,0.04999999999999999
7442.0,-0.21
7443.0,93.9
7447.0,17.9
7454.0,80.0
7456.0,2.0
7458.0,54.75
7459.0,2.9899999999999984
7463.0,60.5
7465.0,129.23
7468.0,154.7
7471.0,137.5
7472.0,80.7
7473.0,4.5
7474.0,56.58
7478.0,0.24
7479.0,-31.0
7483.0,57.91000000000001
7484.0,66.19
7486.0,15.450000000000001
7489.0,-2.0500000000000007
7492.0,-28.0
7493.0,87.6
7494.0,16.299999999999997
7495.0,1.7100000000000009
7501.0,127.11
7502.0,20.369999999999997
7503.0,37.74
7504.0,5.5
7505.0,31.0
7506.0,-2.75
7507.0,1.4899999999999984
7508.0,33.88
7509.0,24.4
7515.0,2.99
7516.0,1.25
7519.0,8.0
7520.0,35.01
7521.0,28.4667
7522.0,68.7
7524.0,24.75
7525.0,114.75
7526.0,71.75
7528.0,114.94
7530.0,0.22999999999999998
7532.0,83.46
7533.0,44.0
7534.0,0.54
7535.0,105.0
7540.0,-0.08999999999999997
7543.0,28.05
7544.0,22.34
7545.0,9.0
7549.0,35.01
7550.0,74.75
7552.0,18.99
7553.0,104.5
7554.0,179.55
7555.0,4.25
7556.0,4.0
7557.0,-15.556000000000001
7558.0,32.9
7562.0,74.4
7563.0,8.0
7564.0,61.6
7565.0,0.6900000000000013
7568.0,68.88
7569.0,222.17
7571.0,26.8
7572.0,33.0
7576.0,26.99
7593.0,8.0
7598.0,0.039999999999999925
7599.0,0.19999999999999998
7602.0,4.5
7605.0,85.65
7609.0,16.8
7610.0,49.2
7611.0,92.6
7613.0,65.0
7620.0,3.6540000000000035
7622.0,201.95
7624.0,93.0
7625.0,15.080000000000002
7627.0,18.99
7628.0,103.08
7629.0,0.12
7631.0,1.115
7632.0,0.0
7633.0,97.08
7634.0,30.0
7637.0,104.5
7641.0,69.06
7642.0,2.55
7645.0,32.8
7646.0,28.439999999999998
7647.0,0.25
7648.0,39.0
7651.0,24.1
7654.0,1.3499999999999999
7655.0,80.81
7656.0,374.34999999999997
7658.0,22.7
7662.0,10.25
7665.0,28.0
7667.0,124.99000000000001
7668.0,20.71
7672.0,-1.5499999999999972
7673.0,71.39
7674.0,275.69
7675.0,96.6
7677.0,193.1
7678.0,75.3
7681.0,113.37
7682.0,48.6
7684.0,-19.999
7692.0,47.67
7693.0,54.0
7695.0,5.99
7702.0,14.95
7705.0,25.6
7707.0,31.980000000000004
7708.0,60.5
7709.0,47.78
7710.0,34.0
7714.0,85.85
7715.0,88.8
7716.0,25.07
7720.0,0.0
7728.0,9.0
7729.0,75.74
7730.0,15.489999999999998
7731.0,10.0
7733.0,1.2000000000000002
7735.0,80.71
7737.0,75.3
7740.0,103.69
7741.0,18.46
7744.0,2.21
7745.0,7.969999999999999
7746.0,124.9
7748.0,148.0
7750.0,129.89000000000001
7751.0,56.5
7752.0,19.0
7755.0,0.5
7756.0,26.0
7762.0,25.7
7764.0,99.12
7765.0,154.9
7772.0,17.3
7777.0,9.5
7778.0,95.0
7788.0,8.5
7790.0,5.190000000000001
7791.0,8.34
7803.0,0.8800000000000026
7804.0,4188.0
7807.0,0.43000000000000005
7809.0,1.1899999999999995
7810.0,22.869999999999997
7811.0,72.75
7812.0,38.55
7814.0,27.0
7815.0,7.010000000000002
7816.0,93.0
7818.0,53.94
7819.0,69.03
7821.0,-55.02
7822.0,17.96
7823.0,14.88000000000001
7824.0,81.61999999999999
7825.0,5.61
7826.0,49.74
7828.0,129.60000000000002
7830.0,0.25
7835.0,129.8
7837.0,16.89
7842.0,64.91
7843.0,0.29
7844.0,14.7
7846.0,47.01
7847.0,98.49
7848.0,10.0
7851.0,104.7
7852.0,47.38
7853.0,-52.24000000000001
7854.0,39.5
7857.0,70.4
7861.0,44.75
7863.0,42.839999999999996
7864.0,23.54
7868.0,1.785
7869.0,2.0900000000000003
7870.0,12.5
7874.0,80.0
7876.0,54.6
7877.0,35.91000000000001
7883.0,17.48
7885.0,18.48
7889.0,33.2
7890.0,22.989999999999995
7894.0,0.15000000000000213
7896.0,42.0
7897.0,56.010000000000005
7898.0,14.989999999999998
7905.0,35.01
7907.0,-0.3
7909.0,13.469999999999999
7910.0,88.85
7911.0,3.0700000000000003
7912.0,21.8
7913.0,47.989999999999995
7917.0,30.8
7919.0,-1.7399999999999984
7922.0,19.889999999999997
7923.0,7.0
7925.0,-0.020000000000000004
7929.0,6.2
7930.0,139.31
7931.0,-0.010000000000000009
7933.0,0.15000000000000002
7934.0,2.0
7938.0,26.11
7940.0,0.1
7945.0,108.7
7946.0,213.0
7948.0,7.990000000000009
7954.0,75.95
7955.0,101.33999999999999
7956.0,61.0
7957.0,0.0
7958.0,96.0
7959.0,10.5
7960.0,27.8
7963.0,2.969999999999999
7964.0,12.09
7965.0,106.80999999999999
7967.0,-0.51
7969.0,-35.05
7972.0,6.859999999999999
7973.0,0.0
7977.0,8.5
7979.0,1.75
7981.0,1.2300000000000004
7982.0,0.25
7983.0,28.990000000000002
7984.0,121.51
7986.0,20.0
7988.0,18.7942
7989.0,19.0
7990.0,22.5
7993.0,0.28
7996.0,290.0
7998.0,73.74809
7999.0,0.75
8001.0,118.01
8004.0,0.04999999999999993
8005.0,39.69
8006.0,28.11
8009.0,47.69
8010.0,-20.0
8011.0,10.09
8012.0,149.51
8013.0,73.0
8015.0,156.7
8018.0,66.0
8020.0,38.61
8021.0,4.82
8028.0,32.18
8029.0,121.5
8035.0,59.77
8036.0,2.23
8038.0,13.0
8045.0,25.0
8046.0,4.75
8048.0,11.35
8049.0,45.5
8050.0,15.5
8051.0,120.75
8053.0,84.00999999999999
8054.0,62.47
8057.0,45.01
8059.0,119.1
8061.0,99.75
8062.0,104.1
8065.0,124.3
8068.0,-59.5
8069.0,25.15
8071.0,0.12
8075.0,36.1
8080.0,35.0
8081.0,125.3
8082.0,30.0
8083.0,84.5
8087.0,14.0
8089.0,0.8900000000000006
8091.0,80.88000000000001
8092.0,0.14
8095.0,24.69
8096.0,-22.049999999999997
8098.0,69.7
8100.0,3.999999992
8101.0,16.010000000000005
8103.0,18.5
8108.0,13.97
8109.0,5.5
8113.0,58.14
8115.0,9.989999999999995
8116.0,83.0
8122.0,100.02
8124.0,194.7
8125.0,7.47
8130.0,94.49000000000001
8131.0,8.5
8132.0,4.95
8134.0,2.99
8139.0,18.029999999999998
8140.0,10.0
8143.0,0.5
8144.0,13.5
8146.0,29.62
8148.0,32.5
8149.0,6.0
8153.0,118.49
8154.0,29.0
8156.0,45.0
8157.0,0.09999999999999998
8163.0,46.5
8164.0,4.01
8166.0,0.5100000000000016
8171.0,4.489999999999998
8172.0,-0.4299999999999997
8173.0,25.55
8175.0,4.800000000000001
8176.0,92.63
8177.0,4.949999999999999
8178.0,29.51
8180.0,35.44
8182.0,122.5
8183.0,96.44
8185.0,81.0
8186.0,19.990000000000002
8187.0,23.05
8188.0,83.85
8189.0,0.07999999999999996
8190.0,5.45
8191.0,23.0
8192.0,25.01
8195.0,0.4
8196.0,24.99
8198.0,1.1999999999999993
8204.0,1.7000000000000028
8205.0,64.49
8208.0,-6.1
8209.0,23.2
8212.0,12.2
8213.0,-8.0
8215.0,6.15
8216.0,-0.039999999999999925
8220.0,24.5
8221.0,6.490000000000002
8224.0,17.8
8226.0,22.349999999999998
8227.0,14.8
8230.0,129.60000000000002
8233.0,108.8
8235.0,92.24
8237.0,23.95
8238.0,1.41
8242.0,28.189999999999998
8246.0,1.74
8247.0,85.0
8249.0,21.099999999999998
8250.0,139.15
8253.0,27.68
8262.0,27.7
8263.0,141.0
8264.0,2.490000000000002
8267.0,0.77
8268.0,2.9499999999999993
8269.0,62.2
8273.0,15.4
8274.0,129.75
8275.0,0.30000000000000004
8276.0,69.59
8278.0,44.5
8279.0,9.7501
8280.0,28.64
8282.0,42.166
8284.0,11.43
8285.0,75.7
8288.0,19.74
8292.0,109.0
8294.0,13.5
8295.0,5.949999999999989
8296.0,55.0
8298.0,19.9
8299.0,119.01
8300.0,0.6499999999999999
8302.0,37.74
8303.0,7.5
8305.0,214.0
8309.0,0.43999999999999995
8312.0,0.19000000000000006
8313.0,0.74
8315.0,92.01
8321.0,14.990000000000002
8322.0,114.44
8325.0,49.79
8326.0,105.65
8327.0,24.85
8331.0,21.65
8334.0,50.5
8335.0,62.989999999999995
8341.0,16.5
8343.0,0.25
8345.0,7.0
8348.0,83.5
8351.0,-0.11000000000000298
8352.0,4.989999999999998
8357.0,114.94
8358.0,21.91
8359.0,107.0
8363.0,-2.0
8365.0,155.0
8367.0,50.01
8372.0,3.3500000000000014
8375.0,112.52
8376.0,82.39
8378.0,94.99
8379.0,21.549999999999997
8380.0,16.12
8381.0,51.45
8383.0,32.49
8385.0,23.99
8389.0,19.7
8392.0,59.989999999999995
8393.0,142.0
8394.0,18.0
8395.0,29.85
8396.0,95.71
8399.0,1.5100000000000016
8401.0,35.25
8405.0,34.99
8406.0,110.9
8407.0,113.49
8408.0,22.52
8409.0,62.1
8410.0,32.19
8411.0,18.0
8414.0,0.9
8419.0,6.190000000000001
8420.0,-150.05
8423.0,89.16
8424.0,83.51
8425.0,0.24
8427.0,9.99
8428.0,8.900009999999998
8429.0,46.9
8431.0,81.28999999999999
8432.0,-0.09000000000000001
8433.0,15.88
8435.0,69.49
8436.0,20.25
8437.0,99.9
8438.0,38.49
8440.0,76.5
8442.0,96.19
8444.0,20.09
8445.0,290.0
8446.0,76.0
8449.0,-5.760000000000002
8451.0,17.6
8453.0,114.0
8454.0,45.769999999999996
8455.0,69.86
8456.0,21.44
8457.0,122.1
8458.0,109.89
8459.0,3.6999999999999993
8461.0,25.0
8463.0,31.0
8464.0,25.0
8466.0,76.51
8468.0,3.990000000000002
8469.0,36.449999999999996
8470.0,40.0
8471.0,-11.0
8472.0,570.0
8473.0,4.949999999999989
8474.0,65.0
8475.0,84.95
8479.0,11.16
8481.0,130.0
8485.0,29.5
8488.0,4.18
8489.0,13.0
8490.0,15.81
8492.0,29.0
8494.0,86.16
8495.0,23.8
8497.0,2.5100000000000016
8498.0,-1.0099999999999998
8501.0,1.5000999999999998
8504.0,16.75
8508.0,119.8
8509.0,0.63
8510.0,23.49
8511.0,33.59
8512.0,3.29
8513.0,18.0
8514.0,36.0
8515.0,78.61
8516.0,29.59
8518.0,17.4
8519.0,109.6
8523.0,0.44906052782558803
8524.0,26.15
8526.0,16.4
8530.0,45.989999999999995
8534.0,2.0
8535.0,18.0
8536.0,0.48
8537.0,86.69
8540.0,84.1
8542.0,19.45
8544.0,-0.6500000000000004
8546.0,161.01
8547.0,93.0
8548.0,4.280000000000001
8550.0,242.19
8551.0,4.049999999999997
8552.0,51.0
8556.0,0.47
8559.0,42.9
8560.0,62.36
8561.0,11.0
8562.0,104.82
8564.0,7.0
8565.0,53.75
8569.0,130.0
8571.0,24.439999999999998
8573.0,-7.5
8574.0,-4.399999999999999
8575.0,160.5
8576.0,113.0
8577.0,33.0
8583.0,69.9
8584.0,0.5
8585.0,6.260000000000005
8586.0,117.59
8587.0,0.15000000000000002
8591.0,83.74
8593.0,91.5
8595.0,134.35
8598.0,121.85000000000001
8599.0,7.799999999999997
8600.0,1.4800000000000004
8601.0,101.0
8602.0,93.5
8603.0,0.0
8604.0,64.95
8605.0,27.5
8606.0,-6.5
8609.0,107.0
8611.0,-0.75
8612.0,50.0
8613.0,0.0
8617.0,65.0
8620.0,295.0
8622.0,-28.4999923
8630.0,0.06
8634.0,6.989999999999998
8635.0,29.61
8636.0,44.900000000000006
8637.0,72.89
8639.0,167.5
8641.0,61.8666666666667
8643.0,52.0
8644.0,33.4
8645.0,-2.049999999999997
8649.0,54.43
8651.0,26.659999999999997
8653.0,79.44
8655.0,1.9400000000000004
8656.0,12.71
8658.0,12.010000000000002
8659.0,18.779999999999998
8662.0,16.3
8665.0,2.0
8667.0,66.72
8668.0,15.010000000000005
8671.0,39.0
8672.0,29.0
8673.0,0.1
8676.0,5.55
8681.0,144.0
8682.0,127.71000000000001
8683.0,17.0
8686.0,76.01
8687.0,15.81
8690.0,146.7
8692.0,0.2
8693.0,143.01
8694.0,18.009999999999998
8695.0,96.65
8697.0,156.5
8698.0,79.94
8702.0,107.9
8705.0,149.9
8706.0,9.009999999999998
8707.0,-3.0500000000000007
8713.0,177.99
8715.0,0.69
8718.0,0.010000000000000009
8719.0,9.3
8720.0,4.009999999999998
8721.0,30.01
8723.0,34.0
8725.0,77.0
8726.0,24.02
8727.0,118.25
8730.0,1.15
8735.0,5.9
8736.0,8.5
8739.0,0.62
8743.0,63.19
8744.0,24.39
8747.0,19.099999999999998
8751.0,49.300000000000004
8752.0,17.49
8756.0,51.5
8757.0,32.75
8761.0,5.100000000000001
8762.0,56.25
8770.0,349.0
8774.0,29.03
8781.0,26.884
8783.0,138.75
8786.0,8.5
8789.0,38.29
8790.0,75.95
8796.0,11.899999999999999
8798.0,7.0
8800.0,0.10999999999999999
8801.0,110.0
8803.0,199.9
8805.0,282.69
8807.0,27.65
8808.0,7.0
8810.0,51.1
8811.0,-60.9999927
8813.0,3.75
8814.0,48.5
8817.0,3.91
8818.0,5.600000000000001
8819.0,34.59
8820.0,97.7
8824.0,4.8
8826.0,22.55
8828.0,35.0
8829.0,22.7
8830.0,21.9
8832.0,4.800000000000001
8835.0,0.55
8837.0,3.35
8838.0,97.0
8843.0,0.75
8845.0,-0.09999999999999964
8847.0,33.0
8849.0,13.75
8851.0,2.0
8853.0,0.35
8855.0,73.03
8857.0,1997.5
8858.0,73.03
8859.0,93.0
8861.0,25.1
8865.0,145.0
8869.0,78.27
8870.0,198.8
8871.0,96.17999999999999
8872.0,5.530000000000001
8874.0,67.77
8877.0,48.86
8878.0,0.16899999999999998
8879.0,58.23
8885.0,16.064999999999998
8886.0,5.0
8888.0,855.6999999999999
8889.0,81.75
8892.0,18.79
8894.0,97.88
8897.0,15.5
8898.0,201.0
8900.0,1.0
8901.0,4.83
8902.0,75.9
8903.0,0.6100000000000001
8904.0,6.99
8905.0,20.66
8906.0,35.0
8907.0,141.05
8911.0,108.74
8912.0,0.33999999999999997
8913.0,53.0
8916.0,8.0
8918.0,47.25
8919.0,22.0
8922.0,66.59
8924.0,48.0
8926.0,8.55
8927.0,22.9
8930.0,150.5
8931.0,1.7400000000000002
8933.0,18.0
8934.0,1.16
8936.0,-2.0000000000000036
8937.0,42.95
8938.0,76.17999999999999
8941.0,3.5
8944.0,61.0
8945.0,56.95
8946.0,27.1
8947.0,6.0
8949.0,81.75
8950.0,32.75
8951.0,135.6
8953.0,75.19
8954.0,22.62
8956.0,20.9
8961.0,46.0
8969.0,20.0
8970.0,92.77
8971.0,22.0
8978.0,67.0
8981.0,3.0
8984.0,0.6799999999999999
8988.0,26.97
8990.0,32.6
8991.0,102.7
8993.0,107.49000000000001
8994.0,2.41
8995.0,3.75
8996.0,56.85
8998.0,79.9
9000.0,42.95
9001.0,126.31
9005.0,115.9
9008.0,15.35
9010.0,144.25
9012.0,-22.28
9014.0,97.9
9015.0,16.549999999999997
9016.0,63.5
9017.0,118.981
9018.0,11.11
9019.0,150.3
9022.0,73.75
9023.0,3.0700000000000003
9024.0,26.35
9025.0,22.45
9027.0,25.01
9028.0,81.0
9030.0,5.1899999999999995
9031.0,38.69
9032.0,0.010000000000000009
9040.0,-0.16000000000000003
9042.0,62.2
9043.0,104.75
9046.0,92.0
9047.0,103.0
9052.0,482.0
9053.0,33.0
9054.0,34.8
9056.0,21.070000000000007
9059.0,31.0
9060.0,124.65
9062.0,108.0
9063.0,6.5
9065.0,3.9899999999999984
9066.0,14.75
9068.0,5.950000000000003
9071.0,72.9
9072.0,36.75
9075.0,20.0
9076.0,3.5
9079.0,214.5
9081.0,29.99000000000001
9082.0,7.700000000000003
9084.0,7.990000000000002
9085.0,57.15
9086.0,10.0
9087.0,4.5
9089.0,17.47
9090.0,75.27
9094.0,0.04999999999999993
9095.0,8.25
9099.0,4.25
9102.0,37.26
9103.0,30.6
9106.0,91.12
9108.0,10.0
9112.0,28.959999999999994
9113.0,17.990000000000002
9114.0,-0.09000000000000008
9117.0,21.45
9119.0,87.0
9123.0,82.75
9124.0,138.75
9125.0,33.9
9126.0,49.75
9132.0,3.9000000000000004
9136.0,8.990000000000002
9137.0,10.0
9138.0,149.74
9141.0,1.4899999999999984
9142.0,118.78
9143.0,13.55
9146.0,47.959999999999994
9149.0,2.0
9150.0,80.0
9152.0,23.389999999999997
9153.0,21.8
9155.0,3.5
9157.0,101.6
9158.0,2.0
9159.0,79.69999999999999
9160.0,98.1
9161.0,2.879999999999999
9162.0,7.4
9163.0,2.3
9164.0,0.40000000000000036
9167.0,0.9000000000000004
9168.0,51.5
9171.0,22.0
9173.0,6.600000000000001
9174.0,27.12
9178.0,44.5
9182.0,14.39
9187.0,13.1
9188.0,7.390000000000001
9189.0,129.82
9190.0,1.4899999999999984
9192.0,109.05
9193.0,32.49
9197.0,71.07518
9198.0,40.0
9200.0,124.99000000000001
9203.0,8.99
9204.0,22.43
9205.0,34.87
9206.0,4.5
9208.0,79.9
9210.0,8.5
9211.0,9.399999999999999
9212.0,58.0
9214.0,12.009999999999998
9216.0,28.39
9217.0,103.8
9218.0,59.15
9219.0,1.4
9220.0,21.0
9223.0,150.0
9224.0,59.477000000000004
9225.0,99.9
9228.0,14.75
9229.0,1.0
9233.0,17.43
9234.0,0.030000000000000027
9235.0,0.44000000000000006
9236.0,1.1999999999999993
9239.0,15.5
9242.0,65.0
9243.0,13.100000000000001
9245.0,119.75
9247.0,70.4
9248.0,2.969999999999999
9249.0,64.0
9250.0,5.76
9252.0,31.75
9253.0,35.3
9254.0,32.99
9255.0,39.51
9258.0,60.0
9260.0,124.0
9261.0,6.989999999999998
9263.0,8.040000000000001
9266.0,81.4
9270.0,44.77
9271.0,19.65
9272.0,2.0
9275.0,-2.3000000000000007
9277.0,2.5
9284.0,114.95
9285.0,102.0
9286.0,32.9
9289.0,95.98
9295.0,28.0
9297.0,7.450000000000003
9298.0,33.5
9301.0,14.5
9304.0,11.089999999999998
9305.0,13.0
9306.0,6.990001
9307.0,79.7
9308.0,-9.0
9310.0,22.0
9313.0,14.0
9316.0,49.75
9317.0,-0.010000000000000009
9318.0,84.7
9319.0,3.620000000000001
9322.0,113.86
9324.0,86.51
9325.0,25.0
9326.0,128.04
9332.0,-46.5
9333.0,76.62
9335.0,-0.45309999999999995
9337.0,78.3
9339.0,0.0
9340.0,4.53
9342.0,3.86
9345.0,66.95
9347.0,103.0
9348.0,4.399999999999999
9350.0,42.9
9351.0,67.83999999999999
9353.0,13.48
9354.0,107.4
9355.0,0.26
9356.0,87.0
9361.0,59.75
9363.0,9.969999999999999
9364.0,66.95
9370.0,4.550000000000001
9371.0,0.15000000000000002
9372.0,96.83000000000001
9373.0,354.99
9375.0,108.99000000000001
9378.0,64.88
9380.0,134.83999999999997
9381.0,57.25
9384.0,74.01
9385.0,87.95
9386.0,37.97
9390.0,66.001
9391.0,124.64
9400.0,50.31
9401.0,96.25
9403.0,18.75
9404.0,3.3400000000000003
9405.0,24.0
9407.0,9.25
9408.0,3.75
9409.0,28.41
9410.0,11.75
9416.0,119.19
9417.0,0.06
9420.0,118.7
9423.0,37.7
9425.0,0.185
9430.0,84.28
9434.0,0.75
9436.0,38.01
9438.0,61.489999999999995
9439.0,0.285
9441.0,2.1
9442.0,10.5
9443.0,140.5
9444.0,97.19
9445.0,8.0
9447.0,6.55
9449.0,79.9
9450.0,23.72
9453.0,75.505
9455.0,4.0
9456.0,106.5
9458.0,13.64
9459.0,62.0
9460.0,80.52
9461.0,176.75
9462.0,22.55
9463.0,3.89
9465.0,0.6000000000000001
9467.0,89.49
9468.0,27.74
9469.0,13.980000000000004
9476.0,60.0
9478.0,164.54000000000002
9479.0,0.35
9481.0,34.699999999999996
9488.0,20.010000000000005
9490.0,18.65
9491.0,0.18999999999999997
9493.0,15.0
9496.0,19.0
9500.0,0.13
9502.0,5.890000000000001
9505.0,14.75
9506.0,35.99
9507.0,111.75
9508.0,75.27000000000001
9509.0,74.7
9510.0,82.46
9511.0,84.5
9512.0,3.95
9513.0,349.86
9514.0,149.29000000000002
9515.0,51.75
9518.0,19.75
9520.0,0.33999999999999997
9521.0,26.7
9522.0,71.0
9528.0,3.0
9530.0,298.59
9532.0,129.25
9535.0,2.8899999999999997
9536.0,27.509999999999998
9537.0,53.989999999999995
9538.0,76.49
9539.0,34.84
9540.0,57.83
9543.0,122.01
9544.0,52.5
9546.0,66.69
9547.0,19.000000000000004
9548.0,99.0001
9550.0,1.9899999999999984
9555.0,0.39
9561.0,6.75
9562.0,68.5
9564.0,8.68
9567.0,6.8500000000000005
9570.0,69.03
9571.0,69.66
9572.0,64.95
9576.0,0.12
9577.0,121.7
9578.0,57.33
9580.0,141.5
9581.0,41.0
9588.0,0.10999999999999943
9589.0,24.7
9594.0,31.0
9598.0,43.7
9599.0,27.92
9601.0,2.8100000000000023
9602.0,55.0
9603.0,17.290000000000006
9606.0,0.71
9608.0,63.65
9609.0,39.1
9610.0,119.85
9612.0,198.0
9617.0,39.25
9618.0,0.42000000000000004
9619.0,-0.19
9620.0,41.55
9622.0,29.35
9625.0,9.6
9627.0,8.149999999999999
9630.0,2.2
9631.0,0.010000000000001563
9632.0,0.08000000000000002
9633.0,0.11499999999999999
9637.0,5.35
9641.0,90.59
9644.0,3.14
9647.0,135.47
9651.0,92.88
9652.0,77.4
9654.0,177.5
9655.0,24.95
9656.0,73.571
9658.0,112.439
9659.0,82.0
9660.0,3.1999999999999993
9661.0,27.5166
9663.0,48.0
9665.0,74.76
9667.0,34.5
9668.0,38.59
9669.0,124.9
9670.0,23.0
9671.0,145.3
9673.0,49.5
9674.0,69.5
9675.0,4.44
9678.0,147.65
9683.0,97.5
9684.0,151.3
9686.0,26.4
9689.0,69.35
9690.0,85.8
9691.0,19.71
9692.0,124.75
9695.0,74.83000000000001
9696.0,13.040000000000006
9697.0,119.7
9704.0,0.0
9705.0,30.5
9707.0,26.5
9708.0,23.95
9709.0,58.0
9710.0,39.5
9713.0,62.8
9718.0,30.799999999999997
9719.0,-0.12
9720.0,11.46
9721.0,86.38
9722.0,49.0
9724.0,99.78999999999999
9725.0,19.0
9726.0,76.58
9730.0,22.88
9731.0,-2.0100000000000016
9740.0,8.989999999999998
9744.0,18.8499
9747.0,7.0
9749.0,270.0
9752.0,13.5
9753.0,0.4499999999999993
9754.0,54.25
9759.0,22.66
9760.0,19.0
9763.0,11.570000000000002
9764.0,87.55
9767.0,136.39
9768.0,8.4
9770.0,43.29
9771.0,19.689999999999998
9773.0,74.65
9775.0,134.5
9776.0,0.56
9780.0,99.9
9781.0,116.31
9787.0,24.8
9791.0,77.1
9793.0,5.0
9795.0,3.960000000000001
9798.0,65.65
9805.0,4.6
9810.0,0.7899999999999999
9815.0,77.47
9816.0,4.25
9828.0,64.75
9833.0,1.7
9834.0,19.73
9836.0,32.0
9839.0,9.7
9840.0,61.97
9841.0,80.5
9842.0,68.24
9843.0,158.0
9844.0,59.0
9845.0,-36.120000000000005
9846.0,4.15
9847.0,23.84
9848.0,332.0
9849.0,131.7
9851.0,122.38
9853.0,47.5
9855.0,63.39
9856.0,25.79
9859.0,127.89
9860.0,173.59
9861.0,0.89
9862.0,94.89
9863.0,93.8
9865.0,118.4
9868.0,95.0
9871.0,12.65
9873.0,110.51
9874.0,49.79
9875.0,-0.03
9879.0,-2.0
9880.0,4.4
9881.0,31.65
9884.0,8.36
9885.0,12.010000000000002
9886.0,1.92
9887.0,1.1800000000000002
9890.0,73.96
9891.0,52.50001
9893.0,69.9
9895.0,25.94
9900.0,3.4899999999999984
9902.0,1.0
9905.0,98.5
9907.0,68.75
9910.0,69.38
9912.0,165.0
9915.0,96.80000000000001
9916.0,33.05
9920.0,31.75
9921.0,0.55
9922.0,176.57000000000002
9923.0,7.0
9924.0,3.41
9926.0,1.499
9929.0,2.41
9931.0,124.6
9932.0,1.5
9933.0,1.0999999999999999
9934.0,36.010000000000005
9935.0,16.0
9938.0,25.7
9943.0,184.5
9947.0,118.001
9951.0,117.99000000000001
9952.0,321.38
9953.0,311.69
9958.0,54.010000000000005
9963.0,39.85
9967.0,21.97
9969.0,44.15
9970.0,20.0
9972.0,64.0
9976.0,1.25
9979.0,4.0
9980.0,54.9
9982.0,-14.0
9990.0,-24.4999912
