punk_id,usd_diff
0.0,2514.7219999999998
1.0,31056.31
14.0,-81.23849999999999
53.0,390365.7564
89.0,2638.7978000000003
116.0,174.528
118.0,32611.475499999993
124.0,7670.080999999998
138.0,56632.528500000015
139.0,124696.0863
141.0,14869.828700000013
143.0,104454.59999999998
150.0,73355.2342
160.0,61104.479999999996
161.0,43053.034399999975
169.0,42270.919999999984
173.0,250840.691
197.0,8682.76999999999
203.0,-203264.78579999998
211.0,358498.04
229.0,25489.933500000043
234.0,138193.9026
239.0,7179.141000000003
240.0,22208.819999999992
252.0,170282.69999999998
257.0,52391.551999999996
258.0,27118.273499999996
259.0,3633.6300000000047
260.0,369512.5
273.0,981416.635
280.0,-68.14500000000001
283.0,-48413.2443
285.0,11828.631000000001
286.0,39435.0095
287.0,1128.4599999999955
291.0,31378.440000000002
294.0,9525.557499999999
300.0,-25426.402499999997
308.0,242051.75500000003
312.0,201894.79200000002
318.0,14843.405000000006
322.0,16457.519999999997
328.0,65907.5
329.0,-1497.739499999996
332.0,-29864.4629
335.0,304283.10000000003
339.0,344363.26
340.0,-125810.59999999998
341.0,362601.5283
342.0,89725.0527
349.0,28557.105900000024
352.0,25898.598899999997
353.0,295462.627
355.0,-46.49850000000001
365.0,33142.6397
368.0,155197.0
376.0,23531.235799999995
381.0,48532.979400000004
382.0,495757.2568
384.0,41519.3
385.0,-126452.6703
387.0,-361202.79999999993
399.0,59719.283999999985
402.0,8652.0867
406.0,279719.25
407.0,45058.419999999984
422.0,307372.1974
423.0,227495.755
426.0,40785.877
430.0,53701.105200000005
435.0,99496.958
445.0,412993.11
446.0,34315.0474
447.0,30507.870000000003
449.0,-10113.273000000001
457.0,22044.69199999998
470.0,2569.028400000003
473.0,33532.79400000001
483.0,213869.3468
486.0,16025.400000000009
488.0,33.783599999995204
489.0,-110508.56399999995
490.0,296280.649
494.0,72726.65000000002
497.0,-17191.079100000003
501.0,305179.955
503.0,238320.22999999998
505.0,115245.475
506.0,19755.7327
509.0,3680.8899999999994
510.0,2527.9339999999997
512.0,280258.2213
522.0,3692.771399999998
534.0,41488.365500000014
538.0,16442.308900000004
544.0,2001.9365
548.0,-37764.109999999986
550.0,43334.84269999998
551.0,5450.848800000007
561.0,1345505.0
563.0,233740.9
564.0,-165409.4988
570.0,63908.61989999999
573.0,948245.4248
586.0,76931.94840000002
588.0,55396.649999999994
591.0,5322.627
593.0,63783.850000000006
596.0,-160190.2134
604.0,-296.08000000000175
608.0,484356.4
610.0,631591.332
613.0,48485.11350000001
616.0,155609.975
617.0,-189.3869999999879
618.0,12777.617499999993
620.0,3947.850000000006
622.0,272394.7611
627.0,342604.9
628.0,-90682.04639999999
632.0,70754.32
636.0,62112.921700000006
638.0,169428.40000000002
639.0,447373.705
642.0,79036.58999999997
643.0,151676.67419999998
648.0,90868.5575
650.0,137241.65760000004
660.0,115372.36499999999
661.0,341398.125
669.0,42885.0775
678.0,4155.4329
682.0,6408.609799999998
686.0,138462.5123
690.0,127964.71779999998
695.0,56527.05799999999
698.0,442106.9351
700.0,25120.300900000002
703.0,296331.77400000003
704.0,2652.9012999999977
709.0,86139.71999999997
713.0,13365.76999999996
715.0,9237.277999999991
716.0,143031.6384
717.0,1679.8020000000033
718.0,17587.123500000016
729.0,17589.489999999998
730.0,31687.1
735.0,343776.6762
740.0,57925.10029999999
743.0,29249.774100000002
749.0,72404.9461
750.0,212632.46599999996
751.0,401140.2025
759.0,-31134.921700000006
769.0,2022.6918000000296
773.0,57731.600000000006
774.0,53030.32000000001
777.0,13618.0296
782.0,150963.3408
784.0,173930.9799
793.0,-110962.89650000003
794.0,53045.02000000002
797.0,16767.57500000001
800.0,92209.96090000006
803.0,14981.7425
807.0,11935.241999999998
812.0,31116.420000000002
814.0,-62058.225600000005
817.0,144936.41199999998
819.0,4916.32
820.0,-32430.824500000002
824.0,520891.56
825.0,18224.1985
827.0,155317.75
836.0,-117879.51200000002
838.0,558.0915
839.0,-6416.798799999997
843.0,-34613.023799999995
845.0,67566.8145
852.0,53704.785
853.0,5821.095000000001
855.0,158963.261
857.0,31096.75
861.0,451710.35000000003
862.0,50989.25650000002
875.0,471.184
877.0,391491.15
880.0,112078.76999999999
883.0,400434.3568
886.0,18958.63900000001
891.0,358863.79310000007
898.0,9945.342000000004
900.0,8429.725800000015
906.0,15428.766800000012
907.0,126318.36520000001
913.0,35168.19650000002
914.0,-8059.050000000003
915.0,281417.832
916.0,165388.68000000002
920.0,256886.28500000003
923.0,37797.79199999999
924.0,372075.7409
931.0,558.0915
939.0,86839.0
943.0,-25488.140000000014
948.0,174791.65000000002
950.0,-54.995999999999995
952.0,65348.86169999998
965.0,2054.68
973.0,44877.4583
981.0,16942.885200000004
983.0,-313483.8
985.0,-103407.68
991.0,265606.2988
992.0,88005.792
993.0,41934.729999999996
998.0,386.13899999999995
1000.0,360784.61699999997
1001.0,518354.235
1003.0,6395.18
1005.0,29453.82
1006.0,-14814.6374
1007.0,211661.245
1009.0,284798.18
1010.0,146203.41999999998
1011.0,327091.656
1013.0,289926.547
1014.0,333470.4048
1015.0,-26124.092000000004
1027.0,912877.7326999999
1029.0,-82435.53999999998
1030.0,17748.40800000001
1036.0,154.571
1041.0,15804.784
1043.0,141806.7816
1044.0,36438.904
1045.0,11561.088499999983
1052.0,4.5364
1054.0,2714.0195999999996
1060.0,18.346199999999996
1062.0,311776.77
1068.0,-1454.6399999999994
1071.0,6305.913100000005
1072.0,138629.1085
1075.0,11896.736199999992
1083.0,-41.35932205159929
1084.0,40441.340000000004
1085.0,-89005.038
1091.0,13034.459999999963
1092.0,139059.5
1094.0,458847.16000000003
1095.0,141349.3034
1096.0,5604.975
1100.0,8410.714
1102.0,153593.92
1110.0,-34525.720700000005
1116.0,214052.3
1118.0,90396.56499999999
1119.0,405562.75639999995
1123.0,25266.48000000001
1127.0,1349.9849000000013
1129.0,32255.986099999995
1139.0,-4146.8631999999925
1142.0,325431.2939
1146.0,103743.87125000001
1151.0,44753.10309999999
1155.0,74900.6969
1160.0,7351.1718
1161.0,21276.854500000016
1162.0,223872.1787
1170.0,-56.13199999999999
1173.0,10476.926000000036
1175.0,85342.196
1180.0,-31624.579999999987
1183.0,175018.436
1186.0,48826.380000000005
1187.0,37020.14799999999
1190.0,1395543.36
1196.0,24094.625
1205.0,51341.369999999995
1209.0,484209.99999999994
1210.0,300188.75
1211.0,36.4231
1212.0,11472.504400000005
1215.0,87338.0172
1216.0,62.64
1225.0,243261.13999999998
1234.0,251.55000000000018
1236.0,-33.911
1238.0,5981.699500000001
1240.0,27895.22
1241.0,467321.66000000003
1243.0,39494.100999999995
1244.0,193.75150000000002
1251.0,600475.96
1253.0,43320.5013
1254.0,15378.487300000008
1256.0,27.594
1257.0,22.791400000000003
1261.0,119778.18969999999
1266.0,-7863.5
1267.0,291183.65949999995
1269.0,224019.585
1270.0,532373.43
1271.0,382296.01
1275.0,198827.0785
1279.0,65438.8922
1280.0,2386.0625
1287.0,121062.1204
1288.0,8152.599399999999
1289.0,109312.2609
1290.0,366765.74199999997
1299.0,8534.443
1302.0,193696.5
1308.0,213246.24
1315.0,84636.94140000001
1316.0,3622.859999999986
1319.0,-97426.21199999997
1320.0,15288.144
1321.0,2130.1445999999996
1324.0,33.54827899999998
1325.0,12583.675599999995
1326.0,105232.435
1328.0,459958.75
1330.0,500.847
1334.0,7917.9025
1335.0,4273.4057999999995
1338.0,70482.16500000001
1340.0,-61710.3851
1345.0,5269.429999999993
1349.0,25750.134
1350.0,16698.621499999997
1351.0,1258.8652
1353.0,111155.03
1360.0,61.544700000000034
1361.0,1077.0800000000017
1362.0,9522.427500000049
1369.0,175548.17909999998
1370.0,-14053.080000000009
1374.0,503.3882
1376.0,-60550.654500000004
1378.0,719.5774999999994
1379.0,295265.5356
1385.0,3149.209999999999
1386.0,88357.59999999998
1387.0,26721.803
1388.0,83341.9382
1389.0,10392.536100000001
1392.0,441851.1772
1394.0,28560.50999999998
1396.0,37.705242
1397.0,7915.759999999998
1398.0,45360.3064
1401.0,319011.765
1402.0,-2806.909999999996
1403.0,28.308600000000013
1407.0,-44.829600000000006
1416.0,2097.21
1417.0,35267.157400000026
1420.0,79762.96729999999
1422.0,2005781.0325
1424.0,137316.5592
1425.0,-62.40200000000001
1426.0,175325.91199999998
1430.0,-7678.547500000015
1435.0,8637.296999999999
1436.0,-7324.9000000000015
1439.0,66905.95319999999
1440.0,105743.17799999999
1443.0,277489.905
1446.0,-139481.03089999998
1447.0,143828.49000000002
1448.0,13745.205000000002
1451.0,-24312.420000000006
1454.0,-77753.18399999998
1456.0,77.5414
1458.0,42212.8704
1462.0,62654.741099999985
1463.0,27903.440000000002
1464.0,295719.4835
1467.0,-10656.542200000004
1469.0,1309.2968
1473.0,-29414.392000000007
1474.0,25975.311200000004
1475.0,283338.1225
1476.0,41108.70000000001
1479.0,218.7
1480.0,9469.76000000001
1482.0,28384.47
1489.0,-7642.148100000006
1490.0,43898.5475
1495.0,50694.4844
1502.0,26838.6765
1504.0,75612.70649999999
1507.0,245514.076
1509.0,22.676199999999994
1510.0,9738.774099999999
1512.0,-44.37448
1513.0,30971.339900000006
1514.0,243382.65000000002
1516.0,25923.391300000003
1517.0,62343.600000000006
1519.0,60.16080000000001
1520.0,-33199.648199999996
1521.0,38902.572
1522.0,7840.0565
1523.0,136831.75
1524.0,361.24800000000005
1527.0,30147.714599999992
1532.0,84879.86920000002
1533.0,103909.63500000001
1535.0,31771.320300000007
1537.0,232.757
1539.0,-31.171200000000006
1546.0,155766.16
1548.0,33237.844300000004
1552.0,-6063.734600000003
1555.0,-8.604782871000001
1557.0,302978.228046292
1558.0,40538.94
1561.0,168515.0765
1564.0,1941.4199999999983
1565.0,77.5414
1566.0,26222.95
1575.0,16904.964999999997
1580.0,-53627.78099999999
1581.0,71.3944
1585.0,8263.161
1586.0,12020.581400000003
1587.0,77435.82
1588.0,478882.45
1589.0,19873.948
1590.0,598.3620000000001
1592.0,1857.8824999999997
1594.0,192181.536
1605.0,39262.79000000001
1610.0,68.01700000000001
1611.0,232045.25
1613.0,-134172.83
1614.0,4716.453000000001
1615.0,1106599.0593
1617.0,137.52750000000003
1618.0,13674.844799999999
1622.0,-23440.464999999997
1623.0,59138.625
1624.0,39825.5091
1625.0,44555.52745
1626.0,29377.262300000002
1630.0,23892.66
1631.0,63236.149999999994
1633.0,162236.124
1636.0,357542.35
1638.0,-36.64152
1639.0,50175.664499999984
1640.0,7672.269999999999
1642.0,704.0509
1648.0,14122.145
1649.0,10742.82
1650.0,71902.7254
1651.0,87172.14000000001
1665.0,-4.237419999999986
1667.0,89687.9992
1672.0,-125477.32499999998
1673.0,7172.232000000004
1676.0,63071.98000000001
1677.0,15735.118500000011
1683.0,14983.440000000002
1684.0,13403.5023
1689.0,235042.97000000003
1690.0,16607.674499999997
1691.0,287703.71
1692.0,302006.600768616
1693.0,172473.37500000003
1695.0,227085.996768616
1696.0,166113.84269999998
1697.0,-40259.582200000004
1702.0,5654.603600000002
1703.0,13443.870000000003
1704.0,15462.658000000003
1710.0,128892.81999999998
1711.0,81196.11484300002
1716.0,241057.99819999997
1719.0,-16336.25
1721.0,-262256.85
1722.0,-33847.05750000001
1728.0,136283.94
1735.0,48616.27490000002
1737.0,1623.9199999999983
1739.0,3661.937700000002
1743.0,3010.1845
1744.0,34740.5061
1745.0,56059.90000000002
1749.0,216919.87500000003
1750.0,71632.4917
1752.0,61089.042599999986
1753.0,31330.005000000005
1757.0,-4.737200000000001
1760.0,191.58300000000003
1764.0,13093.903499999986
1765.0,54496.41859999999
1766.0,126177.00919999997
1767.0,11379.736200000014
1769.0,47060.544
1770.0,-95246.794
1771.0,132962.3682
1773.0,62157.5958
1775.0,-82456.14249999999
1776.0,9707.157599999977
1777.0,36958.255000000005
1778.0,18643.803000000004
1780.0,685585.59
1781.0,22344.92499999999
1782.0,77459.5764
1784.0,228.5345
1786.0,34983.060000000005
1788.0,8559.7995
1791.0,8182.415500000003
1793.0,80649.65000000002
1794.0,-54175.29000000001
1796.0,31356.884
1797.0,77590.02
1798.0,34919.56
1802.0,285470.9984
1803.0,20773.419999999984
1804.0,28654.879999999997
1805.0,262025.042768616
1808.0,26974.793899999997
1812.0,25823.602300000006
1813.0,-26027.433299999997
1814.0,10225.010000000002
1817.0,3509.8740000000107
1824.0,7753.4439999999995
1825.0,5974.794000000002
1828.0,50953.78
1829.0,-1805.916799999999
1830.0,5854.42319999999
1831.0,123339.51999999999
1833.0,5488.1783
1834.0,-69317.63
1836.0,28350.540000000008
1839.0,564743.9500000001
1841.0,376.416
1842.0,38.04899999999999
1845.0,-7624.645999999997
1846.0,-43.11200000000001
1848.0,4081.486200000014
1851.0,63.11919999999999
1852.0,81353.03580000001
1853.0,16071.265499999994
1855.0,8581.479999999981
1857.0,23630.7555
1859.0,-21150.944000000018
1860.0,1656.5539999999999
1862.0,57041.405
1870.0,318422.73
1872.0,190720.3396
1874.0,66529.58525
1875.0,-23.857499999999987
1878.0,296207.92
1880.0,7094.2125000000015
1881.0,344569.08999999997
1884.0,60062.9584
1886.0,1062075.8816
1889.0,46638.1161
1890.0,-25079.666999999994
1891.0,27168.072183317996
1898.0,-3573.5573000000004
1901.0,24017.061
1902.0,-1497.445200000002
1903.0,5.415999999999997
1904.0,38114.277
1905.0,176801.905
1908.0,75579.544
1912.0,14879.43300000002
1915.0,-20242.84149999998
1932.0,20362.558200000003
1934.0,8117.929000000001
1936.0,-437.2459999999992
1937.0,-9.220699999998033
1941.0,36945.16900000002
1942.0,25545.46179999999
1943.0,37479.03999999998
1944.0,64925.70240000001
1946.0,74039.2675
1951.0,280858.02999999997
1961.0,-50654.79000000004
1963.0,8340.3606
1965.0,12277.349999999977
1966.0,228089.4
1967.0,208776.95
1970.0,269038.15
1979.0,320105.35
1981.0,-5583.32
1987.0,280380.65
1991.0,17065.281300000002
1995.0,-50771.292
2000.0,276536.23600000003
2006.0,227535.91999999993
2008.0,21008.9628
2011.0,8106.18
2013.0,49691.759999999995
2015.0,199647.79
2016.0,43401.81850000002
2017.0,111447.75799999997
2023.0,21843.13949999999
2028.0,-73252.10499999998
2031.0,8936.35
2036.0,54075.568499999994
2037.0,58350.89600000001
2039.0,70464.1336
2041.0,40845.3385
2042.0,233366.49999999997
2043.0,51444.782999999996
2044.0,25.986499999999992
2045.0,581959.3006999999
2047.0,15395.487399999998
2050.0,2993.6956000000027
2054.0,2052.9019
2055.0,217010.8348
2058.0,-71282.03669999997
2061.0,25590.205929999996
2065.0,17746.627000000037
2067.0,23817.205814000015
2068.0,280692.37717560004
2069.0,45485.135
2070.0,78683.0636
2076.0,-163755.6
2079.0,78897.46849999999
2080.0,-128687.02400000003
2086.0,196283.275
2088.0,767.3062000000064
2094.0,386696.91000000003
2097.0,209948.28499999997
2099.0,8780.040000000008
2102.0,22249.252800000017
2103.0,136811.6328
2106.0,1524.2075
2108.0,171322.8
2110.0,1175.786
2111.0,172288.14
2112.0,36712.03
2113.0,89384.4525
2125.0,10628.903399999996
2126.0,58594.3248
2127.0,23325.050000000003
2128.0,15297.11
2129.0,2781.6304999999998
2135.0,47996.6904
2136.0,286030.30079999997
2139.0,132006.82880000002
2140.0,2593105.0
2141.0,27707.0769
2142.0,113721.75
2149.0,53895.4626
2150.0,-5555.465999999986
2151.0,118.3638
2153.0,11559.8875
2154.0,166.632
2156.0,9204.7356
2158.0,162947.96
2160.0,22082.812999999966
2161.0,36.903
2163.0,7371.77900000001
2168.0,24924.046899999998
2172.0,312358.15
2173.0,208.8966999999999
2175.0,157546.16
2177.0,170273.98500000002
2182.0,530527.8
2184.0,31561.1531
2188.0,14176.3887
2190.0,52485.45
2191.0,163377.69
2193.0,28902.72159999999
2194.0,1615.9436
2196.0,193306.75
2200.0,-84104.26000000001
2202.0,2624.475
2205.0,5583.738000000001
2207.0,-14.530634977726997
2209.0,409099.97
2210.0,119450.41560000001
2211.0,-29598.573600000003
2212.0,348013.15
2213.0,19849.7871
2216.0,1.636199999999988
2220.0,5509.498899999999
2221.0,131549.95140000002
2222.0,38296.92199999999
2223.0,34750.889999999956
2224.0,46062.27500000002
2227.0,208341.495
2228.0,228991.888
2230.0,69.00119999999998
2231.0,17816.249
2233.0,-4988.757899999997
2235.0,-10497.029999999999
2236.0,106589.20310000001
2237.0,64074.600000000006
2238.0,82604.63999999998
2241.0,41621.8365
2245.0,27270.550000000003
2248.0,98974.90170000002
2249.0,1488.58538
2250.0,7527.5250000000015
2253.0,-79964.65000000002
2257.0,-3466.170000000013
2259.0,682.8177999999999
2261.0,74854.79999999999
2263.0,60134.669999999984
2268.0,192092.60509999993
2275.0,-1711.109999999986
2276.0,33550.58000000001
2279.0,113656.69999999995
2280.0,292350.713
2281.0,97764.45000000001
2285.0,91466.47525
2286.0,265150.49799999996
2287.0,-4628.715000000004
2289.0,1801.33
2290.0,55307.817900000024
2291.0,12201.0337
2292.0,97805.9281
2294.0,68202.1
2297.0,119718.99799999999
2302.0,39396.036
2303.0,313674.858
2306.0,771560.74
2308.0,240590.05000000002
2309.0,484.75049999999993
2310.0,730038.5899999999
2311.0,504433.466
2313.0,20657.615999999998
2314.0,48746.72249999999
2315.0,8255.4277
2317.0,2164.2284
2320.0,951.9078
2321.0,7776.351999999999
2325.0,628190.8400000001
2326.0,27318.1056
2327.0,37980.6262
2328.0,5945.5985999999975
2329.0,782454.6
2333.0,17387.760000000002
2336.0,308156.8294
2338.0,4378140.97
2339.0,2105.0288
2340.0,35490.37439999999
2342.0,7085.076000000001
2343.0,43678.73059999998
2347.0,53389.08300000001
2348.0,3825.7005000000063
2350.0,33402.7495
2351.0,389953.44
2353.0,53164.34999999999
2354.0,26854.109399999987
2358.0,9446.884999999995
2363.0,2817.9159279999985
2366.0,13670.615040000004
2367.0,186384.42600000004
2373.0,490807.4244
2374.0,5141.4555
2376.0,-63052.288499999995
2377.0,131664.8504
2378.0,2232.553
2379.0,73064.5895
2381.0,26291.614999999998
2382.0,29133.74000000005
2386.0,9439.310000000001
2388.0,6899.9485
2389.0,165224.865
2390.0,40783.994999999995
2392.0,78964.58240000001
2394.0,37856.1439
2396.0,97955.72000000002
2397.0,-18138.255000000005
2398.0,1504.93925
2402.0,53.7291
2404.0,24778.9777
2405.0,13726.100000000006
2406.0,385038.36470000003
2407.0,2185.3288
2408.0,108494.23000000004
2409.0,15722.142299999992
2410.0,1121.2250000000004
2414.0,2641.2065000000002
2416.0,432949.0264
2417.0,94483.19650000002
2420.0,80.182
2421.0,89534.622
2423.0,75590.37
2424.0,779889.894
2426.0,590245.0
2429.0,-5408.085600000006
2430.0,172378.8
2435.0,32703.834559999996
2438.0,4553.584999999992
2440.0,44819.712699999975
2441.0,135.0821
2443.0,11357.822999999997
2444.0,336594.81
2445.0,86.766345
2447.0,1110.9780000000028
2450.0,371050.2546
2452.0,263230.2
2457.0,9515.13400000002
2458.0,22200.284999999974
2462.0,57490.084
2464.0,152040.18469999998
2466.0,74.25019999999999
2469.0,-2148.7350000000006
2471.0,26200.300099999997
2473.0,248075.15150000004
2474.0,-6277.1175
2475.0,97966.91500000001
2476.0,17463.042999999998
2478.0,239.344
2480.0,305545.687
2481.0,125765.04030000002
2482.0,-30.63510000000001
2483.0,108002.6398
2484.0,783635.45
2486.0,61597.4107
2488.0,329765.76
2489.0,40639.183
2490.0,2351.25694
2493.0,-22192.600000000006
2498.0,-39764.90970000002
2499.0,407446.94
2501.0,149582.2806
2502.0,123215.41
2503.0,-189487.38439999998
2504.0,8867.057999999999
2505.0,25252.384400000003
2506.0,42990.49
2513.0,-8703.8128
2522.0,4743.986999999994
2523.0,320067.26
2524.0,-33306.291600000026
2528.0,475304.917
2529.0,38593.258
2531.0,14141.231999999989
2534.0,-218536.29020000005
2535.0,75.53759999999998
2537.0,-5853.274000000005
2539.0,186915.7766
2540.0,442545.43
2541.0,52318.9062
2542.0,43275.119999999995
2544.0,82674.40799999997
2546.0,94892.91589999999
2548.0,334643.4
2550.0,433852.4
2553.0,133722.85859999998
2556.0,342.03650000000005
2557.0,194078.16
2558.0,356233.026
2565.0,291192.5708
2568.0,-7576.198499999999
2569.0,80703.80460000003
2570.0,24614.606400000004
2572.0,598905.919
2575.0,1285.2735
2577.0,287018.6297
2579.0,1361.4154999999998
2580.0,238299.44999999998
2581.0,5770.5
2582.0,53367.7845
2584.0,25876.23590000003
2586.0,-207.76320000000123
2587.0,67657.6617
2588.0,4570.57
2589.0,19918.38
2591.0,44129.0864
2592.0,10405.165
2593.0,857.9423999999999
2595.0,2565.5570000000007
2598.0,379.83299999999997
2599.0,399016.6184
2603.0,75.70079999999999
2607.0,192.7811
2609.0,176387.6
2612.0,961.0869999999995
2614.0,131588.818
2616.0,394118.35
2619.0,342263.4069
2621.0,499.6596
2624.0,155032.9492
2626.0,76211.4556
2631.0,-3.4170000000012806
2632.0,90016.11000000002
2633.0,85678.0914
2634.0,46727.45000000001
2635.0,22940.378400000016
2636.0,72507.34830000001
2637.0,216624.0
2639.0,353457.93
2640.0,59.61152
2641.0,130541.174
2645.0,95077.02
2647.0,5442.159000000014
2648.0,83535.79460000001
2652.0,204051.305
2653.0,111684.44
2654.0,308978.30559999996
2659.0,2778.8054999999986
2660.0,182.38299999999998
2661.0,60265.402
2668.0,5645.3337
2669.0,119565.699
2670.0,129.15480000000002
2671.0,72.32260000000001
2672.0,-28854.695999999996
2673.0,8913.377999999997
2674.0,223659.88179999997
2677.0,2766.5239999999976
2679.0,9593.242800000007
2681.0,2538607.71
2683.0,-96891.24160000001
2684.0,36820.850399999996
2686.0,-41560.73999999999
2688.0,124725.8028
2689.0,20746.33500000002
2695.0,2856.5495999999985
2698.0,239.237
2699.0,8857.1748
2702.0,5518.3903
2707.0,374288.9019
2713.0,177529.57399999996
2714.0,7934.888599999998
2715.0,437525.2622
2719.0,63195.0375
2720.0,3.1456000000000017
2721.0,28644.0
2724.0,174965.89
2726.0,535180.1834000001
2728.0,435393.682
2729.0,315.98799999999994
2730.0,35368.9974
2733.0,347465.8585
2735.0,59495.88639999996
2738.0,17188.0656
2743.0,-73100.359188726
2744.0,18546.363400000002
2745.0,22237.814999999995
2746.0,-11.622
2749.0,12954.960000000021
2750.0,6.430000000000007
2752.0,34064.202
2753.0,94702.92
2758.0,28290.6689
2760.0,527.0705
2761.0,54.278200000000005
2762.0,27286.966600000014
2766.0,-14.571000000000026
2767.0,101255.73599999998
2768.0,120.2625
2769.0,1544.2016930295922
2770.0,24461.010000000002
2771.0,10180.001
2772.0,45120.355599999995
2773.0,-71327.22399999999
2774.0,76137.19849999997
2776.0,-103055.83700000003
2777.0,10.720000000000027
2778.0,435133.5
2780.0,46900.21299999999
2781.0,143133.74
2782.0,4475.289199999999
2785.0,13506.166399999998
2787.0,6542.918100000003
2788.0,6645.610000000001
2789.0,393.14999999999986
2790.0,198402.8394
2795.0,279255.032
2801.0,30.958
2805.0,36905.87487999999
2806.0,303183.0645
2808.0,-11.391600000000004
2816.0,12874.542999999998
2817.0,7163.199999999997
2819.0,44208.05
2820.0,153263.9433
2824.0,304120.2144
2825.0,295641.7245
2826.0,-225.12999999999965
2829.0,91559.38
2831.0,-355.6500000000001
2832.0,5310.386300000013
2833.0,99419.854
2834.0,129084.07
2835.0,-23405.255399999995
2845.0,4678.894800000002
2848.0,293907.3608
2850.0,36961.07980000001
2852.0,1985.439999999995
2853.0,114302.04999999999
2855.0,10974.919999999998
2856.0,40337.957200000004
2860.0,-49850.41000000003
2862.0,37758.273
2863.0,-18886.33500000002
2864.0,-447.22000000000116
2867.0,25.824000000000012
2870.0,26692.127600000007
2871.0,93167.75
2872.0,-17.311000000000007
2873.0,373354.345
2875.0,2050.4706
2876.0,-4675.102730999992
2877.0,1026.5553
2878.0,14032.512500000004
2879.0,53074.86
2880.0,6115.616699999999
2881.0,1949.22
2883.0,178496.72400000002
2887.0,21406.32
2888.0,30585.13500000001
2890.0,757640.5800000001
2892.0,269128.4
2895.0,184308.06
2904.0,15320.160199999998
2905.0,5045.042199999967
2906.0,56704.020000000004
2907.0,12615.439199999993
2911.0,466869.675
2913.0,231519.10199999998
2914.0,123382.222
2915.0,356561.0834
2916.0,166085.5344
2917.0,-10.331399999999995
2921.0,143819.25530000002
2924.0,69830.09
2927.0,1696.5349999999999
2929.0,3152.7521000000006
2930.0,26314.514599999995
2932.0,180342.69220000002
2934.0,30367.611999999994
2936.0,23266.616500000004
2937.0,17519.024199999996
2939.0,48559.779309000005
2942.0,20281.144
2944.0,23726.887499999997
2946.0,44982.847
2947.0,2755.0239999999976
2948.0,-118380.12350000005
2949.0,4328.392
2950.0,156309.127
2953.0,82550.87549999997
2956.0,20022.184999999998
2959.0,64973.07
2961.0,-1177.0777899999957
2963.0,1961.9395000000004
2964.0,840704.88
2965.0,35055.626
2966.0,-98.49600000000001
2968.0,-134.06799999999976
2969.0,22600.46000000002
2970.0,16528.6112
2971.0,42834.075
2975.0,913.7300000000032
2976.0,-95173.95000000001
2978.0,70432.69999999998
2979.0,-69216.71400000004
2980.0,392457.889
2981.0,116147.68
2982.0,4284.592000000001
2984.0,5615.197499999998
2986.0,27995.773800000003
2989.0,-6091.481700000004
2990.0,124610.39860000001
2994.0,54975.520000000004
2995.0,211.51
2996.0,69531.555
2997.0,150061.71500000003
2998.0,103.42669999999998
2999.0,-565.7286000000022
3000.0,3546.3600000000006
3001.0,38243.44350000002
3002.0,-15.144399999999997
3003.0,26162.222800000003
3004.0,32127.550000000003
3007.0,57927.75
3008.0,-21182.989999999998
3009.0,-24464.47
3010.0,12462.292099999999
3011.0,1048941.49
3013.0,146.32469999999998
3015.0,-13700.25
3018.0,2402.6743999999962
3020.0,25029.499000000003
3021.0,51629.72750000004
3022.0,930635.0700000001
3028.0,7509.418
3029.0,14813.64
3030.0,13479.750900000043
3033.0,1133.4429999999993
3034.0,1533.3520589999998
3039.0,3103.2794
3041.0,-20734.679999999993
3042.0,10921.257599999999
3044.0,32930.94
3046.0,554069.9508
3048.0,12701.339999999997
3049.0,550904.256
3050.0,12070.624000000003
3051.0,11714.741500000004
3052.0,258235.9367
3054.0,-25635.192500000005
3056.0,435867.93695999996
3059.0,23173.865000000005
3062.0,-19.052
3064.0,186764.52
3073.0,3977.2499
3075.0,4.085099999999997
3080.0,22330.785000000003
3081.0,19546.067799999997
3082.0,2550.0209999999997
3083.0,21795.04
3084.0,-239505.48
3086.0,217949.17669999998
3091.0,52570.2336
3092.0,151260.2
3094.0,-18.896
3095.0,48223.8303
3096.0,340.9426
3097.0,252353.2475
3099.0,1357.6798999999999
3100.0,7600517.28
3104.0,97.70549999999997
3106.0,355506.24
3107.0,11108.010000000002
3109.0,-1996.934500000003
3110.0,-9.8472
3113.0,251924.94
3114.0,8908.518799999998
3117.0,80338.345
3123.0,72277.4
3125.0,12740.752499999995
3126.0,108664.3461
3129.0,8013.625
3132.0,137304.78999999998
3133.0,23939.4597
3134.0,24878.3583
3139.0,2209.5550000000003
3140.0,1356.1124
3142.0,885.0360000000073
3144.0,21773.38
3145.0,8482.316499999997
3150.0,-2766.645900000003
3152.0,1725.5598
3155.0,249795.233
3156.0,-3.5035000000000025
3157.0,49949.0026
3159.0,-1438.1765000000014
3160.0,16403.714999999997
3161.0,2558.4641
3162.0,39317.147058999995
3166.0,31516.2463
3167.0,-44543.0
3168.0,2929.0190999999977
3169.0,13025.193
3173.0,-53239.12819999998
3175.0,298568.0525
3177.0,179512.12350000002
3179.0,70041.156
3185.0,47754.909599999984
3188.0,11568.330000000002
3192.0,250799.23200000002
3193.0,9068.892200000002
3194.0,58551.282600000006
3195.0,245543.48
3199.0,34534.8645
3201.0,167.08599999999998
3202.0,51786.96900000001
3203.0,37160.7344
3204.0,47297.1286
3206.0,43392.02
3207.0,293.34825
3208.0,58570.29880000002
3209.0,100251.15000000002
3213.0,61370.832299999995
3215.0,6841.032099999999
3217.0,-18444.219999999972
3218.0,15102.866699999999
3219.0,87.51785000000001
3221.0,221095.71990000003
3223.0,-5740.595000000001
3224.0,15814.1964
3226.0,260665.0785
3227.0,311608.94
3228.0,38976.9669
3230.0,37151.979999999996
3233.0,1043019.9609
3234.0,15401.645499999999
3235.0,31969.5744
3237.0,32343.953400000006
3238.0,191519.2352
3239.0,23848.4902
3241.0,458663.69159999996
3242.0,32.069500000000005
3245.0,33025.71649999998
3246.0,35996.48550000001
3248.0,-13913.695999999996
3250.0,23714.466
3253.0,-39.565999999999995
3254.0,-12515.505000000005
3255.0,2966.489999999998
3256.0,-39.70000000000002
3257.0,41476.26
3258.0,77385.3651
3259.0,52290.9898
3260.0,279.6597
3261.0,21143.321999999986
3262.0,151214.0325
3263.0,-6532.340000000026
3268.0,104.2444
3269.0,88362.168
3273.0,361223.4964
3276.0,21206.960000000003
3277.0,13175.910000000003
3280.0,34126.8225
3286.0,-10.163999999999998
3291.0,34024.119999999995
3293.0,372676.42
3295.0,154532.5092
3302.0,6805.466500000002
3304.0,-6.79903497772699
3305.0,80.793
3306.0,175340.5273
3307.0,135764.2181
3308.0,97659.99999999997
3310.0,104006.885
3311.0,-139472.89599999998
3312.0,9032.9226
3314.0,303553.5288
3315.0,6596.034800000001
3316.0,7617.748000000003
3317.0,293892.55
3318.0,94.118
3320.0,13353.062
3321.0,135.63
3323.0,66079.91999999998
3324.0,260713.95
3325.0,-25.8382
3326.0,131439.124
3327.0,118522.43300000002
3329.0,154958.23950000003
3330.0,418216.0326
3331.0,177605.99989999997
3332.0,397210.44
3333.0,177785.9184
3334.0,-28736.0778
3336.0,1163.955
3337.0,249778.32
3338.0,56075.575
3339.0,31182.866799999996
3340.0,332.93
3342.0,51397.265999999996
3343.0,34778.00780000001
3344.0,33659.73749999999
3345.0,-118488.41749999998
3346.0,-17553.059999999998
3347.0,162380.395
3350.0,10733.940000000002
3353.0,21442.929399999994
3355.0,25046.0029
3356.0,-52211.412899999996
3357.0,57627.83500000001
3360.0,7060.729999999996
3361.0,152696.7
3362.0,47188.29999999999
3364.0,21188.793100000003
3365.0,-28358.880000000005
3366.0,21069.287999999997
3368.0,408997.4826
3369.0,324979.5638
3370.0,41522.972200000004
3371.0,-25.304999999999996
3373.0,144.34050000000002
3376.0,1497.50625
3378.0,-11284.954999999958
3379.0,64165.54980000001
3380.0,39974.004999999976
3382.0,2128.4179999999997
3383.0,50051.93200000003
3384.0,412849.67
3386.0,36760.512
3387.0,164542.1948
3389.0,118521.6072
3392.0,28329.040000000008
3395.0,19959.64
3397.0,222.79376
3399.0,84577.96470000001
3406.0,34172.806500000006
3407.0,-588.1199999999999
3408.0,350.19050000000425
3409.0,8998.079999999994
3413.0,28244.02
3416.0,77545.82999999999
3417.0,5.820000000000007
3418.0,907.2421999999997
3419.0,459929.76
3420.0,222686.97999999998
3421.0,89681.6358
3422.0,46662.741799999996
3425.0,6624.986999999999
3428.0,34044.734399999994
3429.0,-12524.240000000005
3433.0,34615.2135
3438.0,84953.19999999995
3439.0,3051.8965
3440.0,167.05790000000002
3441.0,-157568.80000000002
3444.0,80460.54430000001
3445.0,34879.6172
3448.0,166.56629999999998
3449.0,45.46279999999999
3450.0,5520.358
3453.0,211193.20500000002
3454.0,364122.0
3455.0,12417.956699999999
3458.0,24168.55986
3459.0,47797.111399999994
3460.0,182231.20099999997
3463.0,-2723.9974999999977
3464.0,587619.5724000001
3467.0,10756.216500000002
3468.0,133568.19999999995
3469.0,136685.95
3470.0,-18448.289900000003
3471.0,-13.663000000000011
3473.0,40982.7375
3474.0,36574.259000000005
3478.0,-37.1765
3482.0,18094.031600000002
3484.0,-2642.5424999999814
3490.0,57100.77000000002
3491.0,416823.4
3492.0,6308.315000000002
3496.0,10771.9692
3497.0,70547.37
3498.0,15827.610179999996
3499.0,89.15899999999999
3500.0,-208.04250000000002
3501.0,8511.8926
3502.0,28168.54
3504.0,1544.7650000000003
3507.0,149449.1142
3508.0,24390.710399999996
3509.0,7755.666999999958
3511.0,234.11449999999996
3512.0,11892.509999999995
3513.0,65257.884999999995
3514.0,28635.160000000003
3515.0,17495.0368
3517.0,68681.03999999998
3519.0,20801.89
3520.0,31528.899999999994
3521.0,18003.636
3523.0,1315.925
3526.0,23500.810000000005
3527.0,-31259.8589
3529.0,55926.69380000001
3530.0,3751.965
3532.0,-3902.034599999999
3533.0,75339.88
3534.0,-6461.670000018901
3536.0,239908.87
3539.0,3484.3741999999984
3542.0,82812.97
3543.0,834.6522
3544.0,129236.9445
3545.0,156.245
3546.0,239087.87429999997
3548.0,79300.4199
3549.0,2279.4750000000004
3558.0,235062.7037
3559.0,497900.45
3561.0,71926.64
3563.0,476.11287999999996
3565.0,208227.36
3569.0,21262.464
3571.0,55792.74
3572.0,12141.693
3576.0,-48564.29999999999
3577.0,11619.14
3578.0,487515.312
3579.0,-4518.799999999988
3580.0,40654.408999999985
3581.0,12268.604700000004
3583.0,27724.896000000008
3586.0,1867.233500000002
3587.0,32697.45500000001
3588.0,793.268
3589.0,-9848.440000000002
3592.0,922.575
3596.0,1889.0400000000081
3599.0,23788.191899999998
3601.0,-32.031
3604.0,346774.7789
3606.0,-92905.24099999998
3608.0,16.995299999999986
3609.0,116517.30000000005
3612.0,26326.512700000003
3613.0,9567.515
3614.0,3535.5211
3615.0,13587.289100000002
3616.0,-258462.60600000003
3617.0,0.5260000000000034
3618.0,26445.6933
3619.0,79.8029
3621.0,127748.5404
3622.0,156661.28399999999
3623.0,33954.033599999995
3626.0,34025.175499999954
3628.0,-49687.491500000004
3631.0,95.32000000000001
3632.0,66336.0
3633.0,60748.664
3634.0,-23744.742599999998
3638.0,646457.5900000001
3639.0,311723.3565
3641.0,1706.242
3645.0,85557.69959999999
3649.0,141.8591
3650.0,6885.628699999994
3651.0,112134.12
3653.0,166689.38999999998
3655.0,2896.578
3658.0,540.7920999999999
3661.0,-179698.98600000003
3662.0,22342.25
3663.0,196.96620000000001
3664.0,32.41399999999999
3665.0,179.3297
3667.0,71157.4336
3668.0,120.41199999999999
3669.0,2667.484
3670.0,7805.029400000007
3671.0,45239.78
3672.0,89744.0
3675.0,307389.718
3676.0,355467.825
3677.0,79641.305
3680.0,38022.7125
3681.0,1658.855
3682.0,94442.15000000001
3683.0,27412.235
3686.0,114741.204
3693.0,27992.1771
3695.0,16023.236200000001
3696.0,15344.1126
3697.0,23410.43280000001
3699.0,26620.752899999992
3700.0,1787.875
3702.0,-60294.9745811569
3704.0,3197.8869
3705.0,347530.33
3707.0,58939.95
3708.0,-24364.119999999995
3709.0,15749.779999999999
3711.0,484495.5
3712.0,157.3425
3715.0,39000.774099999995
3718.0,45.361900000000006
3722.0,1741.75
3728.0,12566.1724
3730.0,39309.409999999974
3731.0,243753.0
3732.0,50445.609169999996
3736.0,112196.15000000002
3737.0,-167576.89860000001
3740.0,4466.7069000001065
3742.0,-879.2900000000009
3744.0,-36689.348
3750.0,298693.18999999994
3751.0,51930.157100000004
3752.0,248357.8659
3753.0,58529.2778
3754.0,302479.755
3755.0,-11772.729999999996
3756.0,29.022999999999996
3757.0,35113.899999999994
3759.0,15051.542099999991
3760.0,-39.713200000000015
3762.0,15845.718000000008
3763.0,78013.87
3766.0,103083.4051
3767.0,297889.5842
3768.0,375401.4932
3769.0,8326.167500000003
3770.0,108484.27590000001
3771.0,-261.2132000000056
3774.0,1560.8992
3780.0,35079.0177
3782.0,51333.100000000006
3783.0,1035452.0160000001
3784.0,652148.86
3787.0,1366.62
3788.0,48.1096
3790.0,21255.535399999993
3793.0,12003.992
3794.0,113169.4713
3795.0,-177435.96090000006
3796.0,430026.12
3797.0,4793.599999999999
3799.0,151856.889
3800.0,20907.36
3802.0,226882.538268616
3804.0,199571.6
3806.0,2400.2025000000003
3807.0,17102.04999999999
3808.0,57034.7895
3812.0,-61448.817500000005
3817.0,22747.654900000023
3819.0,7170.807999999997
3822.0,339365.4
3823.0,908.9499
3824.0,214856.3
3825.0,-182426.4
3826.0,14377.206000000002
3829.0,-8.989999999999995
3831.0,1980888.9
3832.0,89815.2548
3833.0,29975.853800000004
3834.0,320417.7591
3836.0,-11719.048500000004
3839.0,37593.700000000004
3841.0,205507.77
3842.0,-19608.1091
3844.0,52647.3292
3845.0,138160.8136
3846.0,152228.225
3851.0,69657.51
3853.0,17707.002800000002
3854.0,117984.04979999998
3855.0,68370.75
3856.0,-45811.67599999998
3857.0,558335.2061
3859.0,24555.719500000007
3860.0,242143.98
3866.0,637874.7891
3868.0,6111.5999999999985
3871.0,138431.9076
3873.0,286655.1653
3874.0,-6015.640999999974
3878.0,45964.72200000001
3879.0,888.2048750000001
3886.0,54.12903999999999
3897.0,211541.1071
3899.0,30896.7452
3901.0,254137.15989999997
3904.0,45527.369999999995
3905.0,142.4261
3906.0,211498.696
3907.0,-21245.50199999998
3910.0,14655.684499999996
3914.0,118254.46919999999
3915.0,3982.6886000000013
3917.0,44263.30010000001
3920.0,168773.63474299997
3921.0,6703.0274999999965
3922.0,16064.584999999992
3923.0,205.12199999999999
3924.0,5868.193
3927.0,5383.652739999998
3929.0,361996.705
3931.0,265208.894
3932.0,383149.0
3936.0,48716.93999999999
3937.0,146815.64
3938.0,10408.026389999985
3941.0,57062.015999999996
3944.0,60539.94999999998
3946.0,7628.4425
3949.0,15189.660000000003
3951.0,11657.713199999998
3952.0,186054.5237
3956.0,3279.7899999999936
3958.0,17323.095
3959.0,352.88599999999997
3964.0,11632.145000000004
3965.0,16600.245000000003
3966.0,-31734.46119999999
3968.0,253144.1662
3969.0,104098.81040000002
3970.0,26108.03450000001
3976.0,-38070.32150000002
3978.0,108139.38
3980.0,22080.089999999997
3982.0,-19501.710000000006
3985.0,21333.61050000001
3986.0,117258.03847999999
3988.0,167340.1
3989.0,3594.9400000000023
3994.0,30399.807900000014
3995.0,187858.9
3997.0,28597.454999999998
4002.0,1172.0650000000003
4003.0,26640.155000000006
4006.0,13079.2916
4007.0,127385.65000000002
4009.0,-3.640200000000007
4011.0,10974.4605
4013.0,85239.43000000001
4014.0,211935.6824
4018.0,328798.83999999997
4019.0,43968.3976
4020.0,146.2305
4021.0,720.0444
4022.0,132528.09999999998
4023.0,46033.551999999996
4024.0,-40.4298
4025.0,36.8528
4026.0,50923.8442
4029.0,33858.95000000001
4031.0,25185.880000000005
4034.0,71501.06699999998
4035.0,347091.42
4036.0,-114083.79500000001
4040.0,295119.61600000004
4041.0,21245.70000000001
4042.0,104143.37900000002
4044.0,-3647.9136
4049.0,577953.36124
4050.0,41531.3062
4051.0,5983.8769
4053.0,1752.4550000000017
4054.0,79909.06800000001
4055.0,15.855000000000004
4059.0,244.14149999999972
4063.0,6454.735000000001
4066.0,55.296800000000005
4068.0,2069.855
4069.0,51612.31815
4072.0,-3554.386400000003
4076.0,15873.988499999978
4077.0,34746.932400000005
4078.0,430573.5
4079.0,59019.493
4082.0,18706.195999999996
4085.0,-107.99491799998214
4089.0,6290.001100000001
4090.0,294002.83499999996
4096.0,11906.208999999995
4101.0,7482.960000000021
4102.0,6260.7155
4103.0,302183.15
4104.0,4706.327000000001
4105.0,2248.0699999999997
4106.0,-47347.40000000002
4108.0,64649.8306
4109.0,205832.1
4110.0,1075.3918
4111.0,32836.202699999994
4112.0,15594.313999999998
4113.0,-9384.0164
4114.0,554925.0249999999
4116.0,-418.4170000000013
4117.0,8076.940499999997
4120.0,2845.6534900222177
4122.0,53.83600000000001
4123.0,186.45619999999997
4124.0,-37827.764999999985
4126.0,42.123
4129.0,-109.53800000000001
4130.0,80377.02000000002
4131.0,19318.702000000005
4132.0,182838.0
4140.0,1668.7839999999997
4141.0,40403.354999999996
4142.0,-18357.873100000026
4144.0,1458.4286
4145.0,119162.53389999998
4146.0,769.707
4148.0,14701.484099999987
4149.0,8700.404999999999
4151.0,-3790.888500000001
4152.0,16418.620000000003
4153.0,60399.84
4156.0,9037731.0
4157.0,314502.94
4161.0,10423.449100000027
4162.0,-65603.13
4164.0,-262277.0
4167.0,30851.244999999995
4170.0,33590.240000000005
4171.0,26396.3914
4174.0,39492.80700000001
4175.0,98540.67819999997
4176.0,130510.19
4178.0,3863.7999999999997
4186.0,200550.6742
4187.0,277429.02
4189.0,-18504.679999999993
4194.0,-37392.119999999995
4195.0,24034.243000000002
4196.0,16273.080000000002
4197.0,9635.973899999983
4198.0,11877.5
4202.0,26993.575499999977
4204.0,28258.975
4206.0,8939.815000000002
4208.0,194201.05000000002
4209.0,36684.2736
4210.0,256822.02049999998
4216.0,18271.3359
4218.0,249705.687
4219.0,-28516.9712
4222.0,596234.2947
4223.0,50004.70000000001
4224.0,10358.942799999997
4225.0,127121.69999999998
4226.0,-141275.28249999997
4227.0,1471.4700000000012
4228.0,5889.9749999999985
4230.0,30720.282700000003
4231.0,4538.918099999995
4233.0,15623.985
4234.0,80702.5013
4235.0,314955.24
4236.0,-12992.492999999988
4237.0,34428.899999999994
4238.0,858.7300000000032
4240.0,-99008.2144
4241.0,192126.295
4242.0,78994.52320000003
4246.0,-57737.78999999999
4248.0,329913.70550000004
4252.0,-31.661599999999453
4253.0,-34390.134999999995
4256.0,466196.6481
4257.0,13095.785
4262.0,1350.963
4263.0,-96694.62750000003
4265.0,6356.544000000002
4271.0,73264.70250000001
4273.0,246997.32
4274.0,31451.241899999994
4275.0,-3132.181700000001
4278.0,23296.3772
4282.0,435291.08290000004
4289.0,38238.259999999995
4290.0,166909.5
4293.0,241471.22340000002
4295.0,-2223.2436000000016
4300.0,14063.339999999997
4303.0,22494.852
4306.0,106991.11360000001
4310.0,18207.689999999973
4311.0,123.74300000000005
4312.0,62554.6759
4313.0,353204.4128
4318.0,-32357.320000000007
4320.0,25979.44619999999
4324.0,-19631.349000000046
4325.0,98401.0551
4326.0,10266.0982
4327.0,174117.285
4329.0,55.86710000000001
4330.0,1.6129999999999995
4331.0,20208.9807
4334.0,10695.707
4335.0,49875.83539999998
4338.0,44687.5
4340.0,703.5808000000001
4343.0,258.6862
4347.0,620418.6
4352.0,24064.104999999996
4355.0,-616.4000000000015
4360.0,136998.365
4361.0,5946.489999999991
4367.0,5391.1624999999985
4368.0,-58969.593900000036
4373.0,150668.5708
4379.0,171344.8125
4383.0,13010.700000000004
4389.0,5223.772500000006
4391.0,37897.544999999984
4395.0,468.11410000000006
4399.0,18707.690000000002
4400.0,81412.9745
4402.0,179.80799999999726
4405.0,78387.12
4407.0,197107.90000000002
4408.0,139803.2
4410.0,300509.85
4414.0,92616.10799999998
4416.0,9442.221500000014
4419.0,465.03840000000014
4420.0,49221.293600000005
4426.0,186949.13
4427.0,-21.688999999999993
4436.0,409193.655
4441.0,279131.6193
4443.0,15344.320000000007
4444.0,31520.5464
4445.0,92.61300000000001
4447.0,26486.745000000003
4452.0,89353.17654
4453.0,20485.679500000027
4454.0,13589.348700000002
4455.0,362429.825
4458.0,24498.459999999992
4460.0,-80446.44929999998
4461.0,-55943.465800000005
4463.0,10857.69260000001
4466.0,17563.228749999995
4468.0,298691.796
4470.0,2636.4400000000023
4474.0,53105.67600000001
4475.0,5212.479000000003
4479.0,35528.2032
4481.0,177.95299999999997
4482.0,455653.30199999997
4484.0,41250.73299999999
4485.0,9971.79
4486.0,74748.76999999999
4488.0,71.45920000000001
4491.0,42545.136
4493.0,4861.284000000001
4494.0,83.57199999999999
4496.0,38012.3831
4497.0,26636.32
4505.0,210.24
4509.0,-12.9178
4511.0,118795.77969999998
4512.0,98707.58720000001
4515.0,227227.80000000002
4519.0,26794.227899999998
4521.0,38551.7262
4524.0,24988.69749999998
4526.0,-319679.4806
4528.0,1772.556
4529.0,26475.490299999947
4532.0,179906.3435
4534.0,43160.370800000004
4538.0,48.12
4539.0,-7177.498899999999
4540.0,44507.124
4541.0,41556.533799999976
4542.0,7566.999200000006
4543.0,28681.4222
4550.0,36419.18649999995
4551.0,138083.55000000005
4553.0,16531.199999999997
4554.0,218.02365
4556.0,181176.0325
4557.0,29125.876500000013
4561.0,42635.435999999994
4562.0,3432.355000000003
4564.0,2774.209999999999
4576.0,26932.7371
4578.0,-13.743500000000004
4584.0,-35816.1147
4590.0,52974.832100000014
4591.0,18151.14300000001
4592.0,21521.804999999997
4593.0,240894.11
4599.0,175737.94999999995
4600.0,11265.407900000006
4601.0,7301.739499999967
4606.0,5788.59
4607.0,227772.5
4608.0,793618.6406
4609.0,20697.334300000002
4610.0,-75318.75
4611.0,76321.17739999999
4613.0,1171132.77
4614.0,-17860.960600000002
4616.0,53605.76800000001
4618.0,202725.8836
4621.0,206.53500000000003
4624.0,76604.75
4626.0,755107.2576000001
4628.0,258.8905
4630.0,-1636.612500000003
4631.0,11158.4251
4632.0,70142.8599
4634.0,1128.5599999999977
4635.0,24810.2794
4636.0,227439.1152
4637.0,491182.888
4639.0,120989.79000000001
4640.0,23756.059999999998
4641.0,58.234
4643.0,15758.305500000017
4650.0,43800.78000000003
4654.0,418603.14599999995
4660.0,782.4649999999999
4661.0,16268.2298
4662.0,771.385
4664.0,-23442.654500000004
4670.0,193307.359
4679.0,-66419.4
4680.0,136478.704
4681.0,382736.14
4684.0,9494.9953
4689.0,-4606.411899999999
4690.0,-22613.774999999994
4691.0,27081.13176
4692.0,35813.875
4695.0,119.98
4699.0,5935.336499999998
4716.0,164866.18120000005
4719.0,46396.14
4722.0,31508.815000000002
4726.0,75981.9
4729.0,103188.95
4734.0,38205.84999999999
4740.0,40997.6875
4744.0,-44153.2439
4750.0,7152.215
4765.0,-15574.517200000002
4767.0,5906.539999999999
4770.0,304317.25
4773.0,93017.69999999998
4776.0,35634.96759999999
4777.0,24700.9765
4780.0,147736.78
4792.0,50579.969300000026
4794.0,266313.7896
4796.0,360159.57999999996
4797.0,-170357.28699999998
4798.0,-14793.222799999989
4799.0,40061.95
4800.0,30364.284200000002
4802.0,-2431.449999999997
4803.0,303715.24
4804.0,-39330.72320000001
4805.0,1411.655
4806.0,56.83500000000001
4807.0,72517.886
4808.0,377756.36199999996
4810.0,5624.073
4811.0,17.160200000000003
4812.0,66886.7059
4813.0,1418.094999999994
4814.0,-6548.8295
4815.0,5423.139999999999
4816.0,172844.90999999997
4817.0,-63.84949999999999
4818.0,71066.2871
4821.0,369638.64400000003
4823.0,-120975.89999999997
4826.0,11559.980000000003
4827.0,56.23150000000001
4829.0,147509.71829999998
4831.0,12537.261000000002
4836.0,35747.795
4838.0,-3.3455999999999975
4841.0,21570.466400000005
4842.0,31661.971600000004
4843.0,50295.669999999984
4845.0,13468.734999999997
4847.0,148764.1252
4852.0,22439.808599999997
4854.0,-11352.5043
4855.0,123589.56629999995
4862.0,31369.485
4866.0,543.680100000005
4867.0,25206.30739999999
4868.0,986.3800000000001
4871.0,48.64850000000004
4878.0,-21232.608
4879.0,71668.87
4880.0,95417.05000000002
4882.0,278.6801
4889.0,36.9036
4890.0,475918.866
4893.0,-362900.5716
4894.0,64930.782000000065
4898.0,42399.75
4901.0,107825.02950000006
4902.0,-452.1173999999992
4905.0,18861.84
4906.0,42990.3925
4909.0,21235.45
4910.0,74.55180000000001
4912.0,37358.144
4914.0,24726.136600000027
4915.0,191493.95
4916.0,4929.6249000000025
4918.0,265.9034999999999
4920.0,2021.5774999999999
4923.0,40326.0603
4924.0,65.78999999999996
4926.0,77058.85000000003
4929.0,17729.192000000003
4930.0,33374.12909999999
4931.0,40362.8
4932.0,-137860.352
4940.0,364836.1095
4941.0,8992.952400000002
4942.0,5488.9497
4943.0,17934.122499999998
4945.0,185976.4
4948.0,343993.1213
4950.0,-6438.997199999998
4951.0,35876.027500000004
4953.0,140237.90000000002
4955.0,14591.071999999998
4956.0,543469.28
4957.0,40927.037
4960.0,53050.8018
4961.0,-23574.929999999993
4963.0,16190.137499999997
4965.0,-6834.14850000001
4968.0,2049.0377999999982
4969.0,45328.053
4971.0,53.7568
4974.0,31242.20000000001
4976.0,-9.77200000000002
4977.0,95.65759999999999
4978.0,118742.5063
4979.0,-116.30389999999898
4982.0,15135.566999999995
4985.0,166.91049999999996
4986.0,46516.22809999999
4988.0,-8489.707999999999
4989.0,926.9871
4990.0,-30.50488
4991.0,544975.688
4992.0,1590404.169
4994.0,17386.29
4995.0,243585.7568
4996.0,19449.719999999994
4997.0,130508.54249999998
4998.0,5663.7679
5002.0,376323.45999999996
5004.0,39702.023
5005.0,7492.8603
5010.0,490744.4705
5011.0,-8762.630000000005
5013.0,18929.680999999997
5014.0,2438.9299999999994
5017.0,209320.5352
5018.0,49201.98300000001
5020.0,271.9348000000027
5023.0,380987.69440000004
5028.0,51122.09999999999
5037.0,15137.079999999958
5039.0,-13016.779999999999
5040.0,-2303.6705999999976
5041.0,-6180.609600000003
5043.0,38028.00450000001
5044.0,84271.22
5046.0,72232.3985
5050.0,28360.400000000023
5051.0,47855.94930000001
5054.0,388833.12
5055.0,17250.529699999955
5058.0,11499.508
5062.0,236627.83000000002
5063.0,-31780.302400000015
5065.0,133303.0531
5067.0,31231.40359999999
5069.0,-51677.97039999999
5070.0,355019.89900000003
5071.0,8737.943999999989
5073.0,263187.54
5074.0,341901.27
5075.0,15677.279999999999
5077.0,3578.772799999999
5078.0,5309.3025
5080.0,12845.50900000002
5083.0,24361.879999999997
5086.0,345533.5785
5087.0,136515.23290000003
5089.0,62598.674880000006
5090.0,37535.70200000002
5091.0,45063.21000000002
5092.0,628204.965
5093.0,712815.0785000001
5094.0,339981.721
5096.0,10905.844999999994
5098.0,20312.717000000004
5101.0,405335.6
5103.0,-92376.91300000003
5104.0,300683.0856
5105.0,87183.7531
5107.0,32.7905
5108.0,77502.35250000004
5116.0,102048.71999999997
5117.0,58342.9778
5120.0,52156.37550000001
5123.0,42262.02000000002
5126.0,17346.502999999997
5128.0,38859.94
5131.0,-505.8300000000163
5133.0,426600.8355
5137.0,43243.99428
5140.0,40938.92999999999
5142.0,239262.31820000004
5144.0,314149.72620000003
5146.0,24011.58249999999
5148.0,137022.4002
5149.0,43.91
5150.0,-2751.197700000019
5151.0,-198732.30000000002
5153.0,458.0212
5155.0,26160.5131
5156.0,46506.536100000005
5157.0,312576.26399999997
5158.0,419889.99
5159.0,16539.97377185828
5169.0,168957.41000000003
5175.0,489042.905
5176.0,154441.07
5177.0,16277.160100000001
5179.0,910.3503000000001
5181.0,-13.225499999999997
5182.0,284542.24
5183.0,-181056.4535
5188.0,-7.377999999999929
5189.0,6050.676999999996
5193.0,372079.6434
5194.0,83164.29999999999
5195.0,1.1330000000000382
5196.0,36226.899999999994
5197.0,92339.29169999997
5198.0,118023.89600000001
5201.0,29460.790000000037
5202.0,327340.7725
5208.0,163333.06899999996
5209.0,214913.96540000002
5210.0,-181559.5636
5212.0,-22763.097100000014
5213.0,57135.64
5215.0,10180.765
5217.0,5465447.8
5220.0,1939.5650000000005
5222.0,4816.4582
5224.0,-145877.6459
5226.0,3501.5040000000004
5227.0,12851.905200000008
5228.0,-12143.553700000019
5229.0,61456.450000000004
5230.0,83.14500000000001
5231.0,208281.1156
5233.0,439039.0117
5237.0,-30047.2319
5238.0,42370.2074
5239.0,84379.24533
5241.0,175408.09999999998
5243.0,-49964.69549999997
5246.0,1097.6300000000047
5247.0,10613.414099999998
5252.0,5906.2976
5260.0,-33771.15000378399
5262.0,2665.827700000009
5266.0,247193.6
5268.0,256652.697
5269.0,60119.494999999995
5271.0,8564.778999999995
5272.0,199832.07059999998
5273.0,38188.943
5276.0,199.63000000000002
5280.0,8204.260000000002
5287.0,8257.3737
5288.0,34253.13
5293.0,20687.420000000006
5295.0,61781.8499
5296.0,235837.8
5297.0,39.2067
5301.0,34397.433899999996
5305.0,244215.36
5306.0,311.8002
5307.0,206.525
5308.0,16532.745
5309.0,10390.435000000005
5313.0,83663.88900000001
5315.0,7830.787000000011
5320.0,37.22
5321.0,1868.2287
5322.0,33257.493
5323.0,21326.52799999999
5324.0,20.111500000000035
5325.0,9405.514
5332.0,33.68679999999999
5333.0,132446.5496
5334.0,8619.530000000002
5337.0,35167.37540000002
5338.0,65630.4751
5343.0,91715.8779
5346.0,-28593.681500000006
5347.0,239424.385
5348.0,-2538.777900000001
5350.0,283149.01
5352.0,28902.926
5357.0,72767.039
5358.0,38184.16320000001
5364.0,30449.511899999998
5366.0,28809.335
5367.0,1396.7101000000002
5371.0,212903.98630000002
5372.0,61412.83230440001
5374.0,33508.678
5375.0,527485.7100000001
5380.0,153922.587
5383.0,446562.51
5384.0,28313.024999999994
5385.0,354475.84
5387.0,87681.095
5389.0,57517.74780000001
5390.0,11068.3771
5391.0,-31.2419
5392.0,283810.7288
5393.0,340376.8915
5395.0,2098.2750000000015
5397.0,97113.65199999999
5398.0,350.3038
5399.0,8182.3315
5400.0,12233.147100000002
5402.0,544797.364
5404.0,254134.56999999995
5406.0,143.74599999999998
5411.0,479833.40855999995
5416.0,14326.508299999994
5420.0,49793.9165
5421.0,90.17750000000001
5422.0,315480.3300000001
5427.0,-76646.89000000001
5428.0,106333.06000000001
5429.0,6753.93
5430.0,127191.04000000001
5431.0,267826.83999999997
5433.0,2330.622
5434.0,226638.29499999998
5437.0,5070.85
5438.0,328913.70749999996
5439.0,371390.805
5443.0,-222582.94
5444.0,255854.93600000002
5445.0,1.8536000000000001
5447.0,47799.093
5449.0,58.95360000000001
5455.0,-169757.89
5456.0,-3414.2819999999992
5458.0,-915.9925000000003
5462.0,7826.979999999996
5463.0,43760.54579999999
5465.0,215259.037
5467.0,253215.511
5468.0,3134.362399999998
5471.0,127.41499999999999
5475.0,355322.3428
5480.0,85721.8451
5482.0,31036.192500000005
5484.0,310954.903
5485.0,298590.7373
5486.0,19779.050000000047
5487.0,7.52800000000002
5488.0,6360.330000000001
5492.0,31097.312399999995
5494.0,12179.947999999997
5498.0,287519.09536
5500.0,50920.3366
5511.0,6013.99
5512.0,29620.67989999999
5514.0,11600.3961
5517.0,17933.06700000001
5518.0,67685.85480000003
5522.0,562.7269999999999
5523.0,261836.5
5526.0,274367.69999999995
5530.0,-719.3466999999946
5532.0,181244.90999999997
5534.0,58.77199999999999
5535.0,36838.38339999999
5536.0,14465.699999999997
5537.0,2452.3499999999985
5538.0,1452.5500000000002
5542.0,-0.8910999999999945
5543.0,-109578.84000000003
5544.0,134110.045
5545.0,65.99200000000002
5546.0,120189.541
5547.0,118730.96999999997
5549.0,9986.332499999997
5550.0,14436.600000000006
5553.0,371769.225
5557.0,72.6833
5558.0,29939.713500000013
5559.0,6195.177300000003
5560.0,1117.0120000000002
5561.0,148.035
5564.0,-1066.2919000000002
5565.0,428455.66250000003
5566.0,164648.0931
5567.0,6649.010000000002
5575.0,36547.7672
5579.0,127046.00919999997
5583.0,1141.52
5586.0,75392.37659999999
5588.0,63440.05969999998
5589.0,114.61769999999999
5592.0,54776.5184
5601.0,296408.2
5602.0,8917.479999999996
5603.0,5896.813399999999
5604.0,47994.035
5605.0,225660.96
5606.0,-204733.59359999996
5611.0,314109.12029999995
5612.0,1787.0374999999913
5614.0,266482.713
5619.0,-16394.506000000023
5620.0,39067.42499999999
5621.0,584492.9685000001
5624.0,30.824699999999996
5625.0,118447.98000000004
5626.0,79015.65060000002
5628.0,304641.39190000005
5629.0,35411.3772
5631.0,3229.010000000002
5632.0,2424.34521
5633.0,-17.504999999999995
5634.0,132840.7475
5635.0,49255.41159999999
5637.0,20.424999999999997
5638.0,2904.937399999999
5639.0,112775.882
5640.0,87594.37
5642.0,-55619.880000000005
5644.0,48394.6316
5647.0,103951.69
5648.0,1514.8799999999992
5653.0,20729.627600000007
5655.0,4985.994399999996
5656.0,312687.95
5657.0,21041.125
5659.0,119610.76239999998
5660.0,8024.365000000005
5664.0,4651.690699999999
5667.0,1330.565999999999
5668.0,178.2275
5671.0,17090.9424
5672.0,266.27999999999975
5674.0,-48703.178100000005
5675.0,60812.692500000005
5676.0,216420.69889999996
5679.0,35960.728599999995
5680.0,483340.7326
5681.0,19307.304000000004
5682.0,427.3184244
5683.0,84057.97999999998
5684.0,14517.064999999999
5686.0,-2390.5232999999935
5687.0,21286.314
5690.0,336368.22
5692.0,-314.111750000215
5695.0,6390.9000000000015
5696.0,116328.269
5701.0,3828.8015000000014
5705.0,1561.9987
5706.0,24864.199999999997
5711.0,146087.1606
5713.0,244523.0
5715.0,12.610000000000007
5718.0,93627.00700000001
5719.0,123.78670000000001
5720.0,180.82999999999993
5723.0,-132820.41
5725.0,753414.4561999999
5726.0,1544.479999999996
5727.0,825.746
5728.0,-114979.59999999998
5730.0,48257.91
5731.0,-19254.240000000005
5732.0,802.7799999999988
5733.0,3140.5080000000003
5734.0,409795.81481876905
5737.0,13.541500000000003
5740.0,56695.11429999999
5741.0,43840.24000000002
5748.0,2571.0299999999997
5750.0,23372.600000000006
5751.0,27103.192800000004
5752.0,12077.536200000002
5754.0,153666.35
5755.0,56096.706000000006
5756.0,66754.53
5757.0,39116.5039
5762.0,28587.37999999999
5766.0,42279.9657
5767.0,-174391.01000000007
5771.0,8480.719999999972
5773.0,-26325.892200000002
5777.0,20777.444000000018
5778.0,311886.5808
5779.0,5400.130199999956
5782.0,160249.75569999998
5785.0,644803.21
5790.0,-53588.8707
5792.0,17912.6732
5793.0,56850.3032
5799.0,-21605.795999999995
5803.0,1503.9591999999993
5807.0,407107.3272
5809.0,74308.87999999998
5811.0,306940.6384
5814.0,6694.9920000000275
5815.0,8598.354
5817.0,450472.5995
5820.0,-33486.496
5822.0,23796851.04
5823.0,15978.830000000002
5825.0,-42541.5
5827.0,618661.3500000001
5828.0,86023.724
5829.0,4631.960699999996
5830.0,365725.57
5831.0,137.88000000000466
5835.0,35041.630000000005
5837.0,171014.3707
5840.0,709.2210000000196
5841.0,389871.76000000007
5842.0,48945.39
5846.0,324958.57999999996
5847.0,49563.5267
5848.0,71086.148
5850.0,20436.4732
5855.0,-0.7295999999999978
5859.0,-12874.75
5860.0,-12330.520799999998
5862.0,274587.69
5864.0,16539.074999999997
5865.0,-310.9080000000031
5866.0,36617.34
5867.0,1331.010000000002
5868.0,58492.63639999999
5870.0,25429.6577
5872.0,93073.95
5873.0,5143.325000000004
5874.0,617185.22
5875.0,-6640.040500000003
5876.0,21140.3704
5878.0,222971.84
5879.0,-35584.067500000005
5880.0,347050.6412
5881.0,2607.4159999999974
5883.0,42748.23979999998
5885.0,310296.369
5886.0,38231.95999999999
5891.0,21820.357400000008
5893.0,203330.39999999997
5894.0,286088.6136
5895.0,1436.904
5896.0,119591.244
5898.0,135481.76
5901.0,29119.129599999997
5902.0,20864.149999999907
5903.0,-637.6226000000024
5910.0,42109.13250000001
5911.0,185.13420000000002
5912.0,7434.480000000003
5913.0,29251.8603
5915.0,74122.76620000001
5916.0,175.04100000000003
5917.0,46.496699999999976
5919.0,18851.7825
5924.0,474682.1025
5926.0,57621.057499999995
5930.0,148363.59
5931.0,21.704500000000003
5933.0,0.7948999999999984
5935.0,14644.737000000001
5936.0,21434.80349999998
5938.0,77.25389999999999
5939.0,487.269
5940.0,-4939.462399999989
5942.0,353561.75080000004
5943.0,286342.0
5947.0,515.7520000000001
5949.0,445.64400000000006
5950.0,43.02449999999999
5953.0,16.280400000000004
5954.0,30990.577099999995
5955.0,13103.020000000004
5956.0,21416.895000000004
5959.0,35492.3725
5961.0,15132.775000000001
5962.0,138274.68939999997
5964.0,75937.82699999999
5965.0,9442.872000000003
5966.0,201386.72249999997
5967.0,340093.8115
5969.0,23489.690000000002
5971.0,19.121000000000002
5973.0,48142.380000000005
5974.0,199149.07499999998
5975.0,93019.53899999999
5979.0,3709.641899999988
5981.0,216901.81
5982.0,80515.02070000005
5983.0,205.12810000000002
5984.0,-1251.6261999999988
5985.0,48364.19131
5986.0,264963.4434
5988.0,256278.6855
5992.0,-50.186
5993.0,-10552.847499999996
5994.0,13684.040000000008
5996.0,368500.35
5997.0,403959.89999999997
5998.0,12406.767000000022
6000.0,-86435.68999999997
6002.0,1454.3286999999982
6003.0,113164.03559999997
6007.0,329656.4445
6008.0,21148.1
6010.0,71005.83050000001
6011.0,60.27584999999999
6012.0,38226.090599999996
6016.0,46550.111999999994
6020.0,416034.21640000003
6022.0,-25509.505999999994
6024.0,510880.86
6025.0,55332.6121
6026.0,638.3232
6030.0,64092.875
6031.0,31952.648000000016
6032.0,46012.999200000006
6033.0,71019.5539
6034.0,54526.0764
6035.0,3125.5725000000093
6036.0,105065.24999999999
6037.0,-53306.493043974
6041.0,184490.15999999997
6047.0,7199.989999999991
6050.0,28066.801999999996
6052.0,18977.106999999996
6055.0,74038.21470000001
6056.0,-24296.060000000005
6058.0,53736.45000000001
6059.0,41345.36
6061.0,52643.185
6065.0,18678.744999999995
6066.0,5546.380000000001
6068.0,-22947.6386
6069.0,189152.3705
6070.0,412.86
6072.0,-473.5897000000041
6073.0,21263.055000000008
6075.0,173105.05000000002
6076.0,-4676.405000000028
6077.0,1736.622
6079.0,2007.75
6080.0,114849.51699999999
6081.0,23177.5125
6085.0,14905.190000000002
6088.0,5380.4444
6090.0,3666.4334999999996
6091.0,4633.0254
6092.0,11702.845499999996
6094.0,349646.28
6095.0,123414.287
6099.0,33610.605500000005
6105.0,170697.80000000002
6106.0,134305.7366
6110.0,-88187.70000000001
6112.0,4400.106599999999
6113.0,9972.301999999996
6114.0,174402.098
6115.0,14621.7399
6122.0,161.48440000000002
6124.0,-17618.233500000002
6125.0,343046.705
6126.0,263351.89400000003
6128.0,88054.64419999998
6130.0,67935.17
6131.0,138091.56680000003
6133.0,185902.61599999998
6134.0,1788.4691000000003
6135.0,35938.67
6136.0,-29139.636
6138.0,-29258.331000000006
6139.0,232556.5376
6140.0,44830.420000000006
6142.0,18718.413999999997
6147.0,7168.3435
6150.0,9241.7175
6152.0,2825.108
6154.0,537.738
6156.0,18928.335
6158.0,34791.21
6161.0,-952.8000000000175
6162.0,46.65449999999999
6167.0,-39169.311000000045
6168.0,156807.54
6169.0,-34555.296899999994
6170.0,43428.144
6171.0,-9812.6089
6177.0,32800.975000000006
6183.0,1451.6100000000006
6187.0,300783.89
6191.0,1517.0480000000025
6192.0,29627.142999999996
6193.0,65462.91850000001
6195.0,2864.225
6196.0,-61059.96559999997
6205.0,26549.448999999997
6206.0,64610.592799999984
6207.0,13346.96
6208.0,30.824699999999996
6209.0,-1.0685000000000002
6210.0,3081.9934000000067
6211.0,13843.125500000002
6212.0,109267.75
6213.0,89354.285
6215.0,-2407.3499999999985
6216.0,55.0115
6217.0,-41323.62
6219.0,-124305.39030000003
6220.0,48.51899999999999
6221.0,123575.1741
6225.0,243.42290000000003
6226.0,26128.219599999997
6227.0,26988.208999999973
6228.0,174617.6155
6230.0,6585.1147000000055
6233.0,60378.754
6234.0,-4.656500000000001
6235.0,48456.3477
6236.0,141018.6088
6238.0,-2670.5719999999856
6241.0,2428.6040000000003
6248.0,6518.1914
6251.0,24837.867000000002
6254.0,724.2016
6257.0,15996.301899999999
6258.0,144948.72000000003
6259.0,5037.831000000006
6260.0,2.9767999999999972
6265.0,3389.963800000027
6266.0,18598.790999999997
6268.0,38859.881199999996
6272.0,147274.14
6273.0,2987.934900000022
6275.0,1229012.58
6278.0,-3131.1100000000006
6281.0,1692.6900000000023
6282.0,98009.37
6283.0,-190820.2
6287.0,-4471.857300000003
6288.0,-56136.326
6291.0,6366.9888999999985
6292.0,577.0567999999985
6293.0,-31554.3156
6294.0,17164.509999999995
6295.0,213898.69890000002
6297.0,822114.0151999999
6302.0,38360.172000000006
6303.0,362.76
6305.0,13535.76999999996
6307.0,-6143.950000000012
6308.0,207528.113
6312.0,66382.67120000001
6313.0,1263.9397000000026
6314.0,254530.96260000003
6315.0,32.393
6322.0,-34819.05469999998
6325.0,14264.960000000006
6326.0,65290.958000000006
6331.0,1564.4120000000003
6332.0,215388.51090000002
6333.0,50750.64
6334.0,479967.49899999995
6341.0,300308.9745211
6344.0,221728.263
6349.0,-28433.429999999993
6350.0,41271.667
6353.0,80696.04999999999
6354.0,2035.3617999999988
6355.0,34110.34
6358.0,70338.085
6359.0,-7077.3197999999975
6360.0,-20796.765
6361.0,4013.415000000001
6362.0,-17466.971
6363.0,-240481.4304
6364.0,106066.235
6366.0,29803.48
6372.0,120624.47390000001
6374.0,-4165.281200000005
6379.0,17077.8768
6380.0,97624.525
6381.0,5390.1600000000035
6384.0,217847.6725
6385.0,2.844300000000004
6387.0,1166.2150000000001
6388.0,100093.00349999999
6393.0,10435.582499999997
6397.0,24217.349899999994
6398.0,-8465.872599999995
6401.0,-26817.180800000002
6402.0,-111610.20000000001
6405.0,-20986.75
6406.0,174630.89
6408.0,52.284000000000006
6410.0,21419.064999999988
6411.0,-37.772399999999834
6412.0,326448.7761
6414.0,9232.370000000003
6415.0,-21.941000000000003
6417.0,393522.92
6419.0,101643.64
6420.0,-20.701999999999998
6421.0,-3178.7263999999996
6423.0,1118.224
6424.0,-13951.009500000015
6425.0,90786.4804
6431.0,32643.583799999993
6433.0,46665.386
6439.0,117.0192
6443.0,1562.0199999999895
6444.0,-15485.400000000023
6445.0,40.21350000000001
6446.0,117409.41999999998
6448.0,32864.37130000003
6449.0,74860.0293
6451.0,286.67699999999996
6453.0,664.0079999999999
6457.0,41514.0
6459.0,458842.68
6460.0,-186753.626
6461.0,39544.88
6462.0,53.69690000000003
6464.0,-122243.59999999998
6468.0,17242.988
6469.0,44570.16
6470.0,399.3125
6473.0,817925.25
6480.0,113.22500000000001
6483.0,60.833600000000004
6485.0,115.92250000000013
6487.0,1020399.5
6492.0,51.08120000000001
6493.0,95783.48499999999
6494.0,143.1204
6496.0,60285.139999999985
6498.0,80206.31
6500.0,1128.4181
6501.0,193634.89599999998
6502.0,-24175.31599999999
6503.0,432.0633
6504.0,147.175
6505.0,211383.38
6506.0,19969.9738
6508.0,20370.0
6509.0,25862.242599999998
6514.0,28930.902400000006
6516.0,78978.831
6518.0,209022.9561
6522.0,26333.449999999997
6523.0,30919.495000000003
6524.0,-11449.54270000002
6526.0,372413.4687
6528.0,306.14500000000004
6531.0,36458.96
6532.0,-259.223
6533.0,9070.339999999997
6534.0,321034.23339999997
6535.0,41524.3994
6536.0,17768.5333
6537.0,21207.64
6540.0,54492.081999999995
6542.0,250292.98885
6543.0,897.577
6544.0,366584.36000000004
6545.0,19125.144100000005
6546.0,11585.320000000007
6548.0,129.6081
6549.0,28075.5
6550.0,82443.77649999999
6552.0,1243846.1800000002
6553.0,-3544.2054999999964
6555.0,38108.6344
6557.0,10082.450000000012
6558.0,6866.188300000009
6560.0,-80482.22
6561.0,1517.7344999999987
6562.0,68427.29249999998
6566.0,-99289.66500000004
6568.0,375653.0794
6571.0,228.96320000000003
6572.0,49629.631
6573.0,18720.207000000002
6574.0,9821.225999999995
6576.0,4139.3125
6577.0,59.8067
6580.0,41855.569599999995
6581.0,235071.56400000007
6583.0,345579.09500000003
6584.0,892.0763999999981
6588.0,134841.06699999998
6591.0,15107.803
6592.0,-16.224900000000005
6593.0,43042.350000000035
6594.0,462979.745
6595.0,8333.010000000002
6596.0,473698.82090000005
6597.0,39489.712199999994
6598.0,13199.760000000002
6601.0,25001.344000000012
6603.0,-15163.690800000011
6605.0,119.49530000000004
6608.0,-207270.25
6609.0,18.8275
6612.0,543484.4750000001
6613.0,40280.74
6614.0,19084.5363
6615.0,47.97400000000002
6617.0,143883.99000000005
6618.0,242.96890000000002
6620.0,-181104.50799999997
6621.0,14698.389400000004
6622.0,-139031.98550000007
6623.0,42411.330000000016
6624.0,10858.679300000003
6626.0,202249.225
6629.0,203.628
6630.0,340031.94
6631.0,65760.5606
6632.0,3048.342499999999
6633.0,41595.609999999986
6634.0,537792.0
6635.0,41214.30000000005
6637.0,404230.51999999996
6638.0,-2523.600000000006
6641.0,140375.349
6642.0,1271.222
6643.0,47157.96599999999
6644.0,13764.597099999999
6645.0,282041.86000000004
6647.0,274726.6949
6648.0,67927.68
6649.0,942260.3999999999
6650.0,-7.853999999999999
6652.0,143789.46490000002
6653.0,26086.735500000003
6655.0,102744.16320000001
6657.0,362.5039999999999
6658.0,226900.77479999996
6659.0,17783.490400000002
6660.0,37550.8304
6661.0,90101.455
6662.0,24381.011699999974
6664.0,405304.0076
6665.0,28640.815
6666.0,66349.20210000001
6667.0,109697.5
6669.0,31025.3424
6671.0,788.8333
6672.0,13710.500699999997
6674.0,127460.9162
6676.0,10393.424999999988
6678.0,170852.9862
6680.0,-40.164
6682.0,42114.491500000004
6685.0,59611.306
6686.0,364791.2308
6689.0,41665.9078
6691.0,102710.2813
6692.0,-25.5452
6695.0,17885.626
6696.0,39500.70000000001
6697.0,4034.903499999993
6699.0,10427.215
6704.0,766691.0
6705.0,81878.60849999997
6706.0,312574.26
6708.0,-2014.5086999999985
6709.0,68412.59999999998
6710.0,2808.2280000000005
6711.0,-18.823499999999996
6712.0,5526.570000000007
6713.0,11413.84
6714.0,15005.46729999999
6716.0,61631.17249999999
6718.0,123159.37610000001
6720.0,78574.72
6721.0,879161.0900000001
6724.0,708.6174
6727.0,44757.86
6728.0,276258.7055
6729.0,-130078.74800000002
6730.0,19995.2457
6734.0,-17404.262000000002
6735.0,63249.33
6737.0,17420.5959
6742.0,35208.57440000001
6744.0,15117.717
6747.0,68350.97
6749.0,466732.4277
6750.0,48556.71960000001
6751.0,143701.25
6752.0,191981.615
6753.0,94385.98000000001
6755.0,12691.840199999999
6762.0,5223.5959
6765.0,81634.29239999998
6767.0,7050.519999999997
6768.0,31.7643
6771.0,3763.8615
6772.0,12085.652699999999
6775.0,25358.619000000006
6778.0,5997.590000000026
6779.0,8971.5
6783.0,88469.78949999998
6786.0,-107.625
6787.0,732.0409999999999
6791.0,3819.2444999999716
6793.0,33428.22
6795.0,5338.482
6802.0,-87.17869999999675
6803.0,42626.6532
6804.0,398.8510000000001
6806.0,-55014.913699999976
6807.0,-116084.675
6808.0,521770.69000000006
6809.0,2240.6075
6810.0,195110.57
6811.0,31723.879999999997
6812.0,19898.320000000007
6818.0,-254.80599999999959
6819.0,100095.79
6820.0,111888.0869
6824.0,5174.6548999999995
6825.0,-354.63499999999476
6826.0,-2946.3600000000006
6828.0,-112075.36679999999
6829.0,33532.47
6830.0,147524.2401
6831.0,207680.803
6832.0,10388.032
6833.0,173592.6274
6834.0,17732.484000000004
6837.0,16601.246400000004
6839.0,260783.60080000001
6843.0,72916.08000000002
6844.0,50107.481599999985
6846.0,52284.34500000003
6849.0,871.5960000000001
6850.0,7730.027000000002
6854.0,49845.669999999984
6860.0,45690.357499999984
6861.0,-45817.816699999996
6863.0,-3640.209499999997
6868.0,88396.0738
6869.0,-27853.28
6871.0,-651.604800000001
6873.0,140296.4478
6875.0,213665.1738
6877.0,16170.300000000003
6878.0,210034.37000000002
6879.0,254033.2628
6880.0,27474.976000000002
6883.0,147758.3703
6886.0,545.7130000000001
6888.0,12702.122800000005
6891.0,7522.139999999999
6892.0,155.72940000000006
6900.0,246.1028
6904.0,234953.931
6909.0,16.558699999999995
6913.0,-214983.766
6921.0,179.11599999999999
6922.0,562.6410000000001
6925.0,166152.35880000002
6926.0,21871.63040000001
6927.0,304791.044
6928.0,21445.271000000008
6931.0,132.26149999999984
6932.0,87029.9
6933.0,31395.68
6934.0,518764.611
6936.0,25633.304900000017
6937.0,88287.90639999999
6940.0,1698.7768
6945.0,4396.129999999997
6946.0,36858.839134919996
6947.0,115986.67500000005
6948.0,55496.9267
6951.0,35782.9035
6952.0,5393.279999999999
6953.0,340067.926
6956.0,-133701.669
6963.0,14352.720000000008
6965.0,1532326.04
6967.0,5428.495800000004
6971.0,-13876.512000000046
6974.0,216690.25
6975.0,667.3840000000055
6976.0,42636.53999999999
6977.0,358970.9
6978.0,79495.34
6979.0,408506.90910000005
6982.0,7362.828600000001
6987.0,-447652.625
6989.0,14349.111600000004
6993.0,3189.0714000000007
6994.0,174930.59100000001
6995.0,44722.5496
6997.0,5307.376900000032
6998.0,99117.054
7000.0,17178.004
7003.0,14560.519500000002
7005.0,8286.231
7006.0,262983.15
7007.0,321070.67500000005
7011.0,44017.5122
7012.0,35426.9405
7013.0,16327.010000000002
7015.0,99411.97999999998
7018.0,-76622.95000000001
7019.0,-10332.669400000013
7023.0,503355.25
7025.0,22797.219
7029.0,-2562.527999999991
7033.0,189745.71
7034.0,1555.0723
7035.0,162.64950000000002
7040.0,10729.053399999999
7041.0,-35521.91360000003
7044.0,-10197.252899999992
7045.0,-7963.7067000000025
7051.0,201841.9002
7053.0,3554.9441000000006
7054.0,13897.838799999998
7056.0,124373.44699999999
7060.0,15703.954800000007
7062.0,-35.868
7065.0,155609.6704
7067.0,3587.5184999999983
7069.0,3714.543000000005
7070.0,191175.77049999998
7072.0,110595.51999999999
7073.0,18009.554900000003
7074.0,36037.42
7075.0,28441.396200000017
7076.0,63613.505000000005
7077.0,115306.9648
7078.0,34.5516
7080.0,-9098.119999999995
7087.0,1292.6437999999998
7088.0,408030.69
7090.0,481082.55000000005
7094.0,44823.555
7096.0,1935.5687000000034
7098.0,4374.12000000001
7102.0,202440.3447
7104.0,20876.9242
7106.0,98012.40000000002
7107.0,17333.231999999996
7110.0,-12447.0
7111.0,81908.40000000002
7113.0,-23426.75
7116.0,11505.849999999999
7117.0,4401.571
7118.0,177.7057
7120.0,373491.1386
7123.0,61776.418000000005
7124.0,289.584
7126.0,28335.196500000002
7129.0,8244.9663
7130.0,67779.768
7131.0,-81683.44
7132.0,52757.605
7136.0,48391.678
7141.0,27342.60500000001
7142.0,295.85519999999997
7146.0,427341.80059999996
7147.0,11510.790000000008
7148.0,313133.1196
7153.0,52143.5777
7155.0,27202.608
7157.0,87524.5269
7158.0,125.51400000000001
7160.0,-66466.3408
7161.0,67650.65
7162.0,-11156.660000000003
7163.0,-124440.65000000002
7164.0,6868.0560000000005
7165.0,58379.1478
7168.0,197229.6177
7171.0,169531.75530000002
7178.0,9094.880000000001
7179.0,8045.039000000001
7181.0,152693.20887
7182.0,3036.9282000000003
7184.0,119839.0494
7186.0,-3185.9749999999985
7190.0,631.3150000000023
7192.0,62660.1008
7195.0,23834.494999999995
7200.0,-31556.53999999998
7201.0,371103.33
7204.0,-75615.47149999999
7207.0,-13070.835
7209.0,593247.44
7212.0,1.015500000000003
7213.0,43444.84
7216.0,88917.032
7219.0,238817.0
7222.0,30845.8269
7225.0,16410.97499999999
7226.0,27068.2326
7233.0,55253.90000000002
7235.0,203.1967
7237.0,-82467.8
7238.0,36413.713800000005
7239.0,-217885.84499999997
7241.0,498328.76796
7243.0,644767.7239327
7244.0,326685.3713
7245.0,100.72618
7249.0,19188.0304
7250.0,127188.49720000001
7251.0,55139.6691
7252.0,2822770.0
7254.0,209407.75499999998
7255.0,45361.2
7257.0,2565.5099999999998
7260.0,-3700.1321999999927
7261.0,39336.350000000006
7263.0,12806.1149
7264.0,9034.912500000006
7265.0,1545.5604000000021
7266.0,41319.9268
7268.0,227573.0782
7270.0,48049.059
7271.0,43587.28
7272.0,15083.179999999993
7278.0,29280.8571
7279.0,168.3080000000001
7283.0,386822.1
7289.0,9757.205000000002
7290.0,10363.349999999999
7293.0,-1808.9599999999991
7294.0,-352457.571
7298.0,79337.5
7299.0,841.2850000000001
7304.0,156303.924
7305.0,352005.6925
7306.0,335348.462577
7307.0,-214296.59399999998
7308.0,-24698.18529999999
7309.0,355671.26145
7312.0,204908.758
7313.0,102.65269999999998
7316.0,4810.524999999994
7317.0,23314.53999999998
7323.0,-4540.356499999994
7325.0,177199.48
7326.0,176798.8384
7331.0,583217.818
7332.0,18768.9225
7335.0,27605.38500000001
7338.0,210153.5
7342.0,20566.475
7343.0,-36.775299999999994
7344.0,330073.66799999995
7345.0,138422.82669999998
7347.0,10869.698499999999
7349.0,81528.361
7353.0,312200.488
7354.0,22766.54
7355.0,201865.898
7356.0,35799.899999999994
7357.0,-259997.90000000002
7359.0,48244.14599999999
7360.0,425349.41099999996
7368.0,212773.585
7370.0,88334.80560000002
7372.0,250921.54000000004
7375.0,7151.9421
7377.0,18387.760000000002
7378.0,7290.4182
7383.0,10903.199999999999
7386.0,316915.3264
7388.0,18391.379499999995
7390.0,2093.956
7391.0,24505.3235
7392.0,168708.84180000002
7401.0,54719.96560000001
7402.0,371235.64
7404.0,96832.0
7405.0,23314.913999999997
7406.0,30564.0593
7407.0,106877.69
7408.0,97191.28000000003
7409.0,327242.0378
7411.0,95947.453
7416.0,190.8091
7419.0,-49.40410000000001
7421.0,6126.080000000002
7422.0,11137.55
7423.0,155.3242
7425.0,284435.66000000003
7427.0,35755.86249999999
7429.0,48298.067699999985
7431.0,3447.5882
7434.0,348343.49000000005
7435.0,448.73249999999825
7439.0,223.74200000000002
7440.0,49085.0835
7441.0,8.203400000000002
7442.0,-59.227399999999996
7443.0,31240.184999999998
7447.0,56908.3592
7454.0,212861.62
7456.0,11970.210000000021
7458.0,11453.2194
7459.0,6321.598199999997
7463.0,10245.175499999983
7465.0,422825.4398
7468.0,233554.55000000002
7471.0,461171.13
7472.0,271270.017
7473.0,807.4466
7474.0,66807.42379999999
7478.0,13.494200000000003
7479.0,-165193.11
7483.0,257009.92500000002
7484.0,159601.7893
7486.0,33605.3545
7489.0,-36048.0025
7492.0,4003.0900000000256
7493.0,-35326.20000000001
7494.0,3430.368000000002
7495.0,4901.407500000001
7501.0,247100.05000000002
7502.0,1444.0655000000042
7503.0,34945.8382
7504.0,11923.835
7505.0,-1590.6699999999983
7506.0,-1117.9275000000052
7507.0,9340.228900000002
7508.0,-37808.975699999995
7509.0,13581.877500000002
7515.0,1149.5707999999995
7516.0,287.805
7519.0,33091.78
7520.0,62734.763500000015
7521.0,59823.5
7522.0,133687.2895
7524.0,41174.7625
7525.0,240367.09999999998
7526.0,99755.29500000001
7528.0,353214.27
7530.0,7.590600000000002
7532.0,-9256.866800000018
7533.0,140650.44
7534.0,-64.0762
7535.0,17789.400000000023
7540.0,-395551.64599999995
7543.0,75346.782
7544.0,40101.8854
7545.0,-57063.26000000001
7549.0,27831.619999999995
7550.0,300514.66
7552.0,51362.3836
7553.0,-73270.32
7554.0,106927.80000000005
7555.0,5676.470000000001
7556.0,16841.9508
7557.0,-116378.29428
7558.0,-379.97000000000116
7562.0,221548.70500000002
7563.0,22214.266
7564.0,-64662.53
7565.0,-2299.9333000000042
7568.0,829.3867999999784
7569.0,719431.1299999999
7571.0,14430.080000000002
7572.0,43351.03
7576.0,31737.3584
7593.0,14614.228300000002
7598.0,134.1744
7599.0,182.19799999999998
7602.0,8650.994999999999
7605.0,170368.59000000003
7609.0,12990.739999999998
7610.0,99479.09999999999
7611.0,-26429.399999999994
7613.0,46086.64
7620.0,14975.3606
7622.0,473922.43669999996
7624.0,319886.595
7625.0,30166.492
7627.0,10078.569000000003
7628.0,9917.208999999973
7629.0,-30.268
7631.0,254.11125000000004
7632.0,2817.9
7633.0,293914.0178
7634.0,13167.074699999997
7637.0,402429.97500000003
7641.0,-26197.099999999977
7642.0,892.6624999999999
7645.0,28244.128000000004
7646.0,35558.0485
7647.0,78.685
7648.0,120407.76999999996
7651.0,3109.712799999994
7654.0,209.52149999999997
7655.0,19822.78999999998
7656.0,-210837.27750000008
7658.0,43722.7201
7662.0,7716.995000000003
7665.0,62457.119999999995
7667.0,204302.61239999998
7668.0,17586.607599999996
7672.0,260.15950000000885
7673.0,386409.5686
7674.0,989595.7703
7675.0,365897.754
7677.0,905389.3200000001
7678.0,297580.199
7681.0,402607.2052
7682.0,227462.82999999996
7684.0,-180088.54729000002
7692.0,66349.16
7693.0,107575.38500000001
7695.0,2560.5644
7702.0,36088.581000000006
7705.0,11399.556200000003
7707.0,122088.63220000002
7708.0,50703.7475
7709.0,134939.432
7710.0,38207.68000000001
7714.0,-67547.84000000003
7715.0,111366.6
7716.0,53669.0435
7720.0,-10930.400000000001
7728.0,19101.488100000002
7729.0,-81212.28730000003
7730.0,-22769.2941
7731.0,12241.608499999995
7733.0,-372.0
7735.0,15063.380000000005
7737.0,-27226.599999999977
7740.0,128069.54400000005
7741.0,52916.7128
7744.0,-75.33000000000015
7745.0,22244.068900000006
7746.0,194442.7
7748.0,463243.20000000007
7750.0,-2615.0994000000064
7751.0,50234.46360000002
7752.0,8547.8554
7755.0,2523.2658
7756.0,8983.5011
7762.0,9648.543999999994
7764.0,43312.649999999965
7765.0,231652.45
7772.0,31543.594000000005
7777.0,2597.3100000000004
7778.0,323267.1
7788.0,14557.089999999997
7790.0,10522.7869
7791.0,14550.4168
7803.0,26341.8928
7804.0,7491729.36
7807.0,39.855000000000004
7809.0,-8396.350900000001
7810.0,17802.9003
7811.0,-15950.283999999985
7812.0,3915.6240000000107
7814.0,175254.18
7815.0,94374.8544
7816.0,326288.5244
7818.0,17482.334799999982
7819.0,170413.965
7821.0,-208770.2456
7822.0,26762.375
7823.0,34292.357499999984
7824.0,25700.694600000017
7825.0,7413.853499999999
7826.0,64843.66040000001
7828.0,216538.90560000003
7830.0,38921.03999999999
7835.0,196500.5545
7837.0,22979.419399999995
7842.0,9.10000000000582
7843.0,45.572500000000005
7844.0,25375.531
7846.0,93200.3792
7847.0,38361.96509999997
7848.0,23185.8
7851.0,219768.78000000003
7852.0,25815.584000000003
7853.0,-84461.70439999999
7854.0,53081.807099999976
7857.0,133608.13
7861.0,30362.760000000002
7863.0,110259.2408
7864.0,7996.227200000001
7868.0,245.5258
7869.0,624.2317
7870.0,6051.779999999999
7874.0,267205.8
7876.0,127647.41519999999
7877.0,8720.168000000005
7883.0,57627.278099999996
7885.0,34323.638399999996
7889.0,64670.778
7890.0,26258.857799999998
7894.0,2597.033500000005
7896.0,45603.166
7897.0,-57369.600000000035
7898.0,6036.7355
7905.0,3107.4199999999837
7907.0,-46.067
7909.0,13290.547700000003
7910.0,-301711.8294
7911.0,1699.35
7912.0,25435.09060000001
7913.0,51186.351000000024
7917.0,79963.11
7919.0,9021.825000000004
7922.0,8617.497199999998
7923.0,13997.220000000001
7925.0,-5.543399999999991
7929.0,596.2231999999995
7930.0,449182.11209999997
7931.0,117.85390000000001
7933.0,84.93299999999999
7934.0,791.63
7938.0,56231.915
7940.0,206.419
7945.0,71793.11619999999
7946.0,-29274.969999999972
7948.0,2749.1797999999835
7954.0,-126113.62550000002
7955.0,150993.49839999998
7956.0,107123.99000000002
7957.0,-38.696000000000005
7958.0,410367.16
7959.0,3155.155000000006
7960.0,15045.099999999999
7963.0,9756.583000000042
7964.0,27696.35
7965.0,163787.23870000002
7967.0,128.06969999999998
7969.0,45011.356499999994
7972.0,17466.510000000002
7973.0,50046.75
7977.0,46478.34
7979.0,734.2028
7981.0,2402.7884000000013
7982.0,41.407500000000006
7983.0,12004.402100000007
7984.0,377932.07050000003
7986.0,43421.45
7988.0,13795.296619999997
7989.0,19268.53
7990.0,59464.875
7993.0,23.300399999999996
7996.0,384161.22
7998.0,-48239.42999999999
7999.0,96.1055
8001.0,-252.2849999999744
8004.0,164.6305
8005.0,159078.69780000002
8006.0,39271.295999999995
8009.0,115076.0404
8010.0,99384.34999999998
8011.0,24335.2169
8012.0,484501.425
8013.0,273559.67
8015.0,379666.79999999993
8018.0,147205.11
8020.0,75572.5772
8021.0,-8.511599999999817
8028.0,62642.1512
8029.0,46829.619999999995
8035.0,36743.25
8036.0,870.4201
8038.0,24277.379999999997
8045.0,33304.06420000001
8046.0,6531.038
8048.0,25061.6195
8049.0,2352.1528999999864
8050.0,25084.710000000006
8051.0,70533.26609999995
8053.0,177710.65000000002
8054.0,232089.2478
8057.0,174409.09720000002
8059.0,149265.91999999998
8061.0,377784.1922
8062.0,327674.5025
8065.0,393237.055
8068.0,-116909.8755
8069.0,-3370.542500000003
8071.0,0.4140000000000015
8075.0,153302.5181
8080.0,153953.2
8081.0,118331.52000000002
8082.0,32658.510000000002
8083.0,65692.46499999997
8087.0,12778.5618
8089.0,768.1149000000005
8091.0,-61386.312600000005
8092.0,10.661499999999997
8095.0,26264.4872
8096.0,-111313.761
8098.0,260143.46
8100.0,1392.7999966954399
8101.0,93123.6175
8103.0,32736.959999999995
8108.0,26859.6384
8109.0,12031.030000000006
8113.0,102520.413
8115.0,70360.60059999998
8116.0,406760.7
8122.0,418827.081
8124.0,569357.85
8125.0,9781.4667
8130.0,297242.2099
8131.0,-111411.61499999999
8132.0,6768.095200000001
8134.0,567.9331999999999
8139.0,38945.3746
8140.0,17084.85
8143.0,-25266.955
8144.0,39536.3
8146.0,38473.9
8148.0,123009.42500000002
8149.0,17759.58
8153.0,85357.64929999999
8154.0,123929.95999999999
8156.0,54165.04999999999
8157.0,157.6548
8163.0,83310.00690000001
8164.0,1151.5906
8166.0,848.8420000000042
8171.0,-22838.3911
8172.0,25322.629699999998
8173.0,17263.509999999995
8175.0,7448.2193999999945
8176.0,-31429.609999999986
8177.0,8164.682999999997
8178.0,22445.771999999997
8180.0,44446.456200000015
8182.0,452494.31999999995
8183.0,229875.1355
8185.0,257950.8982
8186.0,59114.8906
8187.0,32607.323
8188.0,176126.16999999998
8189.0,183.6606
8190.0,2276.3816
8191.0,54007.779999999984
8192.0,102983.14680000002
8195.0,67.332
8196.0,-779.5969000000041
8198.0,-37372.284
8204.0,21123.496799999994
8205.0,254645.5415
8208.0,-1149.8009999999995
8209.0,36823.5562
8212.0,25796.530000000002
8213.0,1584.5099999999948
8215.0,2515.120500000001
8216.0,54.3899
8220.0,76335.975
8221.0,41466.1277
8224.0,34834.2295
8226.0,46809.092899999996
8227.0,19977.884800000003
8230.0,55967.018299999996
8233.0,51086.29000000004
8235.0,178562.65279999998
8237.0,-4231.880000000005
8238.0,731.354
8242.0,6312.591000000008
8246.0,732.5842
8247.0,-15672.959999999963
8249.0,50000.7832
8250.0,499077.55600000004
8253.0,5543.9100000000035
8262.0,44381.215
8263.0,146838.55000000005
8264.0,-14081.2359
8267.0,200.1684
8268.0,29681.3145
8269.0,109075.14599999998
8273.0,812.0239999999976
8274.0,370210.7
8275.0,98.03299999999999
8276.0,182184.845
8278.0,64739.153000000006
8279.0,10537.306499999999
8280.0,51845.545
8282.0,70459.32876
8284.0,14620.44
8285.0,-70833.65159999998
8288.0,-31252.8534
8292.0,128431.62
8294.0,34638.918
8295.0,75848.92550000001
8296.0,343446.95
8298.0,-20935.439999999995
8299.0,759389.8592000001
8300.0,99.64150000000001
8302.0,-367.6857000000018
8303.0,11384.265000000001
8305.0,-183537.19999999995
8309.0,364.1304
8312.0,1.6976999999999975
8313.0,252.57399999999998
8315.0,14155.340000000026
8321.0,68800.1838
8322.0,293317.1325
8325.0,-47477.422999999995
8326.0,17074.862500000047
8327.0,54963.2995
8331.0,3248.4254999999976
8334.0,-77099.48999999999
8335.0,7488.71219999998
8341.0,32486.607400000004
8343.0,10.515
8345.0,9123.188900000008
8348.0,13806.627999999999
8351.0,8739.040399999998
8352.0,17667.763399999996
8357.0,128867.64879999997
8358.0,26037.257000000005
8359.0,584998.96
8363.0,2893.0485999999946
8365.0,523749.55
8367.0,204449.99159999998
8372.0,-15928.800499999998
8375.0,89847.82500000001
8376.0,89870.91749999998
8378.0,-38045.76019999996
8379.0,34633.4623
8380.0,10913.245000000003
8381.0,23446.25
8383.0,65323.69709999999
8385.0,25117.094999999998
8389.0,-4398.129500000003
8392.0,-3078.2479000000167
8393.0,255802.87000000002
8394.0,1322.5199999999968
8395.0,33746.28
8396.0,240309.41159999996
8399.0,-16197.127899999992
8401.0,29697.320000000007
8405.0,68589.7329
8406.0,397630.729
8407.0,92311.74790000002
8408.0,-14425.986600000004
8409.0,168204.25000000003
8410.0,94586.30549999999
8411.0,28487.460000000003
8414.0,164.65200000000002
8419.0,39807.7114
8420.0,-455312.17179999995
8423.0,113369.98899999997
8424.0,390171.43847132
8425.0,22.430999999999997
8427.0,25529.0064
8428.0,7907.256000000001
8429.0,39811.93000000001
8431.0,43657.74900000001
8432.0,-28.083199999999998
8433.0,30293.164
8435.0,39096.211899999995
8436.0,32006.9597
8437.0,-247814.75
8438.0,-2436.43710000001
8440.0,291624.3
8442.0,317795.534
8444.0,166.70049999999173
8445.0,969728.6936
8446.0,66393.09999999998
8449.0,-4663.6412000000055
8451.0,31287.22
8453.0,399303.52
8454.0,-103516.10190000001
8455.0,284678.9906
8456.0,37209.530000000006
8457.0,20455.5
8458.0,-19965.146999999997
8459.0,5759.40800000001
8461.0,55141.75
8463.0,92070.5056
8464.0,120690.815
8466.0,375329.44779999997
8468.0,31560.633199999997
8469.0,136563.72400000002
8470.0,136847.06999999998
8471.0,-194748.18
8472.0,1492523.0
8473.0,-56739.66800000006
8474.0,294341.63
8475.0,-54053.40000000002
8479.0,-9261.231
8481.0,141056.40000000002
8485.0,23371.35
8488.0,3901.4649999999997
8489.0,23181.37
8490.0,48481.300500000005
8492.0,9675.549999999988
8494.0,140038.3404
8495.0,31169.7
8497.0,22388.459799999997
8498.0,4474.0071
8501.0,-16032.325400000002
8504.0,24102.727499999994
8508.0,354175.88399999996
8509.0,131.56990000000002
8510.0,46667.4362
8511.0,17346.7848
8512.0,1520.3428000000001
8513.0,34779.8399
8514.0,110834.64
8515.0,108307.37000000001
8516.0,53939.6032
8518.0,32936.335999999996
8519.0,364685.48
8523.0,63.0472796901893
8524.0,29061.165
8526.0,-4870.121999999996
8530.0,118913.08169999998
8534.0,5310.43
8535.0,134608.56
8536.0,74.6924
8537.0,42467.74359999999
8540.0,7672.8118999999715
8542.0,4291.695800000001
8544.0,-826.6295
8546.0,465966.44000000006
8547.0,73608.46000000002
8548.0,-17158.039999999994
8550.0,395389.17199999996
8551.0,11598.5625
8552.0,185532.46999999997
8556.0,91.5388
8559.0,43346.91
8560.0,-16963.350199999986
8561.0,23814.235499999995
8562.0,13548.570000000007
8564.0,-24016.600000000006
8565.0,180814.995
8569.0,335777.30970000004
8571.0,6475.060900000004
8573.0,9435.085100000004
8574.0,7397.429999999993
8575.0,524641.1625
8576.0,282965.41559999995
8577.0,98673.225
8583.0,228374.8669
8584.0,76.25
8585.0,25986.534900000028
8586.0,63093.36830000003
8587.0,58.0159
8591.0,8162.957200000004
8593.0,186006.42760000002
8595.0,437174.4275
8598.0,50887.41249999998
8599.0,-28120.988000000012
8600.0,4533.984799999998
8601.0,344373.18
8602.0,333861.42000000004
8603.0,14229.0
8604.0,-9236.299500000023
8605.0,51906.5833
8606.0,-9680.084999999992
8609.0,332640.62
8611.0,3031.282500000001
8612.0,162365.04690000002
8613.0,10667.25
8617.0,63006.898600000015
8620.0,76307.0
8622.0,-42889.119891600996
8630.0,56.6858
8634.0,-37751.24250000001
8635.0,45639.294499999996
8636.0,-21728.342999999993
8637.0,34294.56589999999
8639.0,378756.75
8641.0,181046.46666666702
8643.0,-1433.1199999999953
8644.0,-460.39400000000023
8645.0,-25321.981499999994
8649.0,160415.8928
8651.0,97998.33080000001
8653.0,35613.79999999999
8655.0,3109.617
8656.0,26142.090600000003
8658.0,11259.953500000003
8659.0,36062.293399999995
8662.0,38497.912
8665.0,-2192.0800000000017
8667.0,40278.64540000001
8668.0,49408.37030000001
8671.0,-862.3559999999998
8672.0,41559.62999999999
8673.0,157.0051
8676.0,1488.0292
8681.0,473928.88
8682.0,426906.105
8683.0,47458.26239999999
8686.0,-148520.81
8687.0,7054.689999999999
8690.0,206156.28000000003
8692.0,20.195999999999998
8693.0,235021.28
8694.0,40565.4482
8695.0,14394.254999999946
8697.0,452980.16000000003
8698.0,62594.25710000002
8702.0,-25941.79999999999
8705.0,471056.6625
8706.0,32212.431800000002
8707.0,3565.3040000000037
8713.0,714342.0743
8715.0,140.9562
8718.0,193.7842
8719.0,3477.456
8720.0,-21468.816000000006
8721.0,111869.0748
8723.0,121538.89
8725.0,87782.19
8726.0,47404.033400000015
8727.0,334599.05000000005
8730.0,61.372799999999984
8735.0,7895.0689999999995
8736.0,17337.595
8739.0,347.56
8743.0,1524.0099000000046
8744.0,100299.3903
8747.0,2698.882000000005
8751.0,23780.027700000006
8752.0,6831.7923
8756.0,153711.99
8757.0,92203.30500000001
8761.0,8100.605000000003
8762.0,-12542.924999999988
8770.0,1371639.0552
8774.0,18384.108500000002
8781.0,17171.700000000004
8783.0,56802.67999999999
8786.0,-10843.554999999993
8789.0,-6863.754100000006
8790.0,273222.6085
8796.0,23480.391000000003
8798.0,31101.14
8800.0,-8.190299999999993
8801.0,342814.9
8803.0,579291.49
8805.0,959735.7812999999
8807.0,27561.989999999998
8808.0,-55309.27000000002
8810.0,58185.79600000002
8811.0,-125942.40648034899
8813.0,7941.4375
8814.0,-133917.09000000003
8817.0,1988.8265999999999
8818.0,18705.208
8819.0,34419.4823
8820.0,410454.603
8824.0,7322.8193
8826.0,6313.290000000008
8828.0,-82418.85
8829.0,40314.4275
8830.0,45540.435
8832.0,1766.2152
8835.0,46.687
8837.0,1449.529
8838.0,459619.79029999994
8843.0,134.4425
8845.0,5488.356
8847.0,-2990.25
8849.0,24793.155000000002
8851.0,194.25000000000003
8853.0,25.67
8855.0,99400.79999999999
8857.0,6624369.05
8858.0,334128.792
8859.0,454502.19
8861.0,20101.0838
8865.0,476818.25
8869.0,375248.34569999995
8870.0,194726.0
8871.0,-34583.36560000002
8872.0,13201.256000000001
8874.0,1664.822199999995
8877.0,87623.4828
8878.0,40.29793
8879.0,176183.8263
8885.0,15984.4489
8886.0,2581.2599999999998
8888.0,2824769.577
8889.0,201609.52
8892.0,31559.797800000004
8894.0,114561.93999999997
8897.0,55248.336599999995
8898.0,972853.27
8900.0,18165.239999999998
8901.0,13653.4742
8902.0,-26345.555000000022
8903.0,158.6288
8904.0,7013.9334
8905.0,997.739999999998
8906.0,10651.559999999998
8907.0,109497.44999999995
8911.0,33044.109600000025
8912.0,55.062599999999996
8913.0,-122421.20000000001
8916.0,8330.744999999995
8918.0,125356.6875
8919.0,-1411.7049999999945
8922.0,19480.699599999993
8924.0,14570.479600000006
8926.0,17695.32
8927.0,2043.7799999999988
8930.0,61885.67000000004
8931.0,942.6546000000001
8933.0,35845.700000000004
8934.0,285.96779999999995
8936.0,19738.526399999995
8937.0,24153.2365
8938.0,1722.8380999999936
8941.0,5618.0350000000035
8944.0,9288.059999999998
8945.0,304901.264
8946.0,33988.97499999999
8947.0,3903.3499999999985
8949.0,101050.42000000001
8950.0,11852.649999999994
8951.0,573590.712
8953.0,214430.73119999998
8954.0,48177.3724
8956.0,23357.092800000006
8961.0,10172.493799999997
8969.0,47065.5
8970.0,20484.607900000003
8971.0,42649.335999999996
8978.0,71177.41380000001
8981.0,1391.1399999999999
8984.0,162.7722
8988.0,27398.475300000006
8990.0,69628.86499999999
8991.0,335914.735
8993.0,399050.0139
8994.0,54.12489999999997
8995.0,3309.454999999998
8996.0,163177.5605
8998.0,27733.630000000005
9000.0,5042.697000000015
9001.0,18923.276000000013
9005.0,485912.0
9008.0,31728.9195
9010.0,65391.267500000016
9012.0,15280.684800000003
9014.0,369742.075
9015.0,34117.718799999995
9016.0,260543.46
9017.0,414792.32059
9018.0,33605.3058
9019.0,444343.64
9022.0,-161677.72
9023.0,-1824.4576000000015
9024.0,64441.611000000004
9025.0,34900.7522
9027.0,94256.054
9028.0,175064.1206
9030.0,5792.7595
9031.0,240149.97719999996
9032.0,81.67980000000001
9040.0,142.77659999999997
9042.0,-198824.25000000003
9043.0,-30733.5
9046.0,189779.85
9047.0,194107.46000000002
9052.0,1541516.44
9053.0,114630.32
9054.0,47957.80499999999
9056.0,-8199.743300000002
9059.0,-3297.6300000000047
9060.0,277885.05
9062.0,315567.50403
9063.0,39030.57000000001
9065.0,11398.912799999998
9066.0,13439.747499999998
9068.0,5487.7744999999995
9071.0,159384.44
9072.0,125196.09999999999
9075.0,100495.995
9076.0,6761.005000000001
9079.0,548956.9
9081.0,97727.55559999996
9082.0,32553.479000000007
9084.0,18516.560400000002
9085.0,255377.41999999998
9086.0,1239.15
9087.0,11771.624999999993
9089.0,-33221.189900000005
9090.0,155725.06700000004
9094.0,22.8309
9095.0,14835.3753
9099.0,13312.019999999997
9102.0,80351.0519
9103.0,3028.3220000000147
9106.0,142569.55
9108.0,38777.98700000002
9112.0,78470.43900000001
9113.0,-14738.121599999999
9114.0,118.59908999999999
9117.0,3855.7850000000035
9119.0,361669.14999999997
9123.0,13994.099999999977
9124.0,24044.0
9125.0,75615.258
9126.0,92961.68
9132.0,4939.502
9136.0,17742.081699999995
9137.0,-27211.800000000047
9138.0,138035.4373
9141.0,3335.0314
9142.0,-10741.591200000024
9143.0,-34900.514800000004
9146.0,26399.607099999994
9149.0,386.8
9150.0,288774.9
9152.0,19759.097900000008
9153.0,48130.954999999994
9155.0,5575.3571999999995
9157.0,21775.975399999996
9158.0,3576.460000000001
9159.0,50947.52250000001
9160.0,189638.8418
9161.0,-15276.145999999993
9162.0,5750.120799999999
9163.0,721.943
9164.0,1393.6306000000004
9167.0,3395.4089999999997
9168.0,118830.79000000001
9171.0,2422.400999999998
9173.0,44944.992000000006
9174.0,5851.508000000002
9178.0,29996.70000000001
9182.0,41206.4964
9187.0,8571.019099999998
9188.0,14601.229999999996
9189.0,400902.02
9190.0,-13805.039299999997
9192.0,213779.412
9193.0,68119.16080000001
9197.0,-104277.81
9198.0,70145.6
9200.0,18809.006600000022
9203.0,1121.8694999999998
9204.0,54458.4326
9205.0,68971.073
9206.0,49316.5
9208.0,-95182.76000000001
9210.0,6368.084999999999
9211.0,-18409.043999999994
9212.0,237477.06000000003
9214.0,68329.2371
9216.0,-239.86679999999615
9217.0,402107.8625
9218.0,216813.4171
9219.0,203.27719999999997
9220.0,52875.314000000006
9223.0,80264.69
9224.0,20122.091620000007
9225.0,186457.838
9228.0,25411.2825
9229.0,126.96499999999999
9233.0,804.1634000000013
9234.0,-2.696800000000003
9235.0,7.16749999999999
9236.0,16517.403000000006
9239.0,1739.2799999999988
9242.0,294570.43
9243.0,28202.45
9245.0,306399.325
9247.0,14189.703000000009
9248.0,6211.025999999998
9249.0,50557.69999999998
9250.0,2067.2851
9252.0,13965.479999999996
9253.0,87892.71
9254.0,22723.854600000006
9255.0,7489.760000000009
9258.0,122474.01999999999
9260.0,404840.108
9261.0,18326.689900000005
9263.0,14707.2178
9266.0,763.2600000000093
9270.0,47045.3474
9271.0,21208.016499999998
9272.0,1448.4549999999945
9275.0,7998.165000000001
9277.0,9398.400000000023
9284.0,90312.04350000003
9285.0,85639.84000000003
9286.0,42876.350000000006
9289.0,119198.0442
9295.0,49794.335
9297.0,-6008.767499999958
9298.0,59838.01000000001
9301.0,25638.086499999998
9304.0,9432.9522
9305.0,34159.38
9306.0,14662.63673198
9307.0,100822.23520000002
9308.0,-19359.959999999963
9310.0,31851.379999999997
9313.0,-86329.77999999997
9316.0,94966.5745
9317.0,9.507300000000015
9318.0,244891.9
9319.0,11938.460000000006
9322.0,-13302.764099999971
9324.0,256220.85880000002
9325.0,5972.5
9326.0,300790.22399999993
9332.0,-44753.05000000002
9333.0,256888.13
9335.0,-242798.996268
9337.0,-115657.318
9339.0,18518.25
9340.0,-20654.800250000004
9342.0,5488.5044
9345.0,7522.199800000002
9347.0,451988.8176
9348.0,10449.041000000005
9350.0,-24439.679999999993
9351.0,12601.218399999983
9353.0,36046.40699999999
9354.0,91920.63
9355.0,226.67720000000003
9356.0,-71112.975
9361.0,182669.51870000002
9363.0,21785.516800000012
9364.0,302625.74100000004
9370.0,24080.7715
9371.0,40.60770000000001
9372.0,110505.2634
9373.0,1249333.1574
9375.0,109874.78700000001
9378.0,1594.1900000000023
9380.0,127922.89419999998
9381.0,66394.7215
9384.0,11158.168000000005
9385.0,-40192.53950000001
9386.0,11551.491700000013
9390.0,31426.025500000018
9391.0,103746.26049999997
9400.0,115524.90000000002
9401.0,316359.72000000003
9403.0,37311.447499999995
9404.0,1195.0964
9405.0,79636.94
9407.0,17129.219999999998
9408.0,7354.592499999999
9409.0,-171597.15
9410.0,4059.6409000000003
9416.0,92641.30560000008
9417.0,58.418600000000005
9420.0,54926.360000000044
9423.0,104159.62700000001
9425.0,-12.229499999999994
9430.0,347122.9104
9434.0,160.715
9436.0,7478.184999999998
9438.0,207029.31209999998
9439.0,47.703
9441.0,809.937
9442.0,10660.308999999997
9443.0,527887.925
9444.0,352789.5443
9445.0,23694.562300000005
9447.0,645.0252
9449.0,24850.400000000023
9450.0,2629.1923000000024
9453.0,284741.64920000004
9455.0,6517.960000000001
9456.0,-37141.52999999997
9458.0,52580.609800000006
9459.0,234847.63
9460.0,10993.130000000005
9461.0,336761.6415
9462.0,38115.0472
9463.0,1343.0167999999999
9465.0,120.25
9467.0,-68714.2359
9468.0,73964.3717
9469.0,32727.652000000002
9476.0,141369.24999999997
9478.0,10469.8554
9479.0,422.6915
9481.0,97972.94610000002
9488.0,62181.61439999996
9490.0,40550.84
9491.0,46.49400000000001
9493.0,9110.81720000002
9496.0,3518.778499999986
9500.0,118.2887
9502.0,410.4056999999998
9505.0,-21564.110999999997
9506.0,22549.179999999993
9507.0,113061.51000000001
9508.0,-7003.395500000013
9509.0,180774.99
9510.0,-60449.9694
9511.0,281615.8458
9512.0,1113.075
9513.0,1063550.4668
9514.0,327022.8676
9515.0,144914.85
9518.0,28531.006599999997
9520.0,570.8262
9521.0,25147.752
9522.0,207677.34000000003
9528.0,822.3800000000047
9530.0,972218.23
9532.0,210188.6504
9535.0,1135.287
9536.0,88033.45000000001
9537.0,-104139.80019999997
9538.0,64780.163099999976
9539.0,-24906.464999999997
9540.0,-136699.75900000002
9543.0,61641.45000000001
9544.0,126155.1
9546.0,87892.4478
9547.0,63066.32430000001
9548.0,253221.94999999998
9550.0,2266.1844000000056
9555.0,36.750600000000006
9561.0,1257.0400000000009
9562.0,-57420.01000000001
9564.0,16340.893900000001
9567.0,12958.505000000001
9570.0,245095.16379999998
9571.0,55916.14139999999
9572.0,90864.75099999999
9576.0,47.8446
9577.0,94983.38
9578.0,212658.42570000002
9580.0,156057.57000000007
9581.0,38604.03000000003
9588.0,573.6632000000027
9589.0,41932.112
9594.0,61816.64
9598.0,29343.50349999999
9599.0,53391.045600000005
9601.0,17220.0832
9602.0,181425.2439
9603.0,14581.144499999995
9606.0,200.35590000000002
9608.0,2073.3820000000123
9609.0,129723.61800000002
9610.0,40662.899999999965
9612.0,558739.1
9617.0,53408.32000000001
9618.0,117.64699999999999
9619.0,-57.282000000000004
9620.0,-17071.397000000026
9622.0,28096.688000000002
9625.0,2119.72
9627.0,14668.764500000001
9630.0,845.712
9631.0,-193.3055000000022
9632.0,11.5124
9633.0,193.88445
9637.0,7419.759
9641.0,455200.64900000003
9644.0,336.02799999999996
9647.0,441748.1261
9651.0,64339.57999999999
9652.0,114766.9104
9654.0,521300.63
9655.0,42766.1
9656.0,-60556.67750000002
9658.0,375584.3
9659.0,297102.86079999997
9660.0,1413.6549999999988
9661.0,68242.192274
9663.0,124959.6705
9665.0,236429.2468
9667.0,91377.76999999999
9668.0,8703.939999999988
9669.0,415252.2
9670.0,11409.585100000004
9671.0,233168.016
9673.0,-2714.7600000000093
9674.0,59089.7209
9675.0,5376.9426
9678.0,309847.0454
9683.0,145906.332
9684.0,119359.98000000004
9686.0,-18958.39
9689.0,20479.15049999999
9690.0,62510.91029999999
9691.0,46419.123999999996
9692.0,464219.674
9695.0,-8540.94319999998
9696.0,21853.850000000035
9697.0,307632.025
9704.0,-35.868
9705.0,6696.8260000000155
9707.0,44898.57
9708.0,2333.165000000001
9709.0,172956.01999999996
9710.0,69626.3
9713.0,-97174.12339999998
9718.0,114125.56
9719.0,-11.443200000000004
9720.0,-769.6299999999974
9721.0,408985.16959999996
9722.0,94452.6423
9724.0,70411.45510000002
9725.0,55828.380000000005
9726.0,228616.2399
9730.0,44830.293999999994
9731.0,43099.1507
9740.0,13993.8861
9744.0,34704.134933999994
9747.0,-18071.824200000003
9749.0,163045.20999999996
9752.0,-302753.9518
9753.0,16556.6065
9754.0,-79515.60000000003
9759.0,19112.425600000002
9760.0,53572.2
9763.0,-57420.376200000006
9764.0,-56210.90050000005
9767.0,19936.899999999965
9768.0,241.02850000000035
9770.0,5617.76370000001
9771.0,55245.29190000001
9773.0,-104580.35999999999
9775.0,241836.0136
9776.0,24.2091
9780.0,308758.01
9781.0,114561.28999999998
9787.0,56439.5812
9791.0,52710.92499999999
9793.0,7635.1410000000005
9795.0,16046.093100000006
9798.0,19266.272499999992
9805.0,60.65949999999998
9810.0,168.2864
9815.0,337222.4672
9816.0,23595.109999999986
9828.0,-105217.16400000002
9833.0,632.01
9834.0,14795.8632
9836.0,54423.83
9839.0,109323.42989999999
9840.0,23691.354499999987
9841.0,384079.9752
9842.0,26203.752899999992
9843.0,36859.20000000001
9844.0,-382517.79000000004
9845.0,57613.57440000004
9846.0,1354.738
9847.0,44622.4414
9848.0,860547.3
9849.0,342224.25
9851.0,428618.0982
9853.0,247454.3024
9855.0,10536.294599999994
9856.0,15514.509299999998
9859.0,293697.33999999997
9860.0,634306.1281
9861.0,109.9271
9862.0,177009.00540000002
9863.0,-26688.959999999992
9865.0,42673.49710000004
9868.0,17347.29999999999
9871.0,24505.3235
9873.0,14253.974999999977
9874.0,535.315300000002
9875.0,-14.240900000000003
9879.0,-193.58000000000175
9880.0,4503.388000000001
9881.0,51202.420999999995
9884.0,4828.231400000002
9885.0,27196.174999999996
9886.0,689.3048
9887.0,229.101
9890.0,85855.1409
9891.0,157906.2232
9893.0,193422.76200000002
9895.0,47411.523499999996
9900.0,-10586.829700000002
9902.0,32173.780000000006
9905.0,91711.31999999998
9907.0,169244.093
9910.0,-20458.505999999994
9912.0,433910.62
9915.0,365338.13999999996
9916.0,11118.01
9920.0,3677.1800000000003
9921.0,-58.91130000000001
9922.0,785015.382
9923.0,11856.53
9924.0,508.03999999999996
9926.0,375.2178
9929.0,521.2332
9931.0,488119.5575
9932.0,-17406.329999999987
9933.0,73.12200000000007
9934.0,69892.4559
9935.0,18153.524999999998
9938.0,41281.5182
9943.0,541082.3400000001
9947.0,456439.95
9951.0,453486.9471
9952.0,964003.4569999999
9953.0,1398471.2599000002
9958.0,15344.320000000007
9963.0,39262.35
9967.0,-10760.766200000013
9969.0,39223.433999999994
9970.0,1637.1500000000015
9972.0,161877.9955
9976.0,159.837
9979.0,1610.1599999999999
9980.0,96362.0525
9982.0,-76389.98999999999
9990.0,-44983.686700255996
