punk_id,eth_pc_change
0.0,24.510204081632654
1.0,141.85714285714286
14.0,1.7777777777777777
53.0,5.4995
89.0,12.326666666666666
116.0,1.0
118.0,0.00987654320987641
124.0,0.1333333333333333
138.0,3.142142857142857
139.0,2.5174069627851146
141.0,0.16210650191232712
143.0,26.692307692307693
150.0,0.08585937500000007
160.0,0.7666666666666666
161.0,3.028365601080594
169.0,55.0
173.0,0.9980000000000002
197.0,-0.0714285714285714
203.0,1.4988329443147714
211.0,3.8744186046511624
229.0,0.04125000000000001
234.0,1.7611044417767108
239.0,0.09360730593607314
240.0,21.0
252.0,1.7999999999999998
257.0,2.020408163265306
258.0,0.7894736842105263
259.0,6.72972972972973
260.0,1.9166666666666665
273.0,131.5
280.0,-0.7916666666666666
283.0,-0.9923608584939978
285.0,0.06668889629876618
286.0,0.11022204440888173
287.0,-0.0996398559423769
291.0,0.38095238095238093
294.0,5.0
300.0,0.06112785191562642
308.0,2.075313807531381
312.0,0.9047619047619047
318.0,0.037735849056603765
322.0,0.33333333333333326
328.0,1.376599634369287
329.0,-0.0036014405762304635
332.0,-0.2903676128431828
335.0,1.2000000000000002
339.0,3.7800000000000002
340.0,1.7999999999999998
341.0,4.002000800320128
342.0,6.204390243902439
349.0,0.11177490846020421
352.0,0.044792833146696465
353.0,5.666666666666667
355.0,0.25
365.0,1.3943577430972387
368.0,2.501750875437719
376.0,0.19647859143657476
381.0,0.6673614005835766
382.0,253.90196078431373
384.0,1.0083333333333333
385.0,18.392
387.0,-0.33333333333333337
399.0,0.044545454545454666
402.0,0.04949999999999988
406.0,4.384615384615385
407.0,0.04651162790697683
422.0,2.2866533295227205
423.0,2.208955223880597
426.0,8.975
430.0,0.9121734296831574
435.0,1.2779043280182232
445.0,222.07692307692307
446.0,1.2718181818181815
447.0,0.5384615384615385
449.0,0.9254820218863993
457.0,2.3322222222222218
470.0,0.060893854748603315
473.0,0.30391304347826087
483.0,3.7941176470588234
486.0,2.076923076923077
488.0,0.09043617446978791
489.0,1.625
490.0,0.8841911764705883
494.0,6.333333333333333
497.0,-0.00043478260869567187
501.0,191.3076923076923
503.0,1.8208955223880596
505.0,1.0198019801980198
506.0,14.5
509.0,0.1528822055137844
510.0,13.366666666666667
512.0,1.5598400000000003
522.0,0.00028579594169753086
534.0,1.6237500000000002
538.0,0.04210087536473539
544.0,549.0
548.0,2.4550264550264553
550.0,0.31561403508771924
551.0,0.1736470588235295
561.0,21.727272727272727
563.0,1.7142857142857144
564.0,1.1788059701492535
570.0,0.3263265306122447
573.0,19.634285714285713
586.0,1.6673614005835766
588.0,0.6666666666666667
591.0,0.06190476190476191
593.0,0.5555555555555556
596.0,0.12222222222222223
604.0,0.0
608.0,4.714285714285714
610.0,109.0
613.0,11.153846153846153
616.0,8.090909090909092
617.0,-0.056692913385826826
618.0,2.89155662264906
620.0,1.3511755877938971
622.0,2.7586206896551726
627.0,127.70012870012869
628.0,8.156666666666666
632.0,0.4492753623188406
636.0,0.39979999999999993
638.0,9.0
639.0,6.0476190476190474
642.0,2.4146341463414633
643.0,1.3190442726633873
648.0,1.127659574468085
650.0,0.30426086956521736
660.0,2.746721618583739
661.0,1.4166666666666665
669.0,0.37242912729294075
678.0,0.11230769230769244
682.0,-0.20006668889629875
686.0,1.3333333333333335
690.0,0.44618663419089666
695.0,0.01866666666666683
698.0,2.52
700.0,0.03512755442767457
703.0,4.352676338169085
704.0,0.9514634146341465
709.0,5.271604938271605
713.0,0.5
715.0,0.08727272727272717
716.0,0.3264285714285715
717.0,0.32582864290181357
718.0,0.09077922077922063
729.0,-0.07373101148573535
730.0,0.11363636363636354
735.0,1.7052104208416838
740.0,-0.10010000000000008
743.0,-0.03761904761904755
749.0,0.5005001667222408
750.0,3.185185185185185
751.0,9.37037037037037
759.0,0.4001333777925977
769.0,1.1374045801526718
773.0,1.2674224741580526
774.0,0.09090909090909083
777.0,11.659999999999998
782.0,2.3337779259753253
784.0,1.6785714285714284
793.0,-0.071938775510204
794.0,0.5555555555555556
797.0,0.588836695219674
800.0,0.12273134206885317
803.0,0.3021739130434782
807.0,0.5176470588235293
812.0,2.3333333333333335
814.0,2.654736842105263
817.0,1.1428571428571428
819.0,0.16666666666666674
820.0,-0.24494949494949503
824.0,5.666666666666667
825.0,1.7850000000000001
827.0,6.777777777777778
836.0,222.33333333333334
838.0,4.88235294117647
839.0,0.21164342025469995
843.0,63.36874999999999
845.0,1.2064705882352942
852.0,2.066666666666667
853.0,0.1071428571428572
855.0,2.9975990396158467
857.0,0.09523809523809534
861.0,452.33333333333337
862.0,0.2913284132841327
875.0,1.6
877.0,2.207810320781032
880.0,0.8611111111111112
883.0,312.72549019607845
886.0,0.7503126302626095
891.0,2.3896610169491526
898.0,2.5981098109810983
900.0,0.03460606759718532
906.0,159.0
907.0,274.92
913.0,0.09949999999999992
914.0,0.2058823529411764
915.0,1.8634361233480177
916.0,6.0
920.0,2.54
923.0,3.268476621417798
924.0,15.344848484848484
931.0,4.88235294117647
939.0,0.6000000000000001
943.0,0.0
948.0,1.0
950.0,-0.4
952.0,1.489817792068596
965.0,0.5714285714285714
973.0,0.05544444444444441
981.0,2.8316666666666666
983.0,-0.5675675675675675
985.0,48.0
991.0,2.8476337052712584
992.0,44.0
993.0,3.9000000000000004
998.0,9.0
1000.0,199.0
1001.0,22.956194387405887
1003.0,0.0
1005.0,0.3999999999999999
1006.0,0.17045454545454541
1007.0,1.5892857142857144
1009.0,1.1538461538461537
1010.0,1.7777777777777777
1011.0,4.270212765957447
1013.0,4.05256018989488
1014.0,207.33333333333334
1015.0,-0.45085714285714285
1027.0,1317.1363636363637
1029.0,291.0
1030.0,47.0
1036.0,5.666666666666667
1041.0,0.17903930131004375
1043.0,0.22337078651685394
1044.0,2.5063291139240502
1045.0,170.0
1052.0,0.09999999999999987
1054.0,169.92857142857142
1060.0,1.8285714285714287
1062.0,100.33333333333333
1068.0,0.0
1071.0,112.23333333333333
1072.0,216.375
1075.0,167.31578947368422
1083.0,-0.5428076647828488
1084.0,3.8421052631578947
1085.0,-0.35524193548387095
1091.0,0.07379724181492797
1092.0,599.0
1094.0,132.33333333333334
1095.0,0.6666666666666667
1096.0,0.625
1100.0,489.0
1102.0,879.0
1110.0,0.17999999999999994
1116.0,699.0
1118.0,1.7599999999999998
1119.0,1.0002
1123.0,3.25
1127.0,39.0
1129.0,0.01887504718761801
1139.0,0.2198
1142.0,3.2608373471656176
1146.0,272.33333333333337
1151.0,-0.019803960792158515
1155.0,318.6666666666667
1160.0,40.8
1161.0,2.4809188588366067
1162.0,1.5529787234042551
1170.0,0.6363636363636362
1173.0,0.08983957219251337
1175.0,0.26607319485657777
1180.0,824.0
1183.0,4.976331360946746
1186.0,1.0416666666666665
1187.0,-0.12583333333333324
1190.0,11.5
1196.0,1.0
1205.0,0.4358974358974359
1209.0,6.2
1210.0,0.33333333333333326
1211.0,0.6666666666666665
1212.0,78.3103448275862
1215.0,210.4181818181818
1216.0,2.0
1225.0,39.0
1234.0,0.10000000000000009
1236.0,-0.5454545454545454
1238.0,4.617977528089887
1240.0,0.4375
1241.0,20.8
1243.0,1.741612903225806
1244.0,5.5
1251.0,6.1035517758879445
1253.0,1.3676960997535161
1254.0,178.99997381818562
1256.0,0.3333333333333335
1257.0,0.26666666666666683
1261.0,0.13627272727272732
1266.0,499.0
1267.0,3.996152366294729
1269.0,3.12
1270.0,1499.0
1271.0,1.2988505747126435
1275.0,10.998333333333333
1279.0,0.2974000000000001
1280.0,0.10416666666666674
1287.0,1.8634918202367725
1288.0,0.0
1289.0,0.37127538921538306
1290.0,486.6
1299.0,98.8
1302.0,4.483870967741935
1308.0,0.9230769230769231
1315.0,498.9
1316.0,8.9
1319.0,0.1292372881355932
1320.0,0.3006503251625814
1321.0,-0.16216216216216217
1324.0,16.31125
1325.0,0.30947368421052635
1326.0,4.052631578947368
1328.0,1.0
1330.0,5.0
1334.0,0.45833333333333326
1335.0,0.99
1338.0,391.85714285714283
1340.0,-0.4936666666666667
1345.0,0.043749999999999956
1349.0,22.9
1350.0,1.2489999999999997
1351.0,35.3
1353.0,85.0
1360.0,1.411111111111111
1361.0,-0.18918918918918914
1362.0,590.25
1369.0,914.3636363636364
1370.0,-0.052631578947368474
1374.0,0.3999999999999999
1376.0,89849999998.99998
1378.0,0.09600000000000009
1379.0,8.795918367346937
1385.0,213.28571428571428
1386.0,3.4658806716684536
1387.0,163.28571428571428
1388.0,0.9008264462809921
1389.0,0.3484126984126983
1392.0,118.98333333333333
1394.0,323.0
1396.0,1.4024024024024024
1397.0,235.89411764705883
1398.0,262.5454545454545
1401.0,1436.5
1402.0,0.017391304347825987
1403.0,-0.022222222222222254
1407.0,0.19999999999999996
1416.0,16.666666666666668
1417.0,124.42222222222222
1420.0,0.10439674932277554
1422.0,2499.0
1424.0,103.16666666666667
1425.0,-0.16666666666666663
1426.0,557.3333333333334
1430.0,859.126582278481
1435.0,0.3091666666666668
1436.0,63.0
1439.0,1.4988636363636365
1440.0,39.8
1443.0,25.0
1446.0,1.2563386834147474
1447.0,33.0
1448.0,0.21999999999999997
1451.0,-0.07692307692307687
1454.0,1.9580000000000002
1456.0,0.9492656875834447
1458.0,29.0
1462.0,95.99
1463.0,431.0
1464.0,363.8
1467.0,69.0
1469.0,98.89999999999999
1473.0,4.178571428571429
1474.0,448.9
1475.0,2.956896551724138
1476.0,1.4565713283032111
1479.0,1.0
1480.0,607.6363636363636
1482.0,242.8181463537242
1489.0,2.13030303030303
1490.0,5.0
1495.0,0.30819545979222784
1502.0,15.39
1504.0,0.908763505402161
1507.0,768.2307692307692
1509.0,0.04615384615384621
1510.0,0.349
1512.0,-0.5704057279236276
1513.0,0.041458333333333375
1514.0,1.25
1516.0,2.877551020408163
1517.0,1.0
1519.0,2.56
1520.0,531.9333333333334
1521.0,2.6681818181818184
1522.0,54.6
1523.0,0.05882352941176472
1524.0,0.3580246913580247
1527.0,0.26
1532.0,28.0
1533.0,31.520000000000003
1535.0,0.04349717268377562
1537.0,39.0
1539.0,-0.5714285714285714
1546.0,3.406896551724138
1548.0,18.696
1552.0,-0.06210921217173815
1555.0,0.5360745001718308
1557.0,304.99995549091557
1558.0,332.33333333333337
1561.0,2.0332261521972135
1564.0,-0.09303101033677885
1565.0,1.0277777777777777
1566.0,1.0
1575.0,495.21428571428567
1580.0,768.5
1581.0,1.0
1585.0,207.1598774907261
1586.0,287.8888888888889
1587.0,0.25
1588.0,3.6313449425713227
1589.0,319.0
1590.0,19.0
1592.0,270.875
1594.0,9.825000000000001
1605.0,221.5
1610.0,3.833333333333333
1611.0,0.8723404255319149
1613.0,5.790123456790123
1614.0,0.09170305676855905
1615.0,956.7464788732395
1617.0,0.05555555555555558
1618.0,-0.060799999999999965
1622.0,0.16279069767441867
1623.0,2.2547169811320753
1624.0,125.92307692307692
1625.0,63.93506493506493
1626.0,0.3328484848484847
1630.0,35.0
1631.0,699.0
1633.0,293.11764705882354
1636.0,12.380281690140846
1638.0,0.6399999999999999
1639.0,0.3176823176823178
1640.0,30.400000000000002
1642.0,6.163636363636363
1648.0,55.09756097560976
1649.0,1.401921537229784
1650.0,74.60975609756098
1651.0,0.6025641025641026
1665.0,0.2734864300626305
1667.0,4.630769230769231
1672.0,195.36360780165705
1673.0,0.15200000000000014
1676.0,2.128205128205128
1677.0,1065.0
1683.0,59.0
1684.0,25.845637583892618
1689.0,4.083707635769702
1690.0,125.66666666666667
1691.0,3.001600640256103
1692.0,304.0181374519073
1693.0,4.47879942829919
1695.0,220.89087681587247
1696.0,0.5316483516483517
1697.0,11.491666666666665
1702.0,152.20000000000002
1703.0,4.733333333333333
1704.0,41.5
1710.0,445.33333333333337
1711.0,1.3336296954878861
1716.0,6.43625
1719.0,0.33333333333333326
1721.0,1.0
1722.0,0.47
1728.0,1.5675675675675675
1735.0,5.742285714285714
1737.0,62.41463414634147
1739.0,-0.03527454242928463
1743.0,1.462311557788945
1744.0,1.9158333333333335
1745.0,1.6829268292682928
1749.0,3.5022511255627817
1750.0,3.1042105263157893
1752.0,3.9770833333333337
1753.0,0.48133897652943447
1757.0,2.3846153846153846
1760.0,2.7249999999999996
1764.0,16.292134831460675
1765.0,0.26507796410709017
1766.0,0.35466860623693064
1767.0,1115.8000000000002
1769.0,335.0
1770.0,1131.6666666666667
1771.0,1.142121212121212
1773.0,58.15
1775.0,0.2549999999999999
1776.0,0.7142857142857142
1777.0,1.3793103448275863
1778.0,265.5333333333333
1780.0,299.0
1781.0,588.2857142857142
1782.0,176.77777777777777
1784.0,6.3076923076923075
1786.0,3.0
1788.0,85.66666666666667
1791.0,291.6666666666667
1793.0,4.194305502116199
1794.0,3.052631578947368
1796.0,351.0
1797.0,61.5
1798.0,4.0
1802.0,128.99
1803.0,3.105263157894737
1804.0,1.2391304347826089
1805.0,257.54541693884846
1808.0,184.0666666666667
1812.0,41.0
1813.0,0.17588235294117638
1814.0,14.037593984962406
1817.0,0.08108108108108114
1824.0,0.56
1825.0,55.25
1828.0,6.9911111111111115
1829.0,0.1573684210526316
1830.0,805.5333333333334
1831.0,1.3611111111111112
1833.0,9.725
1834.0,689.9090909090909
1836.0,1172.3333333333335
1839.0,4.538461538461538
1841.0,3.8
1842.0,-0.15000000000000002
1845.0,59.0
1846.0,0.25
1848.0,217.15996826764098
1851.0,0.1200000000000001
1852.0,599.0
1853.0,532.3333333333334
1855.0,267.3635973289313
1857.0,1112.3333333333335
1859.0,265.6666666666667
1860.0,10.8
1862.0,0.25
1870.0,183.2857142857143
1872.0,574.0
1874.0,385.6666666666667
1875.0,0.6666666666666667
1878.0,2.142857142857143
1880.0,155.66666666666669
1881.0,4.323529411764706
1884.0,2.6483783783783785
1886.0,449.0
1889.0,0.7196
1890.0,152.84615384615384
1891.0,73.975
1898.0,2.598
1901.0,1.45679012345679
1902.0,1.1999999999999997
1903.0,-0.30000000000000004
1904.0,85.66666666666667
1905.0,417.9090299768684
1908.0,4.2727272727272725
1912.0,719.0
1915.0,-0.45504087193460485
1932.0,26.755555555555556
1934.0,13.375
1936.0,0.08695652173913038
1937.0,0.08333333333333326
1941.0,1.6666666666666665
1942.0,1.9993333333333334
1943.0,0.00801652892561977
1944.0,33.09090909090909
1946.0,7.148148148148149
1951.0,7.181818181818182
1961.0,3.5217391304347823
1963.0,55.09756097560976
1965.0,-0.13
1966.0,10.568409343715238
1967.0,2.558718861209964
1970.0,3.6500000000000004
1979.0,1.0833333333333335
1981.0,-0.19999999999999996
1987.0,3.761904761904762
1991.0,2.64
1995.0,-0.3851851851851852
2000.0,299.0
2006.0,5.0
2008.0,165.6
2011.0,0.1200000000000001
2013.0,0.35416666666666674
2015.0,1.3902439024390243
2016.0,256.0571428571429
2017.0,0.35578947368421066
2023.0,3.3159090909090914
2028.0,884.0
2031.0,24.423728813559322
2036.0,346.96296296296293
2037.0,2.604166666666667
2039.0,4.431926924749892
2041.0,0.3098356751607525
2042.0,1.875
2043.0,75.36363636363636
2044.0,1.3749999999999996
2045.0,228.6166666666667
2047.0,0.23531970421922588
2050.0,122.84615384615385
2054.0,18.833333333333336
2055.0,540.6666666666667
2058.0,-0.3318284424379232
2061.0,553.4545454545455
2065.0,-0.04338153503893216
2067.0,71.17272727272727
2068.0,5.452042580645161
2069.0,24.789473684210527
2070.0,265.6666666666667
2076.0,53.54545454545454
2079.0,2.226470588235294
2080.0,741.0
2086.0,2.1363636363636362
2088.0,165.58333333333331
2094.0,699.0
2097.0,142.33333333333334
2099.0,816.2727272727274
2102.0,949.0
2103.0,374.0
2106.0,56.5
2108.0,3.45
2110.0,2.7
2111.0,999.0
2112.0,0.7241379310344827
2113.0,93.45945945945947
2125.0,4.138
2126.0,4.599333333333333
2127.0,283.0909090909091
2128.0,63.705882352941174
2129.0,21.549019607843135
2135.0,79.3030303030303
2136.0,154.53333333333333
2139.0,699.0
2140.0,3.0
2141.0,39.25
2142.0,264.95744680851067
2149.0,52.0
2150.0,0.125
2151.0,4.363636363636363
2153.0,5.59090909090909
2154.0,1.7777777777777777
2156.0,6.495
2158.0,57.333333333333336
2160.0,1.7618421052631579
2161.0,4.0
2163.0,0.07466063348416285
2168.0,48.97826086956521
2172.0,231.55813953488374
2173.0,3.083333333333334
2175.0,2.675675675675676
2177.0,103.0
2182.0,4.304637769020915
2184.0,92.6875
2188.0,7.888888888888889
2190.0,0.33333333333333326
2191.0,0.53125
2193.0,0.11603292826342604
2194.0,3.7636363636363637
2196.0,1.1818181818181817
2200.0,999.0
2202.0,9.0
2205.0,7.166666666666668
2207.0,-0.4
2209.0,191.22222222222223
2210.0,137.34615384615384
2211.0,-0.19095238095238098
2212.0,137.88888888888889
2213.0,0.37475000000000014
2216.0,-0.19999999999999996
2220.0,1.8899999999999997
2221.0,4.1954477981197424
2222.0,5.149732620320855
2223.0,236.5
2224.0,0.3097072419106317
2227.0,249.0
2228.0,51.72727272727272
2230.0,-0.2454545454545456
2231.0,0.9909090909090907
2233.0,218.23996811055008
2235.0,47.0
2236.0,0.5800000000000001
2237.0,1.0270270270270272
2238.0,160.79775280898878
2241.0,31.278688524590166
2245.0,65.66666666666667
2248.0,3.152105263157895
2249.0,8.5
2250.0,0.01333333333333342
2253.0,4.384615384615385
2257.0,2.9411764705882355
2259.0,7.291666666666666
2261.0,125.92307692307692
2263.0,13.554794520547945
2268.0,0.4001400140014002
2275.0,0.01980198019801982
2276.0,0.9565217391304348
2279.0,-0.03448275862068961
2280.0,428.7872340425532
2281.0,0.5835972662110351
2285.0,126.27272727272727
2286.0,171.3684210526316
2287.0,51.0
2289.0,12.333333333333334
2290.0,98.77272727272727
2291.0,4.4923076923076914
2292.0,28.23076923076923
2294.0,0.8333333333333333
2297.0,489.0
2302.0,97.18181818181817
2303.0,97.0
2306.0,2.688
2308.0,164.85365853658539
2309.0,0.5
2310.0,3799.0
2311.0,2.536949347108624
2313.0,15.625
2314.0,0.8516666666666666
2315.0,21.033333333333335
2317.0,7.845794392523365
2320.0,3.49
2321.0,131.72727272727272
2325.0,2.463157894736842
2326.0,36.5
2327.0,679.0
2328.0,47.024390243902445
2329.0,179.0
2333.0,0.8095238095238095
2336.0,13.813999999999998
2338.0,599.0
2339.0,13.634146341463415
2340.0,32.064516129032256
2342.0,225.36363636363635
2343.0,699.0
2347.0,194.11904761904762
2348.0,2.948780487804878
2350.0,0.5995555555555556
2351.0,922.0769230769231
2353.0,1.4545454545454546
2354.0,838.6
2358.0,0.10526315789473695
2363.0,0.18421675903557388
2366.0,1.8040540540540535
2367.0,1.3076923076923075
2373.0,364.8536585365854
2374.0,45.3
2376.0,778.5
2377.0,319.0
2378.0,46.0
2379.0,762.1818181818182
2381.0,0.7948717948717949
2382.0,4.733333333333333
2386.0,17.11764705882353
2388.0,35.66666666666667
2389.0,299.0
2390.0,4.076923076923077
2392.0,449.0
2394.0,0.6068376068376069
2396.0,0.9512195121951219
2397.0,194.0
2398.0,10.538461538461538
2402.0,5.444444444444445
2404.0,153.11111111111111
2405.0,387.8888888888889
2406.0,308.98
2407.0,8.285714285714286
2408.0,1554.5555555555557
2409.0,0.17899249732047173
2410.0,-0.4137931034482759
2414.0,175.45098039215685
2416.0,227.88
2417.0,108.95
2420.0,1.5
2421.0,493.9090909090909
2423.0,23.5
2424.0,3249.0
2426.0,2.9855072463768115
2429.0,5.554285714285714
2430.0,11.17948717948718
2435.0,1.8332857142857142
2438.0,0.6142857142857143
2440.0,3.9596
2441.0,0.5733333333333333
2443.0,134.2
2444.0,66.33333333333333
2445.0,0.8963337547408343
2447.0,170.8181818181818
2450.0,9.832500000000001
2452.0,64.0
2457.0,653.0909090909091
2458.0,1130.8181818181818
2462.0,77.125
2464.0,2.888888888888889
2466.0,1.4
2469.0,40.15384615384615
2471.0,9.76153846153846
2473.0,466.5806451612903
2474.0,0.13636363636363646
2475.0,89.0
2476.0,15.453488372093023
2478.0,6.142857142857143
2480.0,865.4166666666667
2481.0,767.4615384615385
2482.0,0.24749999999999983
2483.0,49.576470588235296
2484.0,15.0
2486.0,64.5625
2488.0,2.967741935483871
2489.0,89.4
2490.0,11.6725
2493.0,-0.044117647058823484
2498.0,0.2942610616940631
2499.0,3.352941176470588
2501.0,593.8
2502.0,5.818181818181818
2503.0,63.629999999999995
2504.0,32.333333333333336
2505.0,0.5011764705882353
2506.0,-0.16326530612244894
2513.0,-0.2509786863853849
2522.0,680.1111111111111
2523.0,2.076923076923077
2524.0,203.21815211372333
2528.0,1041.8571428571427
2529.0,36.66233766233766
2531.0,0.0708333333333333
2534.0,415.6666666666667
2535.0,5.0
2537.0,0.0035087719298245723
2539.0,1737.9130434782608
2540.0,18.23076923076923
2541.0,0.6002400960384155
2542.0,4.190476190476191
2544.0,0.5272727272727273
2546.0,0.41673469387755113
2548.0,0.19999999999999996
2550.0,3.166666666666667
2553.0,1526.75
2556.0,1.4
2557.0,4.572755417956657
2558.0,6.8125
2565.0,791.3076923076923
2568.0,114.7936507936508
2569.0,-0.0748888888888889
2570.0,121.2
2572.0,2.7291666666666665
2575.0,4.294117647058823
2577.0,247.0
2579.0,2.6697247706422016
2580.0,88.6103896103896
2581.0,24.0
2582.0,23.95
2584.0,94.99333333333334
2586.0,151.53333333333333
2587.0,56.85416666666667
2588.0,0.019230769230769162
2589.0,119.0
2591.0,2.9986666666666664
2592.0,1.1538461538461537
2593.0,2.522727272727273
2595.0,199.0
2598.0,0.7
2599.0,5.891084337349398
2603.0,1.4666666666666668
2607.0,2.7249999999999996
2609.0,9.526315789473685
2612.0,0.08275862068965512
2614.0,249.0
2616.0,7.4
2619.0,1410.764705882353
2621.0,1.0256410256410255
2624.0,639.0
2626.0,0.013910856957456197
2631.0,-0.3413793103448275
2632.0,2.3157894736842106
2633.0,6.198666666666667
2634.0,10.375
2635.0,3.1763157894736835
2636.0,6.817391304347826
2637.0,24.0
2639.0,1.457627118644068
2640.0,2.978494623655914
2641.0,1.7906976744186047
2645.0,0.5555555555555556
2647.0,2.4151898734177215
2648.0,1.511688311688312
2652.0,8.876543209876544
2653.0,2.525
2654.0,13.32
2659.0,103.39999999999999
2660.0,0.30434782608695654
2661.0,121.53521126760565
2668.0,2.5500000000000003
2669.0,36.07142857142857
2670.0,1.4666666666666668
2671.0,1.4333333333333336
2672.0,228.71428571428575
2673.0,67.75
2674.0,643.6
2677.0,1.008695652173913
2679.0,228.09087576859991
2681.0,9.843373493975903
2683.0,-0.04761904761904767
2684.0,2.875364735306378
2686.0,1.1824795392543193
2688.0,1248.5
2689.0,798.5
2695.0,18.76
2698.0,1.2222222222222223
2699.0,0.3345
2702.0,1.512562814070352
2707.0,4.265929436545551
2713.0,4.78421052631579
2714.0,23.88
2715.0,14.353947368421053
2719.0,0.8181818181818181
2720.0,-0.19999999999999996
2721.0,1.9211684673869551
2724.0,228.83333333333334
2726.0,4.135730007336757
2728.0,827.2142857142857
2729.0,19.0
2730.0,2.0
2733.0,35.79245283018868
2735.0,705.4673913043479
2738.0,7.2981132075471695
2743.0,-0.999999658502932
2744.0,13.278571428571428
2745.0,0.2407407407407407
2746.0,1.9999999999999996
2749.0,0.21904761904761916
2750.0,5.999999999999999
2752.0,13.285714285714286
2753.0,74.0
2758.0,10.446153846153846
2760.0,21.413793103448278
2761.0,1.7599999999999998
2762.0,58.090909090909086
2766.0,-0.09999999999999998
2767.0,3.6313449425713227
2768.0,1.5
2769.0,20.130856067732815
2770.0,74.0
2771.0,2.677966101694915
2772.0,61.82857142857143
2773.0,7.883333333333333
2774.0,3.6944444444444446
2776.0,4.418706293706294
2777.0,0.26984126984127
2778.0,5.0
2780.0,0.09949999999999992
2781.0,2.7037037037037037
2782.0,22.21212121212121
2785.0,161.8148148148148
2787.0,154.55555555555554
2788.0,41.96296296296296
2789.0,22.613846153846175
2790.0,10.545
2795.0,443.5
2801.0,0.7499999999999998
2805.0,3.790473684210527
2806.0,4.3476
2808.0,-0.4
2816.0,0.0764305722288916
2817.0,1.6666666666666665
2819.0,22.0
2820.0,0.8459999999999999
2824.0,22.500799999999998
2825.0,365.6666666666667
2826.0,-0.42307692307692313
2829.0,0.18811881188118806
2831.0,-0.125
2832.0,950.2666666666667
2833.0,2.4899999999999998
2834.0,1307.1818181818182
2835.0,0.3678947368421053
2845.0,91.59259259259258
2848.0,532.3333333333333
2850.0,116.475
2852.0,0.06666666666666665
2853.0,960.1538461538462
2855.0,34.666666666666664
2856.0,269.0
2860.0,359.78431372549016
2862.0,80.66666666666667
2863.0,241.25
2864.0,0.06666666666666665
2867.0,0.4285714285714286
2870.0,0.07747562852745005
2871.0,1.0
2872.0,0.375
2873.0,306.5
2875.0,13.142857142857144
2876.0,87.54166666666667
2877.0,5.976744186046512
2878.0,0.3472222222222223
2879.0,5.25
2880.0,-0.0837500000000001
2881.0,0.845018450184502
2883.0,331.8333333333333
2887.0,1.0
2888.0,236.8571428571429
2890.0,74.625
2892.0,19.0
2895.0,1.0434782608695654
2904.0,0.3475999999999999
2905.0,16.5
2906.0,5.0
2907.0,444.8666666666667
2911.0,12.043478260869565
2913.0,461.8
2914.0,4.89
2915.0,11.791991101223582
2916.0,479.0
2917.0,-0.4
2921.0,88.39999999999999
2924.0,29.0
2927.0,0.7071428571428571
2929.0,18.4
2930.0,1.1047368421052632
2932.0,0.7237931034482759
2934.0,0.22999999999999998
2936.0,298.8571428571429
2937.0,62.48571428571429
2939.0,47.27586466165413
2942.0,105.85714285714286
2944.0,10.007462686567164
2946.0,116.85714285714285
2947.0,9.785714285714286
2948.0,88.95
2949.0,11.12
2950.0,5.115107913669065
2953.0,149.0
2956.0,30.666666666666664
2959.0,336.5
2961.0,112.33333333333334
2963.0,-0.09095502779181408
2964.0,23.129032258064516
2965.0,20.214285714285715
2966.0,0.0
2968.0,0.19999999999999996
2969.0,168.23076923076923
2970.0,1.8255813953488373
2971.0,15.333333333333332
2975.0,216.7742193755004
2976.0,305.8181818181818
2978.0,0.36585365853658547
2979.0,33.24913494809689
2980.0,4.341614906832297
2981.0,16.6
2982.0,30.375
2984.0,18.09090909090909
2986.0,12.659999999999998
2989.0,499.320256204964
2990.0,1.5105
2994.0,167.75
2995.0,0.7391304347826089
2996.0,777.125
2997.0,549.0
2998.0,-0.2214285714285713
2999.0,3.6545454545454543
3000.0,0.9507042253521127
3001.0,2.0408503543142977
3002.0,-0.33333333333333326
3003.0,83.96666666666667
3004.0,0.2564102564102564
3007.0,0.33333333333333326
3008.0,0.18918918918918926
3009.0,-0.31313131313131315
3010.0,479.0
3011.0,28.0
3013.0,0.09999999999999987
3015.0,99.0
3018.0,0.18675799086757983
3020.0,0.19565217391304346
3021.0,5.425
3022.0,5.595744680851064
3028.0,1.459016393442623
3029.0,243.1176470588235
3030.0,2.166333333333333
3033.0,8.196787148594376
3034.0,33.027221777421936
3039.0,7.99
3041.0,534.7142857142857
3042.0,111.08967173738992
3044.0,10.612903225806452
3046.0,447.3157894736842
3048.0,287.8888888888889
3049.0,34.714285714285715
3050.0,-0.00454545454545463
3051.0,-0.22772727272727267
3052.0,1.8666666666666667
3054.0,1095.4771817453961
3056.0,157.73000000000002
3059.0,0.48484848484848486
3062.0,-0.5
3064.0,1.4396194193705782
3073.0,60.111111111111114
3075.0,0.9750000000000001
3080.0,23.35483870967742
3081.0,20.071428571428573
3082.0,2.75
3083.0,0.6666666666666667
3084.0,1.2508038585209005
3086.0,2.250965250965251
3091.0,4.63063063063063
3092.0,40.37931034482759
3094.0,0.28205128205128194
3095.0,5.0
3096.0,0.4417670682730921
3097.0,229.0
3099.0,7.220000000000001
3100.0,524.0
3104.0,2.5999999999999996
3106.0,47.0
3107.0,-0.35
3109.0,1.0014295925661187
3110.0,-0.4
3113.0,2.7546933667083855
3114.0,0.11737307871448532
3117.0,634.0
3123.0,0.625
3125.0,30.686046511627907
3126.0,27.729885057471265
3129.0,0.08333333333333326
3132.0,1436.5
3133.0,48.977777777777774
3134.0,1529.0
3139.0,-0.16666666666666663
3140.0,14.686274509803921
3142.0,1.3308270676691727
3144.0,34.0
3145.0,85.27450980392156
3150.0,-0.08966772872098316
3152.0,18.333333333333332
3155.0,9.44226044226044
3156.0,0.625
3157.0,0.9047619047619047
3159.0,211.375
3160.0,-0.012499999999999956
3161.0,4.870588235294118
3162.0,195.15692554043235
3166.0,44.46938775510204
3167.0,0.1428571428571428
3168.0,0.022926829268292703
3169.0,1.2060050041701418
3173.0,131.3076923076923
3175.0,1121.2222222222222
3177.0,181.85714285714286
3179.0,84.88235294117646
3185.0,729.7692307692307
3188.0,0.07407407407407418
3192.0,24.0
3193.0,166.54054054054055
3194.0,0.03299999999999992
3195.0,3.5950864422202002
3199.0,26.77777777777778
3201.0,0.6800000000000002
3202.0,4.555
3203.0,0.9311965811965812
3204.0,1476.6666666666667
3206.0,349.0
3207.0,0.199400299850075
3208.0,3.9788135593220337
3209.0,0.3157894736842106
3213.0,1.4363013698630138
3215.0,5.66
3217.0,20.03448275862069
3218.0,158.93333333333334
3219.0,2.6846153846153844
3221.0,13.251533742331288
3223.0,249.0
3224.0,3.166666666666667
3226.0,1499.0
3227.0,792.3333333333334
3228.0,254.33333333333334
3230.0,0.8846153846153846
3233.0,845.1538461538461
3234.0,72.46153846153847
3235.0,127.57142857142856
3237.0,0.49849999999999994
3238.0,551.5333333333333
3239.0,1037.3846153846155
3241.0,2397.6666666666665
3242.0,0.020618556701030855
3245.0,223.875
3246.0,467.0
3248.0,0.30818181818181833
3250.0,1.5641025641025643
3253.0,0.3333333333333335
3254.0,20.975
3255.0,91.15686274509804
3256.0,0.3999999999999999
3257.0,129.0
3258.0,7.670848708487084
3259.0,9.03344481605351
3260.0,4.411764705882352
3261.0,2.2362897765741367
3262.0,11.5125
3263.0,-0.029629629629629672
3268.0,3.615384615384615
3269.0,214.125
3273.0,4.757575757575758
3276.0,149.0
3277.0,1.2511255627813909
3280.0,46.5
3286.0,0.15384615384615374
3291.0,317.1818181818182
3293.0,249.0
3295.0,162.33333333333334
3302.0,0.05265929436545558
3304.0,-0.2666666666666666
3305.0,0.6666666666666667
3306.0,769.3333333333334
3307.0,17.999000000000002
3308.0,0.26086956521739135
3310.0,80.57894736842105
3311.0,1.2372881355932202
3312.0,45.0
3314.0,2.536345776031434
3315.0,0.6100671140939595
3316.0,0.45185185185185195
3317.0,524.0
3318.0,1.7999999999999998
3320.0,57.57142857142856
3321.0,0.5
3323.0,132.33333333333334
3324.0,2.257142857142857
3325.0,-0.06666666666666654
3326.0,1239.0
3327.0,832.0
3329.0,1.4070370370370369
3330.0,554.55
3331.0,1.8571428571428572
3332.0,207.42105263157896
3333.0,10.665
3334.0,151.12169735788632
3336.0,3.0
3337.0,1.6621621621621623
3338.0,71.75574112734864
3339.0,2.803056027164686
3340.0,5.999999999999999
3342.0,16.5
3343.0,0.8518518518518519
3344.0,8.062727272727273
3345.0,-0.11293577981651381
3346.0,2.687150837988827
3347.0,1.5396825396825395
3350.0,177.49613492621222
3353.0,104.48888888888888
3355.0,54.32
3356.0,298.1142857142857
3357.0,6.06896551724138
3360.0,0.045454545454545414
3361.0,55.52173913043479
3362.0,4.395833333333333
3364.0,16.904761904761905
3365.0,90.02564102564102
3366.0,219.9090909090909
3368.0,2.601309567115315
3369.0,24.641025641025642
3370.0,191.85714285714283
3371.0,0.6666666666666667
3373.0,2.75
3376.0,14.686274509803921
3378.0,421.4299065420561
3379.0,3.997826086956522
3380.0,754.0
3382.0,59.0
3383.0,18.166666666666668
3384.0,359.0
3386.0,0.5552000000000001
3387.0,373.9
3389.0,267.5714285714286
3392.0,202.75
3395.0,94.0
3397.0,2.952
3399.0,169.73809523809524
3406.0,1.8316666666666666
3407.0,4.208333333333334
3408.0,0.01521739130434785
3409.0,0.6470588235294117
3413.0,144.625
3416.0,151.0
3417.0,0.625
3418.0,0.06073752711496727
3419.0,402.2258064516129
3420.0,4.428571428571429
3421.0,376.93333333333334
3422.0,62.125
3425.0,0.6243902439024391
3428.0,62.26666666666667
3429.0,114.0
3433.0,49.45454545454545
3438.0,1044.4545454545455
3439.0,48.0
3440.0,14.555555555555555
3441.0,3.4444444444444446
3444.0,1149.1
3445.0,12.253333333333332
3448.0,0.04705882352941182
3449.0,0.07608695652173902
3450.0,3.0476190476190474
3453.0,90.42857142857143
3454.0,499.0
3455.0,6.79
3458.0,0.46888135593220337
3459.0,0.0865217391304347
3460.0,2.1872340425531918
3463.0,0.2807017543859649
3464.0,15.940000000000001
3467.0,4.598
3468.0,2.6363636363636362
3469.0,0.6428571428571428
3470.0,1.3983333333333334
3471.0,1.8571428571428572
3473.0,14.642857142857142
3474.0,46.5
3478.0,-0.21621621621621623
3482.0,12.529411764705882
3484.0,0.18113088675381928
3490.0,209.0
3491.0,1.7782187648833148
3492.0,18.083333333333332
3496.0,0.5525221161169371
3497.0,201.17391304347825
3498.0,47.14666666666667
3499.0,0.256281407035176
3500.0,61.5
3501.0,1.2483333333333335
3502.0,1.3076923076923075
3504.0,54.0
3507.0,694.6086956521739
3508.0,0.33388912046686126
3509.0,81.95
3511.0,2.4999999999999996
3512.0,50.76470588235294
3513.0,0.8367346938775511
3514.0,0.0345611641655299
3515.0,1.4390243902439024
3517.0,-0.10628790296840085
3519.0,0.03614457831325302
3520.0,0.7777777777777777
3521.0,15.5
3523.0,29.833333333333336
3526.0,0.254079254079254
3527.0,0.08514285714285696
3529.0,1.0526315789473686
3530.0,95.66666666666667
3532.0,0.4295439074200136
3533.0,27.666666666666668
3534.0,0.250625312655828
3536.0,2.9615384615384617
3539.0,5.2475
3542.0,999.0
3543.0,3.2714285714285722
3544.0,499.0
3545.0,3.749999999999999
3546.0,2.8181818181818183
3548.0,0.714
3549.0,0.767241379310345
3558.0,3.166666666666667
3559.0,25.0
3561.0,16.921146953405017
3563.0,3.875
3565.0,44.714285714285715
3569.0,54.8
3571.0,30.818181818181817
3572.0,29.9375
3576.0,18.047619047619047
3577.0,59.22727272727273
3578.0,249.0
3579.0,0.9148936170212767
3580.0,38.97959183673469
3581.0,173.3125
3583.0,0.4776119402985075
3586.0,0.5569395017793595
3587.0,419.0
3588.0,7.800000000000001
3589.0,19.5
3592.0,9.0
3596.0,114.98787399499143
3599.0,-0.011363636363636354
3601.0,0.3333333333333335
3604.0,3.9929411764705875
3606.0,1.882222222222222
3608.0,-0.0671641791044777
3609.0,0.016260162601626105
3612.0,45.300000000000004
3613.0,14.0
3614.0,65.60000000000001
3615.0,10.789743589743589
3616.0,-0.17882352941176471
3617.0,0.19999999999999996
3618.0,165.64999999999998
3619.0,0.13333333333333353
3621.0,1099.0
3622.0,4.229411764705882
3623.0,74.0
3626.0,2.376699029126214
3628.0,0.25
3631.0,1.5
3632.0,1.9285714285714284
3633.0,86.5
3634.0,3.7054117647058824
3638.0,662.3333333333334
3639.0,430.09374999999994
3641.0,49.0
3645.0,0.6000000000000001
3649.0,1.4749999999999996
3650.0,-0.05038461538461536
3651.0,69.0
3653.0,274.86206896551727
3655.0,4.681818181818182
3658.0,7.5
3661.0,7.181818181818182
3662.0,249.0
3663.0,1.4324324324324325
3664.0,1.5
3665.0,2.3000000000000003
3667.0,321.22222222222223
3668.0,1.5
3669.0,64.0
3670.0,11.343096234309623
3671.0,64.0
3672.0,0.33333333333333326
3675.0,768.2307692307692
3676.0,31.2349570200573
3677.0,99.04001600640255
3680.0,17.18181818181818
3681.0,10.0
3682.0,224.0
3683.0,5.8965517241379315
3686.0,82.33333333333334
3693.0,298.9
3695.0,36.03703703703704
3696.0,0.16249999999999987
3697.0,1.0
3699.0,94.22857142857143
3700.0,0.47058823529411775
3702.0,-0.9999999961194029
3704.0,2.33
3705.0,139.0
3707.0,1.3333333333333335
3708.0,4.282112845138055
3709.0,0.5555555555555556
3711.0,84.71428571428572
3712.0,2.535714285714285
3715.0,48.974999999999994
3718.0,0.9750000000000001
3722.0,181.5
3728.0,36.475
3730.0,219.0
3731.0,453.54545454545456
3732.0,469.0
3736.0,5.064516129032258
3737.0,10.69322033898305
3740.0,-0.10024849990908546
3742.0,0.2195121951219512
3744.0,40.343669250645995
3750.0,104.33333333333333
3751.0,42.98
3752.0,401.13043478260863
3753.0,46.98
3754.0,199.0
3755.0,0.1499999999999999
3756.0,9.0
3757.0,1.4
3759.0,440.0
3760.0,0.8333333333333335
3762.0,80.5151515151515
3763.0,1.4827586206896552
3766.0,249.0
3767.0,709.0
3768.0,13.725454545454545
3769.0,39.5
3770.0,3.406440677966102
3771.0,32.8
3774.0,51.159090909090914
3780.0,13.982608695652173
3782.0,24.714285714285715
3783.0,3332.333333333333
3784.0,356.14285714285717
3787.0,16.0
3788.0,7.0
3790.0,1918.0
3793.0,1.2000000000000002
3794.0,1.0648192771084335
3795.0,110.12222222222222
3796.0,1436.5
3797.0,67.0
3799.0,978.5
3800.0,4.285714285714286
3802.0,221.38178583537663
3804.0,3.2358078602620086
3806.0,6.2727272727272725
3807.0,2.026315789473684
3808.0,259.0
3812.0,85.0
3817.0,1.942857142857143
3819.0,157.18181818181816
3822.0,1799.0
3823.0,3.2857142857142856
3824.0,1.272727272727273
3825.0,359.0
3826.0,24.42857142857143
3829.0,0.3333333333333335
3831.0,849.0
3832.0,56.22222222222222
3833.0,382.29999999999995
3834.0,3.298974358974359
3836.0,2.0812500000000003
3839.0,3.0
3841.0,29.5
3842.0,2.064708386547467
3844.0,60.45652173913043
3845.0,671.7272727272727
3846.0,211.85714285714286
3851.0,103.0
3853.0,13.7
3854.0,317.0
3855.0,22.637274549098198
3856.0,83.9
3857.0,183.06172839506172
3859.0,0.10653325485579757
3860.0,3.333333333333333
3866.0,23.903474903474905
3868.0,0.125
3871.0,0.626625
3873.0,1.9661016949152543
3874.0,2.0434782608695654
3878.0,53.96875
3879.0,1.8571428571428572
3886.0,1.9069767441860468
3897.0,868.5
3899.0,187.88888888888889
3901.0,999.0
3904.0,2.8
3905.0,0.10588235294117654
3906.0,154.55555555555554
3907.0,52.57142857142858
3910.0,0.11542901115813775
3914.0,999.0
3915.0,243.22222222222223
3917.0,1.9813208805870577
3920.0,1528.9655555555555
3921.0,0.4710526315789474
3922.0,317.0
3923.0,-0.09999999999999998
3924.0,6.362637362637362
3927.0,29.666
3929.0,7.60014409221902
3931.0,1299.0
3932.0,477.0
3936.0,0.0714285714285714
3937.0,531.1428571428571
3938.0,298.8
3941.0,90.95402298850574
3944.0,2.2
3946.0,23.0
3949.0,0.1333333333333333
3951.0,0.04817204301075284
3952.0,1.3076923076923075
3956.0,0.10256410256410264
3958.0,0.03383458646616533
3959.0,0.1842105263157896
3964.0,16.307692307692307
3965.0,13.571428571428571
3966.0,0.16112903225806452
3968.0,499.0
3969.0,0.4338823529411764
3970.0,-0.18882352941176472
3976.0,3.2836734693877556
3978.0,0.75
3980.0,0.40950667266456753
3982.0,0.38095238095238093
3985.0,2.3685185185185187
3986.0,5.619290780141844
3988.0,0.5384615384615385
3989.0,0.13636363636363646
3994.0,0.3211249999999999
3995.0,1.1111111111111112
3997.0,2.466666666666667
4002.0,0.9655172413793105
4003.0,-0.16216216216216217
4006.0,0.14647058823529413
4007.0,0.04166666666666674
4009.0,6.580645161290322
4011.0,2.775862068965517
4013.0,5.462035541195476
4014.0,525.6666666666667
4018.0,21.727272727272727
4019.0,5.999090909090909
4020.0,2.4
4021.0,6.8125
4022.0,0.8118567908392522
4023.0,5.290322580645161
4024.0,-0.6666666666666667
4025.0,2.166666666666667
4026.0,99.0
4029.0,2.388888888888889
4031.0,0.47573786893446735
4034.0,9.495000000000001
4035.0,229.0
4036.0,314.0
4040.0,315.6666666666667
4041.0,2.25
4042.0,0.23703838457340365
4044.0,-0.1660489251297257
4049.0,425.3959390862944
4050.0,57.8235294117647
4051.0,2.3333333333333335
4053.0,6.413793103448276
4054.0,0.892429022082019
4055.0,0.6216216216216215
4059.0,0.021739130434782483
4063.0,0.1428571428571428
4066.0,0.909090909090909
4068.0,3.25
4069.0,53.21686746987952
4072.0,227.57142857142856
4076.0,0.03933333333333344
4077.0,47.10989010989011
4078.0,13.0
4079.0,3.3970588235294112
4082.0,1.1029798422436459
4085.0,1.7704545454545455
4089.0,0.39068322981366443
4090.0,5.8
4096.0,0.08478260869565224
4101.0,11.0
4102.0,0.9137931034482758
4103.0,4.333333333333333
4104.0,0.19166666666666665
4105.0,107.0
4106.0,-0.11199999999999999
4108.0,9.496551724137932
4109.0,4.882352941176471
4110.0,11.4
4111.0,14.909090909090908
4112.0,0.7857142857142858
4113.0,10.99
4114.0,6.948717948717949
4116.0,0.5
4117.0,-0.0357142857142857
4120.0,25.666666666666668
4122.0,0.30000000000000004
4123.0,0.45999999999999996
4124.0,0.8723404255319149
4126.0,0.8333333333333335
4129.0,-0.0625
4130.0,214.0
4131.0,0.4157894736842105
4132.0,5.0
4140.0,184.09933774834437
4141.0,0.323943661971831
4142.0,-0.05733333333333335
4144.0,23.193548387096776
4145.0,514.8235294117646
4146.0,16.142857142857142
4148.0,98.96666666666667
4149.0,0.5390946502057612
4151.0,0.39109090909090916
4152.0,19.0
4153.0,1.2608695652173911
4156.0,1922.076923076923
4157.0,24.529411764705884
4161.0,179.5
4162.0,48.28571428571429
4164.0,259.8695652173913
4167.0,166.3913043478261
4170.0,0.6000000000000001
4171.0,18.25925925925926
4174.0,21.22222222222222
4175.0,272.69767441860466
4176.0,565.6666666666667
4178.0,2.75
4186.0,10.472881355932202
4187.0,5.72
4189.0,5.559375
4194.0,11.998
4195.0,1.3333359259288065
4196.0,0.375
4197.0,5.218181818181818
4198.0,9.600706713780918
4202.0,35.714285714285715
4204.0,0.9333333333333333
4206.0,0.20454545454545459
4208.0,49.32258064516129
4209.0,20.592
4210.0,3.7719298245614032
4216.0,12.786206896551723
4218.0,281.8571428571429
4219.0,38.19607843137255
4222.0,13.323448275862068
4223.0,144.0
4224.0,0.102051282051282
4225.0,33.21052631578947
4226.0,848.5
4227.0,10.627906976744187
4228.0,0.75
4230.0,3.108888888888888
4231.0,111.5
4233.0,0.2894736842105263
4234.0,0.685910260074307
4235.0,3.6875
4236.0,0.14866666666666672
4237.0,3.166666666666667
4238.0,17.75
4240.0,87.88
4241.0,241.4242424242424
4242.0,0.3684817055603573
4246.0,5.495619524405506
4248.0,3.634078212290503
4252.0,0.9753086419753088
4253.0,36.85714285714286
4256.0,87.46153846153845
4257.0,1.625
4262.0,1.4809160305343512
4263.0,0.8636363636363635
4265.0,1.0
4271.0,2.4378437843784377
4273.0,8.291636883488206
4274.0,9.774074074074074
4275.0,0.010549450549450556
4278.0,51.48
4282.0,4.848679245283019
4289.0,0.14130434782608692
4290.0,0.72
4293.0,3.761904761904762
4295.0,3.7882736156351795
4300.0,0.1515151515151516
4303.0,43.66666666666667
4306.0,101.08333333333334
4310.0,77.18181818181817
4311.0,0.3214285714285716
4312.0,199.0
4313.0,6.972444444444444
4318.0,179.39215686274508
4320.0,0.8269230769230769
4324.0,0.24875000000000003
4325.0,2.375
4326.0,94.14285714285714
4327.0,13.617169373549885
4329.0,23.666666666666668
4330.0,0.4999999999999998
4331.0,3.0565217391304342
4334.0,69.0
4335.0,0.5916666666666666
4338.0,73.48979591836735
4340.0,4.545454545454545
4343.0,3.4444444444444446
4347.0,3.9333333333333336
4352.0,3.193548387096774
4355.0,0.0
4360.0,3.6557377049180326
4361.0,3.261904761904762
4367.0,0.09473684210526323
4368.0,-0.17647058823529416
4373.0,5.375555555555556
4379.0,89.0
4383.0,0.5
4389.0,-0.08001600320064017
4391.0,51.5
4395.0,5.216216216216216
4399.0,0.08000000000000007
4400.0,532.3333333333334
4402.0,174.31110909256066
4405.0,9.5
4407.0,3.2
4408.0,1.125
4410.0,14.363636363636363
4414.0,678.0
4416.0,67.23809523809524
4419.0,0.4261744966442953
4420.0,36.48809523809524
4426.0,16.045454545454543
4427.0,6.222222222222222
4436.0,1078.1666666666667
4441.0,0.15527999999999986
4443.0,-0.025000000000000022
4444.0,1.097902097902098
4445.0,2.428571428571429
4447.0,0.4375
4452.0,7.840434782608696
4453.0,-0.12604651162790692
4454.0,4.620689655172414
4455.0,14.833333333333334
4458.0,7.923076923076923
4460.0,2.4596
4461.0,0.12464285714285706
4463.0,248.95
4466.0,1.0
4468.0,1139.0
4470.0,24.333333333333332
4474.0,6.978723404255319
4475.0,3.586206896551724
4479.0,152.84615384615384
4481.0,1.0
4482.0,799.0
4484.0,198.2
4485.0,0.18518518518518512
4486.0,845.1538461538461
4488.0,1.6428571428571428
4491.0,54.0
4493.0,0.4862068965517241
4494.0,2.8
4496.0,14.416666666666668
4497.0,17.51851851851852
4505.0,1.0
4509.0,-0.10000000000000009
4511.0,174.28787878787878
4512.0,10.921951219512197
4515.0,9.4
4519.0,109.78571428571428
4521.0,1.0582352941176474
4524.0,3.3513278188942106
4526.0,1044.0
4528.0,8.545454545454545
4529.0,4.0012503125781445
4532.0,371.61241429914475
4534.0,723.4
4538.0,1.4166666666666665
4539.0,119.99999999999999
4540.0,20.73913043478261
4541.0,49.80904522613066
4542.0,0.43368421052631567
4543.0,0.1816363636363636
4550.0,458.96
4551.0,0.4318181818181819
4553.0,59.0
4554.0,0.05848107965070137
4556.0,2.4022988505747125
4557.0,0.05499999999999994
4561.0,0.36986301369863006
4562.0,0.0185185185185186
4564.0,-0.1644444444444444
4576.0,6.855714285714286
4578.0,-0.7948717948717949
4584.0,-0.13365259033521992
4590.0,91.84285714285714
4591.0,14.482758620689655
4592.0,141.85714285714283
4593.0,3.3600000000000003
4599.0,1899.0
4600.0,0.09715447154471524
4601.0,3.2250000000000005
4606.0,0.25
4607.0,699.0
4608.0,192.33333333333334
4609.0,1.8672131147540982
4610.0,449.0
4611.0,43.995
4613.0,14.277777777777779
4614.0,-0.3125
4616.0,0.25642857142857145
4618.0,1.6601423487544484
4621.0,1.0
4624.0,86.5
4626.0,1.860689655172414
4628.0,4.96
4630.0,0.6666666666666667
4631.0,61.474999999999994
4632.0,491.5
4634.0,244.0
4635.0,1.7302752293577983
4636.0,463.6
4637.0,337.2587064676616
4639.0,66.5
4640.0,319.0
4641.0,5.666666666666667
4643.0,0.46253731343283566
4650.0,0.10400000000000009
4654.0,212.33333333333334
4660.0,10.666666666666668
4661.0,40.04347826086956
4662.0,9.0
4664.0,3.229375
4670.0,476.08333333333337
4679.0,887.8888888888889
4680.0,6.064676616915422
4681.0,6.739130434782608
4684.0,40.78571428571428
4689.0,1.8362500000000002
4690.0,-0.16666666666666663
4691.0,65.0952380952381
4692.0,0.004749725977347463
4695.0,2.6
4699.0,3.4196428571428577
4716.0,1.2904615384615385
4719.0,2.7333333333333334
4722.0,2.276595744680851
4726.0,4.0
4729.0,0.4363636363636363
4734.0,2.0100334448160537
4740.0,2.127659574468085
4744.0,4.443888888888889
4750.0,0.7272727272727273
4765.0,1.8088095238095239
4767.0,0.30000000000000004
4770.0,25.545454545454547
4773.0,1.2413793103448278
4776.0,0.12735294117647045
4777.0,1.73
4780.0,9.066666666666666
4792.0,13.278095238095236
4794.0,12.28
4796.0,10.647058823529411
4797.0,7.242424242424242
4798.0,4.915833333333333
4799.0,1.9166666666666665
4800.0,248.16666666666666
4802.0,179.0
4803.0,6.166666666666667
4804.0,265.4666666666667
4805.0,0.30000000000000004
4806.0,2.0
4807.0,0.5153811183512655
4808.0,30.616666666666664
4810.0,29.0
4811.0,0.32000000000000006
4812.0,14.996
4813.0,4.3375
4814.0,2.272727272727273
4815.0,154.55555555555557
4816.0,3.302151075537769
4817.0,-0.7948717948717949
4818.0,206.07142857142853
4821.0,395.0
4823.0,1.5333333333333332
4826.0,22.076923076923077
4827.0,3.2857142857142856
4829.0,0.894736842105263
4831.0,1.3797468354430378
4836.0,150.61290322580646
4838.0,2.0
4841.0,17.69097222222222
4842.0,348.9
4843.0,6.184466019417476
4845.0,1.3595505617977528
4847.0,39.97222222222222
4852.0,0.49949999999999983
4854.0,-0.024878048780487827
4855.0,0.42094736842105274
4862.0,0.6129032258064515
4866.0,5.532177392464154
4867.0,58.36874999999999
4868.0,-0.0625
4871.0,-0.20353982300884943
4878.0,0.22222222222222232
4879.0,147.0
4880.0,0.673913043478261
4882.0,20.125
4889.0,-0.375
4890.0,275.6666666666667
4893.0,898.8999999999999
4894.0,0.17812499999999987
4898.0,6.758620689655173
4901.0,-0.0558333333333334
4902.0,3.253731343283582
4905.0,229.0
4906.0,6.13448275862069
4909.0,82.33333333333334
4910.0,6.6
4912.0,13.956521739130435
4914.0,4.41375
4915.0,299.0
4916.0,0.18604651162790709
4918.0,1.5333333333333332
4920.0,12.75
4923.0,21.39
4924.0,-0.0625
4926.0,2.1777777777777776
4929.0,0.34193548387096784
4930.0,130.0
4931.0,0.125
4932.0,69.81818181818181
4940.0,3.95
4941.0,63.076923076923066
4942.0,14.444444444444443
4943.0,113.14253897550111
4945.0,16.85234899328859
4948.0,190.07142857142856
4950.0,0.2626315789473683
4951.0,1.9565217391304346
4953.0,865.6666666666667
4955.0,0.9437500000000001
4956.0,1699.0
4957.0,1.2458333333333331
4960.0,134.0
4961.0,949.0
4963.0,19.75
4965.0,2.130188679245283
4968.0,17.50413223140496
4969.0,219.83333333333334
4971.0,0.6333333333333333
4974.0,-0.09999999999999998
4976.0,2.2258064516129035
4977.0,2.3333333333333335
4978.0,207.0
4979.0,-0.05661538461538462
4982.0,0.40020010005002504
4985.0,0.9615384615384612
4986.0,81.75862068965517
4988.0,106.76
4989.0,6.285714285714286
4990.0,-0.49880668257756566
4991.0,324.0
4992.0,6.34094616639478
4994.0,17.46153846153846
4995.0,16.776
4996.0,69.73170731707317
4997.0,0.4035087719298245
4998.0,14.633333333333335
5002.0,787.4615384615385
5004.0,99.0
5005.0,0.19920000000000004
5010.0,14.99875
5011.0,46.42857142857143
5013.0,0.3996000000000002
5014.0,0.16666666666666674
5017.0,4.65955594253374
5018.0,30.03448275862069
5020.0,82.27777777777779
5023.0,1480.125
5028.0,15.72473867595819
5037.0,0.41714285714285704
5039.0,-0.05882352941176472
5040.0,-0.11244444444444446
5041.0,-0.11284916201117312
5043.0,0.1551155115511551
5044.0,0.9523809523809523
5046.0,40.81818181818181
5050.0,0.9603960396039604
5051.0,0.2226315789473683
5054.0,2.0555555555555554
5055.0,0.27662790697674433
5058.0,0.49425287356321856
5062.0,199.0
5063.0,2.20433734939759
5065.0,41.85
5067.0,-0.22872727272727267
5069.0,0.029939393939393932
5070.0,27.333333333333332
5071.0,1.3405405405405406
5073.0,4.47945205479452
5074.0,11.105263157894736
5075.0,17.18
5077.0,0.044522261130565344
5078.0,9.204081632653061
5080.0,229.57692307692307
5083.0,0.11111111111111116
5086.0,2.9562500000000003
5087.0,3.290869565217391
5089.0,13.740401146131806
5090.0,107.04597701149426
5091.0,2.0367988567345483
5092.0,477.0
5093.0,4.393111111111111
5094.0,327.5714285714286
5096.0,-0.01449275362318836
5098.0,0.1968421052631577
5101.0,33.969325153374236
5103.0,0.18687500000000012
5104.0,118999999.0
5105.0,169.32142857142856
5107.0,0.8
5108.0,-0.04402173913043472
5116.0,0.33000000000000007
5117.0,18.192
5120.0,25.66
5123.0,4.1826484018264845
5126.0,74.0
5128.0,0.6499999999999999
5131.0,47.275862068965516
5133.0,230.55555555555554
5137.0,0.32176470588235295
5140.0,5.0
5142.0,5.595744680851064
5144.0,119.8625
5146.0,8.998461538461537
5148.0,9.0
5149.0,1.0
5150.0,438.94999999999993
5151.0,0.9499341238471672
5153.0,3.6999999999999993
5155.0,6.28643216080402
5156.0,93.76
5157.0,469.0
5158.0,259.0
5159.0,3.138028520389283
5169.0,1084.0
5175.0,399.0
5176.0,143.44444444444443
5177.0,0.06633333333333336
5179.0,8.96
5181.0,0.4285714285714286
5182.0,465.6666666666667
5183.0,-0.40740740740740744
5188.0,0.7749999999999999
5189.0,6.25
5193.0,4.925454545454545
5194.0,15.833333333333332
5195.0,1.6666666666666665
5196.0,1559.0
5197.0,14.452727272727271
5198.0,265.8
5201.0,274.51020408163265
5202.0,7.644578313253012
5208.0,0.44105263157894736
5209.0,87.87654320987653
5210.0,0.13113207547169825
5212.0,4.866
5213.0,2.75
5215.0,1.0416666666666665
5217.0,899.0
5220.0,1.573529411764706
5222.0,4.544444444444444
5224.0,1.8225806451612905
5226.0,-0.12568306010928965
5227.0,11.006993006993008
5228.0,18.11470588235294
5229.0,187.0
5230.0,1.666666666666667
5231.0,288.1489361702128
5233.0,623.9583333333334
5237.0,24.438596491228072
5238.0,49.0
5239.0,53.021608643457384
5241.0,379.0
5243.0,209.0
5246.0,362.33333333333337
5247.0,1.3107500000000023
5252.0,0.47
5260.0,201.56410256410257
5262.0,-0.14265301262205288
5266.0,11.500012500012499
5268.0,5.2
5269.0,1.2599999999999998
5271.0,-0.019245283018867965
5272.0,18.285
5273.0,53.44
5276.0,1.0
5280.0,67.0
5287.0,30.56
5288.0,189.0
5293.0,0.2941176470588236
5295.0,34.333333333333336
5296.0,3.615384615384615
5297.0,0.56
5301.0,106.53846153846153
5305.0,4.024414753242699
5306.0,7.0
5307.0,1.0
5308.0,17.571428571428573
5309.0,0.07608695652173902
5313.0,1.7774999999999999
5315.0,0.03959999999999986
5320.0,1.775
5321.0,5.666666666666666
5322.0,16.692307692307693
5323.0,4.199199999999999
5324.0,-0.04347826086956508
5325.0,91.59259259259258
5332.0,1.4499999999999997
5333.0,0.5909090909090908
5334.0,-0.0505000000000001
5337.0,2.4074074074074074
5338.0,536.5999999999999
5343.0,1.05607476635514
5346.0,748.5
5347.0,4.2368421052631575
5348.0,0.47
5350.0,2.6231884057971016
5352.0,96.6
5357.0,73.8
5358.0,0.24958347217594135
5364.0,4.582758620689656
5366.0,1.608695652173913
5367.0,3.9400000000000004
5371.0,1.5899999999999999
5372.0,-0.2357931000000001
5374.0,13.466666666666667
5375.0,109.0
5380.0,3.203389830508475
5383.0,6.586206896551724
5384.0,107.73015873015873
5385.0,185.66666666666666
5387.0,1.085070892410342
5389.0,108.98888888888888
5390.0,4.348993288590604
5391.0,-0.39534883720930225
5392.0,292.6
5393.0,7.817857142857143
5395.0,0.03535353535353525
5397.0,549.0
5398.0,5.44
5399.0,11.363157894736842
5400.0,2.5458536585365854
5402.0,28.298245614035086
5404.0,22.272727272727273
5406.0,2.125
5411.0,329.4
5416.0,0.0005002501250626068
5420.0,36.92307692307692
5421.0,2.2
5422.0,759.0
5427.0,19.12072434607646
5428.0,44.45454545454545
5429.0,-0.09999999999999998
5430.0,1.3076923076923075
5431.0,261.0
5433.0,67.0
5434.0,135.0
5437.0,0.42028985507246386
5438.0,6.661016949152542
5439.0,7.495555555555555
5443.0,3.4590163934426226
5444.0,3.8275862068965516
5445.0,0.7692307692307692
5447.0,4.677272727272727
5449.0,0.357142857142857
5455.0,0.20603448275862069
5456.0,0.1643835616438356
5458.0,0.06349206349206349
5462.0,6.815789473684211
5463.0,0.9634146341463414
5465.0,38.1566265060241
5467.0,18.605263157894736
5468.0,0.05444444444444452
5471.0,1.8571428571428572
5475.0,3.942592592592592
5480.0,268.9
5482.0,53.31818181818181
5484.0,154.76
5485.0,363.76
5486.0,117.0
5487.0,-0.5
5488.0,0.36363636363636354
5492.0,0.8703225806451611
5494.0,0.06124924196482717
5498.0,2.1605945945945946
5500.0,0.4282142857142859
5511.0,19.0
5512.0,1.9399699849924965
5514.0,25.545454545454543
5517.0,1.1239999999999997
5518.0,88.98666666666666
5522.0,2.4999999999999996
5523.0,32.85416666666667
5526.0,1.7586206896551726
5530.0,-0.048870967741935556
5532.0,231.6530612244898
5534.0,1.0
5535.0,47.0
5536.0,147.93617021276597
5537.0,-0.052631578947368474
5538.0,0.16666666666666674
5542.0,0.040000000000000036
5543.0,10.077586206896553
5544.0,167.0
5545.0,1.5
5546.0,329.0
5547.0,4.150055576139311
5549.0,-0.018813905930470387
5550.0,12.8
5553.0,99.0
5557.0,0.20731707317073167
5558.0,22.7375
5559.0,0.6260162601626016
5560.0,2.0
5561.0,9.0
5564.0,3.533333333333333
5565.0,107.33333333333334
5566.0,1.4489795918367347
5567.0,0.4375
5575.0,8.233164983164983
5579.0,558.96
5583.0,3.0
5586.0,1.5714285714285716
5588.0,0.3431343283582089
5589.0,4.96
5592.0,106.05454545454545
5601.0,0.7391304347826086
5602.0,234.0
5603.0,1.5862068965517242
5604.0,24.0
5605.0,1.342857142857143
5606.0,0.6000000000000001
5611.0,4.823529411764706
5612.0,53.375
5614.0,43.516129032258064
5619.0,668.5
5620.0,103.45454545454545
5621.0,5999.0
5624.0,2.166666666666667
5625.0,197.33333333333334
5626.0,4.1354236157438296
5628.0,5.024873096446701
5629.0,1.8236559139784947
5631.0,17.0
5632.0,14.037593984962406
5633.0,0.0
5634.0,43.300813008130085
5635.0,377.68
5637.0,0.6000000000000001
5638.0,0.4347826086956521
5639.0,2.5303643724696356
5640.0,1.7428571428571429
5642.0,-0.08181818181818179
5644.0,64.78947368421052
5647.0,2.488372093023256
5648.0,0.19999999999999996
5653.0,359.2424242424242
5655.0,70.57517899761336
5656.0,1.2388059701492535
5657.0,0.3414634146341464
5659.0,4.499499999999999
5660.0,1.6388888888888888
5664.0,6.996666666666666
5667.0,0.6846153846153844
5668.0,0.3999999999999999
5671.0,0.2994999999999999
5672.0,0.21212121212121215
5674.0,50.08045977011494
5675.0,0.3956521739130434
5676.0,4.151212121212121
5679.0,0.3633333333333333
5680.0,371.475
5681.0,0.5470588235294118
5682.0,0.26000840005600034
5683.0,5.367041198501873
5684.0,43.0
5686.0,41.0
5687.0,7.157894736842104
5690.0,47.75
5692.0,-0.2851758793972361
5695.0,2.060030600306003
5696.0,0.9911428571428571
5701.0,243.33333333333331
5705.0,1.7000000000000002
5706.0,147.0
5711.0,348.34177216074283
5713.0,137.88888888888889
5715.0,0.4999999999999998
5718.0,1.162039144287665
5719.0,23.75
5720.0,-0.30000000000000004
5723.0,2.0
5725.0,11.257055214723925
5726.0,0.10000000000000009
5727.0,1.44
5728.0,258.25925925925924
5730.0,194.91836734693877
5731.0,0.5
5732.0,85.66666666666667
5733.0,17.6
5734.0,755.0
5737.0,1.4
5740.0,0.4910526315789472
5741.0,0.9333333333333333
5748.0,0.25
5750.0,0.25
5751.0,184.6428571428571
5752.0,8.992592592592592
5754.0,174.0
5755.0,90.42142857142858
5756.0,0.625
5757.0,74.96
5762.0,14.689655172413794
5766.0,0.3213217938630999
5767.0,-0.3944444444444445
5771.0,0.03488372093023262
5773.0,-0.09099181073703366
5777.0,57.0
5778.0,6.142380952380953
5779.0,2.3992
5782.0,248.97499999999997
5785.0,9.952380952380953
5790.0,0.2649913344887347
5792.0,14.36923076923077
5793.0,0.900952380952381
5799.0,-0.28167174575533305
5803.0,0.7508771929824563
5807.0,3.2222222222222223
5809.0,315.0
5811.0,13.988
5814.0,3.677894736842105
5815.0,0.8779342723004695
5817.0,2739.0
5820.0,26.22222222222222
5822.0,999.0
5823.0,2.8947368421052633
5825.0,0.0
5827.0,719.0
5828.0,249.0
5829.0,5.063934426229509
5830.0,14.079365079365079
5831.0,2.36
5835.0,0.14130434782608692
5837.0,10.611785095320625
5840.0,290.8
5841.0,1.1285714285714286
5842.0,127.0
5846.0,1032.3333333333335
5847.0,0.7391304347826086
5848.0,0.7602857142857142
5850.0,1.899
5855.0,0.48
5859.0,0.25
5860.0,129.0
5862.0,1.763157894736842
5864.0,0.5
5865.0,0.08214285714285707
5866.0,0.5740740740740742
5867.0,0.0
5868.0,0.30738461538461537
5870.0,4.648979591836734
5872.0,2.0625
5873.0,0.423728813559322
5874.0,4.0
5875.0,1.942307692307692
5876.0,22.98
5878.0,319.0
5879.0,1.5155172413793103
5880.0,2139.0
5881.0,126.64705882352939
5883.0,479.88
5885.0,1.8571428571428572
5886.0,2.613800627301241
5891.0,0.5249019607843137
5893.0,1.0
5894.0,3.557885141294439
5895.0,13.107142857142856
5896.0,4.428
5898.0,17.88888888888889
5901.0,0.8051217988757025
5902.0,0.26
5903.0,10.106944444444444
5910.0,92.4
5911.0,0.5151515151515151
5912.0,41.22222222222222
5913.0,7.777777777777779
5915.0,6.33578947368421
5916.0,2.666666666666667
5917.0,0.19999999999999996
5919.0,23.688888888888886
5924.0,23.375
5926.0,8.1796875
5930.0,301.0
5931.0,0.3999999999999999
5933.0,0.08000000000000007
5935.0,80.6
5936.0,3.184375
5938.0,-0.34228187919463093
5939.0,38.0
5940.0,0.14899984249488107
5942.0,0.9831005345749266
5943.0,3.533333333333333
5947.0,22.75
5949.0,4.833333333333333
5950.0,1.5
5953.0,0.6666666666666667
5954.0,4.1140983606557375
5955.0,0.5384615384615385
5956.0,0.43137254901960786
5959.0,0.6993398679735947
5961.0,27.166666666666664
5962.0,4.078125
5964.0,0.2364516129032257
5965.0,15.137931034482758
5966.0,0.5000500050005001
5967.0,5.338983050847458
5969.0,57.5
5971.0,3.5
5973.0,17.35016835016835
5974.0,40.25
5975.0,1.7309968138370508
5979.0,0.9596
5981.0,0.8
5982.0,0.2630526315789472
5983.0,3.366666666666667
5984.0,-0.15166666666666662
5985.0,2.4607000897550964
5986.0,5.422535211267606
5988.0,234.71428571428572
5992.0,0.4999999999999998
5993.0,-0.046875
5994.0,2.3636363636363638
5996.0,18.41747572815534
5997.0,8.379310344827585
5998.0,0.20906976744186045
6000.0,4.2105263157894735
6002.0,0.08081081081081076
6003.0,3.8979591836734695
6007.0,254.0
6008.0,69.0
6010.0,11.091549295774648
6011.0,0.5348837209302326
6012.0,3.9619999999999997
6016.0,74.0
6020.0,1736.5
6022.0,153.86666666666687
6024.0,324.0
6025.0,0.43979999999999997
6026.0,4.102564102564102
6030.0,99.0
6031.0,213.26190476190476
6032.0,1.2439999999999998
6033.0,1.5622499999999997
6034.0,2.3560000000000003
6035.0,4.806924882629108
6036.0,98.28571428571429
6037.0,-0.9999999254237288
6041.0,1.3035714285714284
6047.0,176.5
6050.0,129.0
6052.0,22.616071428571427
6055.0,0.8807142857142856
6056.0,0.75
6058.0,55.55172413793104
6059.0,15.8
6061.0,0.36986301369863006
6065.0,0.37209302325581395
6066.0,0.24193548387096775
6068.0,71.30000000000001
6069.0,57.53571428571429
6070.0,0.6000000000000001
6072.0,0.35073170731707326
6073.0,0.22905027932960897
6075.0,0.6153846153846154
6076.0,0.003875968992248069
6077.0,13.975
6079.0,8.0
6080.0,1.1412874524307233
6081.0,30.147540983606557
6085.0,7.482758620689655
6088.0,0.23484402589758702
6090.0,0.03333333333333344
6091.0,21.527272727272727
6092.0,0.1351351351351351
6094.0,224.0
6095.0,610.1111111111111
6099.0,0.46376811594202905
6105.0,639.0
6106.0,0.7926023778071332
6110.0,3.782608695652174
6112.0,0.572052401746725
6113.0,0.18110236220472453
6114.0,1.9629629629629628
6115.0,1.1904761904761907
6122.0,2.4749999999999996
6124.0,2.2843137254901964
6125.0,473.0
6126.0,303.1304347826087
6128.0,0.6916693265240983
6130.0,211.76595744680853
6131.0,5.0625
6133.0,599.0
6134.0,23.95
6135.0,0.17999999999999994
6136.0,-0.3473193473193473
6138.0,0.09137931034482771
6139.0,3.4000000000000004
6140.0,235.0
6142.0,21.77777777777778
6147.0,27.0
6150.0,115.50000000000001
6152.0,31.0
6154.0,4.4
6156.0,6.7857142857142865
6158.0,3.125
6161.0,1.5
6162.0,1.2000000000000002
6167.0,13.787644787644789
6168.0,4.16
6169.0,17.8
6170.0,0.3508108108108108
6171.0,0.5339663988312637
6177.0,59.90909090909091
6183.0,44.0
6187.0,7.25
6191.0,7.421052631578947
6192.0,2.4682539682539684
6193.0,3.655172413793103
6195.0,79.0
6196.0,318.96
6205.0,4.193181818181818
6206.0,44.445454545454545
6207.0,1.542372881355932
6208.0,2.166666666666667
6209.0,0.3999999999999999
6210.0,0.07310504040015409
6211.0,0.07125427037579302
6212.0,0.02083333333333326
6213.0,1.3926539058458358
6215.0,-0.11111111111111116
6216.0,6.5
6217.0,0.2954545454545454
6219.0,6.9799999999999995
6220.0,0.25
6221.0,1.4009603841536618
6225.0,3.901960784313726
6226.0,47.54054054054054
6227.0,103.95
6228.0,5.092968749999999
6230.0,7.18
6233.0,27.764705882352942
6234.0,0.3999999999999999
6235.0,108.08
6236.0,383.6153846153846
6238.0,2.9583333333333335
6241.0,7.641975308641975
6248.0,58.800000000000004
6251.0,0.6666666666666665
6254.0,6.96
6257.0,0.7673684210526315
6258.0,2.2187907785993914
6259.0,73.09090909090908
6260.0,0.56
6265.0,1.9583333333333335
6266.0,-0.3226636181766219
6268.0,3.998333333333333
6272.0,7.333333333333334
6273.0,538.6999999999999
6275.0,0.31899999999999995
6278.0,274.0
6281.0,83.0
6282.0,283.44444444444446
6283.0,1.6724137931034484
6287.0,-0.40718784735087066
6288.0,8.328571428571427
6291.0,0.491044776119403
6292.0,16.826086956521742
6293.0,2.5504166666666666
6294.0,0.6842105263157894
6295.0,172.80952380952382
6297.0,1.4218139534883725
6302.0,10.612903225806452
6303.0,2.833333333333333
6305.0,-0.08045977011494254
6307.0,411.0
6308.0,1.1666666666666665
6312.0,1.1616216216216215
6313.0,98.88
6314.0,3.4594594594594597
6315.0,1.0
6322.0,1838.7999999999997
6325.0,0.04761904761904767
6326.0,6.165
6331.0,2.6875
6332.0,439.0
6333.0,32.0
6334.0,4.78125
6341.0,12.627760338345492
6344.0,16.795555555555556
6349.0,-0.12142857142857144
6350.0,0.11351351351351369
6353.0,3.5
6354.0,32.779661016949156
6355.0,1.051282051282051
6358.0,160.725
6359.0,-0.23153846153846147
6360.0,-0.2129629629629629
6361.0,-0.20238095238095233
6362.0,-0.2219512195121952
6363.0,118.09090909090908
6364.0,1.4761904761904763
6366.0,1.1052631578947367
6372.0,4.8125
6374.0,0.040416666666666545
6379.0,0.6544827586206896
6380.0,1.5
6381.0,0.3600000000000001
6384.0,85.36363636363636
6385.0,0.56
6387.0,0.030303030303030276
6388.0,1.3692307692307693
6393.0,0.09876543209876543
6397.0,56.81818181818181
6398.0,26.75002775002775
6401.0,0.11117287381878826
6402.0,-0.4117647058823529
6405.0,3.7222222222222223
6406.0,1.8484848484848486
6408.0,-0.040000000000000036
6410.0,0.21518987341772156
6411.0,10.666666666666668
6412.0,24.71142857142857
6414.0,1.0
6415.0,0.3333333333333335
6417.0,1098.8999999999999
6419.0,28.14572864321608
6420.0,0.15384615384615374
6421.0,88.6
6423.0,14.2
6424.0,12.701880822640183
6425.0,97.0
6431.0,0.37944118661607473
6433.0,234.0
6439.0,1.8999999999999995
6443.0,1.2380952380952381
6444.0,359.0
6445.0,0.17999999999999994
6446.0,322.52941176470586
6448.0,1.9149999999999996
6449.0,0.25055268975681666
6451.0,6.5
6453.0,3.0816326530612246
6457.0,59.0
6459.0,10.538461538461538
6460.0,-0.495879010962631
6461.0,199.0
6462.0,0.37037037037037024
6464.0,0.22215346534653468
6468.0,23.431818181818183
6469.0,3.2857142857142856
6470.0,49.0
6473.0,5.382978723404255
6480.0,2.3333333333333335
6483.0,0.36363636363636354
6485.0,69.0
6487.0,4.5
6492.0,0.23636363636363633
6493.0,4.795454545454546
6494.0,0.6500000000000001
6496.0,0.23404255319148937
6498.0,85.0
6500.0,40.66666666666667
6501.0,3.2823529411764705
6502.0,0.8571428571428572
6503.0,5.76
6504.0,-0.40740740740740744
6505.0,2.9393939393939394
6506.0,54.53333333333333
6508.0,1.5714285714285716
6509.0,0.3241525423728815
6514.0,599.0
6516.0,458.6
6518.0,2.7261294829995344
6522.0,21.22222222222222
6523.0,35.666666666666664
6524.0,297.76
6526.0,3.6537499999999996
6528.0,5.25
6531.0,249.0
6532.0,-0.9666666666666667
6533.0,0.375
6534.0,6.615873015873016
6535.0,23.355555555555558
6536.0,32.300000000000004
6537.0,0.09375
6540.0,2.0285714285714285
6542.0,1.8233103448275862
6543.0,46.0
6544.0,439.0
6545.0,4.514942528735633
6546.0,87.0
6548.0,15.333333333333332
6549.0,549.4999999999999
6550.0,117.13333333333333
6552.0,5759.0
6553.0,-0.07963185274109641
6555.0,84.79310344827586
6557.0,370.42857142857144
6558.0,532.0833333333334
6560.0,1.1694915254237288
6561.0,0.08169014084507031
6562.0,4.245901639344262
6566.0,-0.27462686567164174
6568.0,5.975
6571.0,4.16
6572.0,80.6
6573.0,14.48148148148148
6574.0,0.8752941176470588
6576.0,23.0
6577.0,2.18
6580.0,87.0
6581.0,113.28571428571429
6583.0,443.0
6584.0,185.11111111111111
6588.0,39.15384615384615
6591.0,0.10379746835443049
6592.0,0.5625
6593.0,1890.6666666666667
6594.0,603.1666666666667
6595.0,0.9101123595505618
6596.0,237.46153846153845
6597.0,25.54736842105263
6598.0,3.1624999999999996
6601.0,161.8846153846154
6603.0,151.17391304347825
6605.0,7.333333333333334
6608.0,186.5
6609.0,1.0
6612.0,19.0
6613.0,15.38888888888889
6614.0,1.4694117647058822
6615.0,0.08333333333333348
6617.0,6.351351351351352
6618.0,0.8092105263157894
6620.0,748.8
6621.0,269.0
6622.0,1.999499874968742
6623.0,429.0
6624.0,72.49999999999999
6626.0,223.35897435897436
6629.0,6.222222222222222
6630.0,8.523809523809524
6631.0,25.31578947368421
6632.0,0.43692307692307675
6633.0,1.1636363636363636
6634.0,1.0
6635.0,6.9
6637.0,5.529411764705882
6638.0,159.7142857142857
6641.0,3.5888888888888895
6642.0,35.099999999999994
6643.0,1.2999999999999998
6644.0,0.19769585253456223
6645.0,16.57377049180328
6647.0,6.911186440677966
6648.0,1.9473684210526314
6649.0,425.3157894736842
6650.0,0.4999999999999998
6652.0,8.992857142857144
6653.0,0.903367496339678
6655.0,1.336521739130435
6657.0,0.32352941176470584
6658.0,1842.8
6659.0,0.8743749999999999
6660.0,0.7114285714285715
6661.0,499.0
6662.0,245.22499999999997
6664.0,311.5
6665.0,228.16666666666669
6666.0,121.66666666666667
6667.0,0.47058823529411775
6669.0,0.62839248434238
6671.0,20.9
6672.0,198.8
6674.0,0.47044117647058825
6676.0,320.25
6678.0,295.25
6680.0,0.4999999999999998
6682.0,48.949999999999996
6685.0,1073.6
6686.0,236.5
6689.0,0.5210961287516311
6691.0,161.22222222222223
6692.0,-0.31034482758620685
6695.0,34.357142857142854
6696.0,320.05263157894734
6697.0,0.08554572271386429
6699.0,17.75
6704.0,75.0
6705.0,88.16666666666667
6706.0,384.7142857142857
6708.0,0.034494653328734026
6709.0,4.6521739130434785
6710.0,15.285714285714288
6711.0,1.1428571428571428
6712.0,3.2049504950495047
6713.0,0.13636363636363646
6714.0,0.5615625
6716.0,1.1026315789473684
6718.0,699.0
6720.0,1.8205128205128207
6721.0,735.0655737704918
6724.0,7.720000000000001
6727.0,0.46666666666666656
6728.0,219.5735294117647
6729.0,0.16411764705882348
6730.0,36.931034482758626
6734.0,-0.06796116504854366
6735.0,16.037037037037035
6737.0,0.3239187996469548
6742.0,0.1741176470588235
6744.0,0.9342105263157894
6747.0,1.0941176470588236
6749.0,619.0
6750.0,11.8725
6751.0,9.38961038961039
6752.0,1386.7
6753.0,1.6046511627906979
6755.0,3.817241379310345
6762.0,64.0
6765.0,2.8223776223776222
6767.0,0.16405063291139244
6768.0,0.95
6771.0,30.42857142857143
6772.0,0.21559322033898298
6775.0,225.84615384615384
6778.0,1.367455818606202
6779.0,2.2666666666666666
6783.0,2.9599833263859945
6786.0,5.0
6787.0,1.4642857142857144
6791.0,4.958705832269051
6793.0,1.5161290322580645
6795.0,49.0
6802.0,0.03959999999999986
6803.0,11.212244897959183
6804.0,0.23684210526315796
6806.0,2.7495
6807.0,12.6
6808.0,14.777777777777779
6809.0,25.0
6810.0,3.3125
6811.0,199.0
6812.0,0.2182925720520048
6818.0,7.75
6819.0,219.0
6820.0,0.0
6824.0,3.3304347826086964
6825.0,0.3396226415094339
6826.0,0.150575287643822
6828.0,12.357356301634733
6829.0,1.272727272727273
6830.0,2.246253746253746
6831.0,249.0
6832.0,0.3087248322147651
6833.0,6.219024390243903
6834.0,38.0
6837.0,72.33333333333334
6839.0,1.4002400240024002
6843.0,19.543293718166385
6844.0,0.24436363636363634
6846.0,0.18181818181818188
6849.0,1.8333333333333335
6850.0,0.2324929971988794
6854.0,0.07600000000000007
6860.0,0.14058823529411768
6861.0,2.2659999999999996
6863.0,77.94736842105263
6868.0,52.94117647058823
6869.0,43.0
6871.0,0.09793588054457625
6873.0,10.11
6875.0,2.03
6877.0,0.19047619047619047
6878.0,3.436711613745107
6879.0,3.0
6880.0,1.627272727272727
6883.0,7.532666666666666
6886.0,6.0
6888.0,0.10375000000000001
6891.0,1.125
6892.0,2.24
6900.0,23.166666666666668
6904.0,229.28
6909.0,0.38095238095238093
6913.0,2.7103448275862068
6921.0,1.1111111111111112
6922.0,1.625
6925.0,2.9441747572815533
6926.0,59.98571428571429
6927.0,415.6666666666667
6928.0,2.995
6931.0,3.0
6932.0,0.25
6933.0,0.9230769230769231
6934.0,1387.888888888889
6936.0,74.7
6937.0,1.7517241379310344
6940.0,16.857142857142854
6945.0,0.13157894736842102
6946.0,1.347826203618693
6947.0,0.12474999999999992
6948.0,102.26086956521739
6951.0,35.56896551724138
6952.0,1.0
6953.0,5.065128205128205
6956.0,759.0000000000001
6963.0,0.10344827586206895
6965.0,199.0
6967.0,-0.24206896551724144
6971.0,0.7723076923076924
6974.0,79.0
6975.0,33.666666666666664
6976.0,57.0
6977.0,4.2
6978.0,1.4166666666666665
6979.0,13.269
6982.0,22.96
6987.0,1.4244400956729724
6989.0,61.5
6993.0,84.96
6994.0,2.740909090909091
6995.0,148.28169893816366
6997.0,-0.028002800280027995
6998.0,189.0
7000.0,1.3611111111111112
7003.0,6.724137931034482
7005.0,6.371773382500837
7006.0,3.708333333333333
7007.0,2.235294117647059
7011.0,33.285714285714285
7012.0,34.333333333333336
7013.0,21.727272727272727
7015.0,9.166666666666666
7018.0,1.7999999999999998
7019.0,258.98
7023.0,6.404349022846133
7025.0,5.08695652173913
7029.0,2.113181818181818
7033.0,4.6875
7034.0,3.7058823529411766
7035.0,9.5
7040.0,71.22222222222223
7041.0,-0.19376146788990833
7044.0,0.21950000000000003
7045.0,0.06382978723404253
7051.0,92.73749999999998
7053.0,0.0837849103793249
7054.0,293.9
7056.0,3.140883977900552
7060.0,0.03870129870129868
7062.0,0.0
7065.0,15.0
7067.0,0.7875536480686693
7069.0,4.78421052631579
7070.0,45.923529411764704
7072.0,1359.0
7073.0,67.3
7074.0,0.15555555555555545
7075.0,1.6058631921824107
7076.0,28.5
7077.0,1.2055172413793103
7078.0,1.0526315789473686
7080.0,0.19999999999999996
7087.0,4.0
7088.0,0.9135802469135803
7090.0,3.1111111111111107
7094.0,107.0
7096.0,8.495
7098.0,0.06060606060606055
7102.0,173.225
7104.0,0.41117647058823525
7106.0,13.705882352941176
7107.0,34.2
7110.0,99.0
7111.0,43.0
7113.0,999.0
7116.0,251.74725274725276
7117.0,4.75
7118.0,10.11111111111111
7120.0,379.0
7123.0,155.25
7124.0,4.0
7126.0,3.1000000000000005
7129.0,0.1345939933259177
7130.0,4.772495755517827
7131.0,13.4
7132.0,27.8135593220339
7136.0,1.9669762641898867
7141.0,0.803030303030303
7142.0,13.285714285714286
7146.0,6.142857142857143
7147.0,338.8
7148.0,229.0
7153.0,110.76470588235293
7155.0,7.75
7157.0,459.0
7158.0,7.0
7160.0,22.461333333333336
7161.0,1.391304347826087
7162.0,-0.13636363636363635
7163.0,4.416666666666667
7164.0,3.193548387096774
7165.0,20.809090909090905
7168.0,2.5064935064935066
7171.0,378.48717948717945
7178.0,0.7681159420289854
7179.0,48.5
7181.0,307.6111111111111
7182.0,6.817391304347827
7184.0,2.16780487804878
7186.0,0.10000000000000009
7190.0,0.027027027027026973
7192.0,1.0825343893288872
7195.0,4.9
7200.0,1915.6666666666667
7201.0,3.212121212121212
7204.0,176.74
7207.0,-0.19999999999999996
7209.0,15.666666666666668
7212.0,0.0
7213.0,2.393939393939394
7216.0,0.9666666666666668
7219.0,6.337526205450733
7222.0,0.40070035017508765
7225.0,0.2894736842105263
7226.0,14.0
7233.0,3.0
7235.0,4.0
7237.0,2.0
7238.0,15.826086956521738
7239.0,-0.38944444444444437
7241.0,1290.6666666666667
7243.0,831.095238095237
7244.0,1.714673524789256
7245.0,0.657142857142857
7249.0,116.69999999999999
7250.0,7.061887361201505
7251.0,7.153846153846153
7252.0,0.6000000000000001
7254.0,92.33333333333333
7255.0,1.6666666666666665
7257.0,35.0
7260.0,0.11099999999999999
7261.0,144.0
7263.0,29.0
7264.0,20.666666666666668
7265.0,-0.27330604820372895
7266.0,280.66666666666663
7268.0,20.778125
7270.0,89.0
7271.0,13.31578947368421
7272.0,3.1111111111111107
7278.0,24.75
7279.0,4.512820512820513
7283.0,5.481481481481482
7289.0,0.22580645161290325
7290.0,11.857142857142856
7293.0,-0.09999999999999998
7294.0,-0.36039999999999994
7298.0,87.0
7299.0,1.103448275862069
7304.0,21.285714285714285
7305.0,169.0
7306.0,62.33344222229481
7307.0,54.25125628140704
7308.0,0.09030303030303011
7309.0,105.19469026548674
7312.0,355.0
7313.0,-0.011111111111111072
7316.0,0.09090909090909083
7317.0,200.78571428571428
7323.0,35.666666666666664
7325.0,12.93939393939394
7326.0,87.22222222222223
7331.0,4499.0
7332.0,0.07000000000000006
7335.0,13.19135802469136
7338.0,71.91666666666667
7342.0,0.05555555555555558
7343.0,-0.696969696969697
7344.0,14.490196078431374
7345.0,3.599733155436958
7347.0,24.54444444444444
7349.0,4.555555555555555
7353.0,13.705882352941178
7354.0,0.32352941176470584
7355.0,1267.404255319149
7356.0,0.19999999999999996
7357.0,-0.21875
7359.0,0.74
7360.0,19.38719817116731
7368.0,348.8
7370.0,0.4417142857142857
7372.0,0.04026845637583887
7375.0,90.88
7377.0,0.3513513513513513
7378.0,0.15346153846153832
7383.0,3.833333333333333
7386.0,3.5275
7388.0,0.532258064516129
7390.0,14.0
7391.0,9.37037037037037
7392.0,248.225
7401.0,4.6821052631578945
7402.0,4.048780487804878
7404.0,7.333333333333334
7405.0,0.36487716105550505
7406.0,0.3678947368421053
7407.0,233.375
7408.0,7.75
7409.0,13.782608695652174
7411.0,0.7582352941176471
7416.0,0.011111111111111072
7419.0,-0.35897435897435903
7421.0,61.06896551724138
7422.0,165.66666666666669
7423.0,1.6333333333333337
7425.0,2689.0
7427.0,241.26190476190476
7429.0,1.9373095341750108
7431.0,11.790697674418604
7434.0,1.3636363636363638
7435.0,45.395348837209305
7439.0,1.5
7440.0,85.95652173913044
7441.0,0.11363636363636354
7442.0,-0.9545454545454546
7443.0,85.36363636363636
7447.0,0.8136363636363635
7454.0,26.666666666666668
7456.0,0.0235294117647058
7458.0,43.8
7459.0,0.16162162162162153
7463.0,4.186851211072665
7465.0,167.83116883116884
7468.0,515.6666666666667
7471.0,275.0
7472.0,269.0
7473.0,9.0
7474.0,514.3636363636364
7478.0,4.799999999999999
7479.0,-0.20666666666666667
7483.0,2.896948474237119
7484.0,132.38
7486.0,17.166666666666668
7489.0,-0.08200000000000007
7492.0,-0.25688073394495414
7493.0,219.0
7494.0,2.6721311475409837
7495.0,0.08554277138569288
7501.0,16.11026615969582
7502.0,12.73125
7503.0,150.96
7504.0,1.0
7505.0,10.333333333333334
7506.0,-0.12222222222222223
7507.0,0.055185185185185226
7508.0,23.692307692307693
7509.0,40.66666666666667
7515.0,0.27181818181818174
7516.0,1.6666666666666665
7519.0,0.13114754098360648
7520.0,0.7781729273171816
7521.0,18.565642731363724
7522.0,229.0
7524.0,99.0
7525.0,459.0
7526.0,287.0
7528.0,1915.6666666666667
7530.0,0.9199999999999999
7532.0,18.546666666666667
7533.0,0.39639639639639634
7534.0,1.5428571428571431
7535.0,1.0
7540.0,-0.31034482758620685
7543.0,29.526315789473685
7544.0,148.93333333333334
7545.0,0.07499999999999996
7549.0,0.6484534172994998
7550.0,299.0
7552.0,3.798
7553.0,5.225
7554.0,399.0
7555.0,0.22666666666666657
7556.0,0.20010005002501252
7557.0,-0.7778
7558.0,329.0
7562.0,744.0
7563.0,0.3999999999999999
7564.0,44.0
7565.0,0.030000000000000027
7568.0,3.826666666666666
7569.0,4443.4
7571.0,22.333333333333336
7572.0,1.03125
7576.0,53.98
7593.0,5.333333333333333
7598.0,0.04444444444444429
7599.0,1.9999999999999996
7602.0,0.375
7605.0,63.44444444444444
7609.0,84.0
7610.0,164.0
7611.0,231.5
7613.0,10.833333333333334
7620.0,0.08912195121951227
7622.0,4.207291666666666
7624.0,3.7199999999999998
7625.0,9.921052631578949
7627.0,4.7475
7628.0,35.5448275862069
7629.0,0.4285714285714286
7631.0,8.92
7632.0,0.0
7633.0,33.47586206896552
7634.0,60.0
7637.0,2.4302325581395348
7641.0,73.46808510638299
7642.0,0.689189189189189
7645.0,16.4
7646.0,568.8
7647.0,0.5
7648.0,0.5571428571428572
7651.0,2.2130394857667586
7654.0,13.499999999999998
7655.0,3.905751570807153
7656.0,623.9166666666666
7658.0,9.869565217391305
7662.0,0.554054054054054
7665.0,0.3500000000000001
7667.0,4.9996
7668.0,1.354480052321779
7672.0,-0.022794117647058743
7673.0,3.245
7674.0,4.114776119402985
7675.0,4.218340611353712
7677.0,3.393673110720562
7678.0,3.8223350253807107
7681.0,5.677015523284928
7682.0,1.547770700636943
7684.0,-0.99995
7692.0,144.45454545454544
7693.0,5.684210526315789
7695.0,2.995
7702.0,59.8
7705.0,28.444444444444443
7707.0,0.470294117647059
7708.0,4.481481481481482
7709.0,43.43636363636364
7710.0,1.5454545454545454
7714.0,572.3333333333334
7715.0,74.0
7716.0,28.488636363636363
7720.0,0.0
7728.0,0.18753907063971664
7729.0,302.96
7730.0,15.489999999999998
7731.0,0.4347826086956521
7733.0,0.3157894736842106
7735.0,278.3103448275862
7737.0,5.122448979591837
7740.0,31.32628398791541
7741.0,37.6734693877551
7744.0,4.510204081632653
7745.0,0.3465217391304347
7746.0,1249.0
7748.0,1.608695652173913
7750.0,1298.9
7751.0,1.7936507936507935
7752.0,3.8076152304609217
7755.0,0.1002004008016033
7756.0,26.0
7762.0,8.566666666666666
7764.0,9.110294117647058
7765.0,1549.0
7772.0,4.119047619047619
7777.0,19.0
7778.0,3.166666666666667
7788.0,0.53125
7790.0,0.2965714285714287
7791.0,52.125
7803.0,0.01760000000000006
7804.0,349.0
7807.0,1.9545454545454546
7809.0,0.08321678321678316
7810.0,20.79090909090909
7811.0,363.75
7812.0,45.35294117647059
7814.0,0.54
7815.0,0.2504465880671669
7816.0,5.470588235294118
7818.0,2.0746153846153845
7819.0,104.59090909090908
7821.0,-0.46235294117647063
7822.0,61.931034482758626
7823.0,0.21260180025717967
7824.0,72.87499999999999
7825.0,14.384615384615383
7826.0,198.96
7828.0,332.3076923076923
7830.0,0.010000000000000009
7835.0,649.0
7837.0,3.0160714285714283
7842.0,721.2222222222223
7843.0,0.9666666666666666
7844.0,49.0
7846.0,0.9403880776155231
7847.0,3.7166037735849056
7848.0,1.0
7851.0,349.0
7852.0,4.12
7853.0,-0.3603007103938203
7854.0,1.0
7857.0,44.0
7861.0,179.0
7863.0,26.775
7864.0,94.16
7868.0,8.30232558139535
7869.0,1.1
7870.0,1.4705882352941178
7874.0,4.0
7876.0,140.0
7877.0,1.1973991330443483
7883.0,0.7137607186606778
7885.0,35.53846153846154
7889.0,18.444444444444443
7890.0,0.37080645161290304
7894.0,0.007009345794392718
7896.0,5.25
7897.0,2.3347228011671532
7898.0,3.7474999999999996
7905.0,0.6252902303982852
7907.0,-0.6
7909.0,0.8418749999999999
7910.0,592.3333333333334
7911.0,23.615384615384617
7912.0,0.9396551724137931
7913.0,1.2970270270270268
7917.0,154.0
7919.0,-0.0632957439068752
7922.0,198.89999999999998
7923.0,0.875
7925.0,-0.20000000000000007
7929.0,3.4444444444444446
7930.0,201.8985507246377
7931.0,-0.011111111111111072
7933.0,0.30000000000000004
7934.0,4.0
7938.0,66.94871794871794
7940.0,1.0
7945.0,362.33333333333337
7946.0,12.529411764705882
7948.0,0.1142081189251003
7954.0,75.95
7955.0,34.9448275862069
7956.0,0.7625
7957.0,0.0
7958.0,9.6
7959.0,0.8400000000000001
7960.0,139.0
7963.0,0.03228260869565225
7964.0,4.1689655172413795
7965.0,593.3888888888889
7967.0,-0.33999999999999997
7969.0,-0.36134020618556695
7972.0,0.7116182572614107
7973.0,0.0
7977.0,0.21794871794871784
7979.0,7.0
7981.0,0.13282937365010805
7982.0,1.0
7983.0,1.1832653061224492
7984.0,4.265005265005265
7986.0,1.3333333333333335
7988.0,6.480758620689655
7989.0,3.8
7990.0,0.75
7993.0,2.8
7996.0,29.0
7998.0,58.908459873313575
7999.0,0.75
8001.0,240.83673469387756
8004.0,0.05555555555555558
8005.0,1.323
8006.0,1.4880889359449445
8009.0,153.83870967741936
8010.0,-0.12903225806451613
8011.0,3.479310344827587
8012.0,305.12244897959187
8013.0,2.8076923076923075
8015.0,18.879518072289155
8018.0,3.1428571428571432
8020.0,482.62499999999994
8021.0,48.199999999999996
8028.0,45.971428571428575
8029.0,34.714285714285715
8035.0,259.8695652173913
8036.0,8.25925925925926
8038.0,0.4642857142857142
8045.0,0.8333333333333333
8046.0,19.0
8048.0,4.283018867924529
8049.0,15.217391304347824
8050.0,0.7560975609756098
8051.0,483.0
8053.0,1.5277323149663573
8054.0,117.86792452830188
8057.0,1.2863675335810232
8059.0,132.33333333333334
8061.0,399.0
8062.0,115.66666666666666
8065.0,177.57142857142858
8068.0,-0.39799331103678925
8069.0,83.83333333333333
8071.0,0.48
8075.0,40.11111111111111
8080.0,1.4
8081.0,18.70149253731343
8082.0,3.0
8083.0,2.414285714285714
8087.0,1.272727272727273
8089.0,0.0494719288493608
8091.0,269.6
8092.0,0.56
8095.0,98.76
8096.0,-0.18374999999999997
8098.0,232.33333333333334
8100.0,499999998.99999994
8101.0,0.24630769230769234
8103.0,1.608695652173913
8108.0,15.35164835164835
8109.0,0.33333333333333326
8113.0,2.4225
8115.0,0.12487499999999985
8116.0,3.458333333333333
8122.0,20.08433734939759
8124.0,649.0
8125.0,14.094339622641508
8130.0,192.83673469387756
8131.0,0.10624999999999996
8132.0,19.8
8134.0,2.99
8139.0,3.0715502555366268
8140.0,0.5405405405405406
8143.0,0.023809523809523725
8144.0,0.40909090909090917
8146.0,77.94736842105263
8148.0,0.9420289855072463
8149.0,0.25
8153.0,13.165555555555555
8154.0,1.380952380952381
8156.0,0.5625
8157.0,0.1123595505617978
8163.0,31.0
8164.0,4.05050505050505
8166.0,0.022183558068725517
8171.0,0.2190243902439024
8172.0,-0.018105263157894735
8173.0,1.113289760348584
8175.0,0.22857142857142865
8176.0,4.811948051948051
8177.0,0.32999999999999985
8178.0,60.224489795918366
8180.0,1.8174358974358973
8182.0,3.3561643835616435
8183.0,385.76
8185.0,4.2631578947368425
8186.0,0.49975000000000014
8187.0,11.820512820512821
8188.0,129.0
8189.0,0.0888888888888888
8190.0,9.909090909090908
8191.0,0.2804878048780488
8192.0,1.137335152341974
8195.0,4.0
8196.0,4.997999999999999
8198.0,0.05853658536585371
8204.0,0.022669689291905604
8205.0,128.98
8208.0,-0.2772727272727272
8209.0,77.33333333333334
8212.0,1.5641025641025643
8213.0,-0.36363636363636365
8215.0,61.5
8216.0,-0.05797101449275355
8220.0,1.8846153846153846
8221.0,0.15270588235294125
8224.0,118.66666666666667
8226.0,20.318181818181817
8227.0,3.7
8230.0,332.3076923076923
8233.0,544.0
8235.0,2.8825
8237.0,479.0
8238.0,0.9463087248322146
8242.0,3.316470588235294
8246.0,6.96
8247.0,14.166666666666666
8249.0,70.33333333333333
8250.0,397.5714285714286
8253.0,48.56140350877193
8262.0,21.307692307692307
8263.0,4.862068965517241
8264.0,0.07545454545454544
8267.0,9.625
8268.0,0.11324376199616126
8269.0,1.480952380952381
8273.0,1.6923076923076925
8274.0,519.0
8275.0,0.8571428571428574
8276.0,695.9
8278.0,98.88888888888889
8279.0,6.500500033335555
8280.0,572.8
8282.0,84.332
8284.0,20.05263157894737
8285.0,302.8
8288.0,197.39999999999998
8292.0,6.8125
8294.0,0.54
8295.0,0.041319444444444464
8296.0,1.0
8298.0,199.0
8299.0,1.4878109763720468
8300.0,12.999999999999998
8302.0,150.96
8303.0,5.0
8305.0,4.6521739130434785
8309.0,0.5789473684210527
8312.0,0.5428571428571431
8313.0,0.5920000000000001
8315.0,30.77257525083612
8321.0,0.3406818181818183
8322.0,208.07272727272724
8325.0,262.05263157894734
8326.0,301.8571428571429
8327.0,24.85
8331.0,72.16666666666667
8334.0,1.4637681159420288
8335.0,20.996666666666666
8341.0,4.852941176470588
8343.0,1.0
8345.0,0.25
8348.0,55.666666666666664
8351.0,-0.004977375565610953
8352.0,0.21695652173913027
8357.0,1915.6666666666667
8358.0,7.377104377104375
8359.0,0.7482517482517483
8363.0,-0.08333333333333337
8365.0,3.875
8367.0,1.020820575627679
8372.0,0.15764705882352947
8375.0,5.119199272065514
8376.0,137.31666666666666
8378.0,6.332666666666666
8379.0,16.20300751879699
8380.0,0.853813559322034
8381.0,2.3930232558139535
8383.0,10.976351351351353
8385.0,47.03921568627451
8389.0,78.8
8392.0,0.9998333333333334
8393.0,5.2592592592592595
8394.0,2.25
8395.0,199.0
8396.0,18.092627599243855
8399.0,0.06165781951817073
8401.0,47.0
8405.0,2.332666666666667
8406.0,1109.0
8407.0,75.66
8408.0,9.834061135371178
8409.0,21.413793103448278
8410.0,0.8583999999999998
8411.0,1.2000000000000002
8414.0,1.5
8419.0,0.2634042553191489
8420.0,-0.5001666666666666
8423.0,112.86075949367088
8424.0,170.42857142857144
8425.0,0.6857142857142857
8427.0,1.665
8428.0,0.7416681180567648
8429.0,469.0
8431.0,116.12857142857143
8432.0,-0.9
8433.0,158.79999999999998
8435.0,2.7250980392156863
8436.0,4.764705882352941
8437.0,999.0
8438.0,10.997142857142858
8440.0,5.666666666666667
8442.0,121.75949367088607
8444.0,40.18
8445.0,4.833333333333333
8446.0,3.166666666666667
8449.0,-0.22368932038834954
8451.0,1.2222222222222223
8453.0,7.125
8454.0,1.4303124999999999
8455.0,537.3846153846154
8456.0,14.293333333333335
8457.0,42.10344827586207
8458.0,1831.5000000000002
8459.0,0.14919354838709675
8461.0,0.3571428571428572
8463.0,1.1481481481481484
8464.0,1.0
8466.0,3.4793087767166897
8468.0,0.133
8469.0,1.0417262074878533
8470.0,0.8
8471.0,-0.09999999999999998
8472.0,4.384615384615385
8473.0,0.035357142857142865
8474.0,2.1666666666666665
8475.0,1699.0
8479.0,0.558279139569785
8481.0,5.2
8485.0,59.0
8488.0,13.0625
8489.0,0.8666666666666667
8490.0,2.879781420765027
8492.0,2.6363636363636362
8494.0,109.0632911392405
8495.0,19.833333333333336
8497.0,0.1167985109353189
8498.0,-0.20199999999999996
8501.0,0.06667140742847755
8504.0,2.09375
8508.0,99.83333333333334
8509.0,2.8636363636363633
8510.0,2.7635294117647056
8511.0,23.992857142857147
8512.0,2.741666666666667
8513.0,72.0
8514.0,2.5714285714285716
8515.0,201.56410256410257
8516.0,72.17073170731707
8518.0,3.7826086956521747
8519.0,22.36734693877551
8523.0,4.448809946714029
8524.0,74.71428571428572
8526.0,164.0
8530.0,1.9162499999999998
8534.0,0.1333333333333333
8535.0,0.3600000000000001
8536.0,1.92
8537.0,1.7338
8540.0,94.4943820224719
8542.0,24.62025316455696
8544.0,-0.13978494623655924
8546.0,3.220844168833767
8547.0,8.454545454545455
8548.0,0.1926192619261926
8550.0,8.806909090909091
8551.0,0.04220948410630543
8552.0,1.1590909090909092
8556.0,1.88
8559.0,3.042553191489362
8560.0,4.3761403508771926
8561.0,0.2894736842105263
8562.0,582.3333333333334
8564.0,0.28
8565.0,2.128712871287129
8569.0,3.7153472420691624
8571.0,44.43636363636363
8573.0,-0.34090909090909094
8574.0,-0.11139240506329107
8575.0,16.894736842105264
8576.0,16.142857142857142
8577.0,0.8918918918918919
8583.0,699.0
8584.0,1.0
8585.0,0.0952960876845792
8586.0,1175.8999999999999
8587.0,1.875
8591.0,69.78333333333333
8593.0,4.945945945945946
8595.0,206.69230769230768
8598.0,1218.5
8599.0,0.09176470588235297
8600.0,0.06727272727272737
8601.0,4.208333333333333
8602.0,4.348837209302325
8603.0,0.0
8604.0,3.4184210526315795
8605.0,1.0
8606.0,-0.15476190476190477
8609.0,107.0
8611.0,-0.04054054054054057
8612.0,2.0
8613.0,0.0
8617.0,0.8125
8620.0,3.6875
8622.0,-0.9999997298245614
8630.0,0.3157894736842106
8634.0,0.4368749999999999
8635.0,75.92307692307692
8636.0,1.5482758620689658
8637.0,4.338690476190476
8639.0,13.4
8641.0,12.888888888888896
8643.0,2.6
8644.0,3.515789473684211
8645.0,-0.0262820512820513
8649.0,95.49122807017545
8651.0,0.6664999999999999
8653.0,12.109756097560977
8655.0,0.6554054054054055
8656.0,11.554545454545455
8658.0,0.48059223689475794
8659.0,187.79999999999998
8662.0,4.6571428571428575
8665.0,0.08695652173913038
8667.0,266.88
8668.0,0.13771905679420127
8671.0,7.800000000000001
8672.0,1.4500000000000002
8673.0,0.7692307692307692
8676.0,13.875
8681.0,144.0
8682.0,58.31506849315069
8683.0,0.48571428571428577
8686.0,3.041616646658664
8687.0,83.21052631578948
8690.0,489.0
8692.0,0.8
8693.0,144.45454545454547
8694.0,3.006677796327212
8695.0,386.6
8697.0,44.714285714285715
8698.0,1598.7999999999997
8702.0,1079.0
8705.0,1499.0
8706.0,1.5168350168350164
8707.0,-0.1297872340425532
8713.0,177.99
8715.0,2.3000000000000003
8718.0,0.007194244604316502
8719.0,13.285714285714286
8720.0,0.06684447407901306
8721.0,1.0721686316541623
8723.0,0.523076923076923
8725.0,2.026315789473684
8726.0,0.8581636298678099
8727.0,473.0
8730.0,1.4556962025316453
8735.0,59.0
8736.0,0.5151515151515151
8739.0,1.0689655172413794
8743.0,9.721538461538461
8744.0,0.8869090909090909
8747.0,3.293103448275862
8751.0,10.511727078891257
8752.0,11.659999999999998
8756.0,2.340909090909091
8757.0,0.8343949044585988
8761.0,0.256281407035176
8762.0,4.090909090909091
8770.0,349.0
8774.0,1.2110972048393829
8781.0,231.75862068965517
8783.0,555.0
8786.0,0.24285714285714288
8789.0,31.90833333333334
8790.0,2.2338235294117648
8796.0,0.952
8798.0,0.33333333333333326
8800.0,0.28205128205128194
8801.0,2.2
8803.0,1999.0
8805.0,2.0484782608695653
8807.0,79.0
8808.0,0.07000000000000006
8810.0,56.77777777777778
8811.0,-0.9999998803278689
8813.0,0.30000000000000004
8814.0,2.7714285714285714
8817.0,4.030927835051546
8818.0,0.28
8819.0,86.475
8820.0,325.6666666666667
8824.0,4.403669724770642
8826.0,1.811244979919679
8828.0,2.3333333333333335
8829.0,41.272727272727266
8830.0,13.6875
8832.0,26.66666666666667
8835.0,1.2222222222222223
8837.0,1.558139534883721
8838.0,2.5526315789473686
8843.0,3.0
8845.0,-0.014084507042253502
8847.0,1.03125
8849.0,0.7638888888888888
8851.0,4.0
8853.0,3.5
8855.0,3.1793643883326084
8857.0,799.0
8858.0,3.1793643883326084
8859.0,3.4444444444444446
8861.0,30.60975609756098
8865.0,0.935483870967742
8869.0,3.560964513193812
8870.0,165.66666666666669
8871.0,137.4
8872.0,0.32586918090748385
8874.0,3.04995499549955
8877.0,348.99999999999994
8878.0,1.2900763358778624
8879.0,11.350877192982455
8885.0,37.8
8886.0,0.8333333333333333
8888.0,25.85196374622356
8889.0,327.0
8892.0,15.658333333333331
8894.0,815.6666666666667
8897.0,2.5833333333333335
8898.0,3.406779661016949
8900.0,0.06666666666666665
8901.0,1.420588235294118
8902.0,759.0
8903.0,1.2448979591836737
8904.0,13.98
8905.0,60.764705882352935
8906.0,1.4
8907.0,5.8893528183716075
8911.0,434.96
8912.0,0.9714285714285713
8913.0,1.9629629629629628
8916.0,0.24615384615384617
8918.0,63.0
8919.0,88.0
8922.0,49.32592592592592
8924.0,96.0
8926.0,5.8965517241379315
8927.0,20.818181818181817
8930.0,6.142857142857143
8931.0,0.9942857142857144
8933.0,1.5
8934.0,11.6
8936.0,-0.060624431645953436
8937.0,2.0452380952380955
8938.0,96.43037974683544
8941.0,0.2333333333333334
8944.0,7.625
8945.0,3.1638888888888888
8946.0,19.357142857142858
8947.0,0.24
8949.0,327.0
8950.0,131.0
8951.0,135.6
8953.0,3.1739130434782608
8954.0,282.75
8956.0,209.0
8961.0,1.7699115044247788
8969.0,0.22222222222222232
8970.0,132.52857142857144
8971.0,54.99999999999999
8978.0,134.0
8981.0,3.0
8984.0,0.9714285714285713
8988.0,1.798
8990.0,81.5
8991.0,79.0
8993.0,4.777333333333334
8994.0,26.77777777777778
8995.0,0.33333333333333326
8996.0,26.44186046511628
8998.0,799.0
9000.0,1.5339285714285715
9001.0,257.7755102040816
9005.0,1159.0
9008.0,23.615384615384613
9010.0,194.93243243243245
9012.0,-0.4456
9014.0,3.6259259259259258
9015.0,1.5059144676979073
9016.0,127.0
9017.0,4.9577482395099794
9018.0,0.5
9019.0,1.8787500000000001
9022.0,14.047619047619047
9023.0,0.1688668866886689
9024.0,175.66666666666669
9025.0,40.81818181818181
9027.0,1.2511255627813909
9028.0,5.4
9030.0,14.416666666666666
9031.0,0.30952
9032.0,0.02127659574468077
9040.0,-0.14678899082568808
9042.0,77.75
9043.0,419.0
9046.0,2.787878787878788
9047.0,103.0
9052.0,26.77777777777778
9053.0,0.6470588235294117
9054.0,0.6444444444444444
9056.0,0.30589430894308967
9059.0,0.41333333333333333
9060.0,356.14285714285717
9062.0,2.6341463414634148
9063.0,0.08965517241379306
9065.0,0.17347826086956508
9066.0,0.21376811594202905
9068.0,0.07256097560975605
9071.0,1.9702702702702704
9072.0,1.5806451612903225
9075.0,0.9090909090909092
9076.0,0.41176470588235303
9079.0,39.0
9081.0,0.2221481481481482
9082.0,0.29333333333333345
9084.0,0.24968750000000006
9085.0,4.126353790613718
9086.0,20.0
9087.0,0.1875
9089.0,33.59615384615384
9090.0,7.923157894736841
9094.0,0.09259259259259256
9095.0,17.553191489361705
9099.0,0.20481927710843384
9102.0,76.04081632653062
9103.0,0.8073878627968338
9106.0,4.826271186440678
9108.0,0.09090909090909083
9112.0,0.2896289628962896
9113.0,3.605210420841683
9114.0,-0.0873786407766991
9117.0,26.8125
9119.0,3.954545454545454
9123.0,331.0
9124.0,555.0
9125.0,5.6499999999999995
9126.0,199.0
9132.0,3.9000000000000004
9136.0,0.31000000000000005
9137.0,0.03333333333333344
9138.0,598.96
9141.0,0.07842105263157895
9142.0,1187.8
9143.0,135.5
9146.0,2.1799999999999997
9149.0,4.0
9150.0,2.6666666666666665
9152.0,38.983333333333334
9153.0,18.166666666666668
9155.0,2.8
9157.0,254.0
9158.0,0.25
9159.0,274.82758620689657
9160.0,51.631578947368425
9161.0,0.16941176470588237
9162.0,74.0
9163.0,2.0909090909090904
9164.0,0.031746031746031855
9167.0,0.1200000000000001
9168.0,1.4507042253521125
9171.0,3.384615384615385
9173.0,0.21999999999999997
9174.0,1.1853146853146854
9178.0,4.238095238095238
9182.0,13.08181818181818
9187.0,32.75
9188.0,0.19654255319148928
9189.0,721.2222222222223
9190.0,0.07450000000000001
9192.0,121.16666666666667
9193.0,64.98
9197.0,76.85298760839947
9198.0,1.0
9200.0,6.57842105263158
9203.0,8.99
9204.0,49.84444444444444
9205.0,17.882051282051282
9206.0,0.20454545454545459
9208.0,799.0
9210.0,0.42500000000000004
9211.0,0.552941176470588
9212.0,0.8285714285714285
9214.0,0.26694821071349173
9216.0,18.926666666666666
9217.0,86.5
9218.0,169.0
9219.0,4.666666666666667
9220.0,1.8260869565217392
9223.0,3.0612244897959187
9224.0,198.2566666666667
9225.0,999.0
9228.0,19.666666666666668
9229.0,2.0
9233.0,31.690909090909088
9234.0,0.1200000000000001
9235.0,1.2571428571428576
9236.0,0.042402826855123754
9239.0,1.823529411764706
9242.0,1.8055555555555554
9243.0,9.03448275862069
9245.0,479.0
9247.0,3.705263157894737
9248.0,0.10999999999999988
9249.0,10.666666666666666
9250.0,25.043478260869566
9252.0,127.0
9253.0,50.42857142857143
9254.0,1.4995454545454545
9255.0,2.7267080745341614
9258.0,2.142857142857143
9260.0,5.904761904761905
9261.0,0.41117647058823525
9263.0,22.971428571428575
9266.0,814.0
9270.0,235.6315789473684
9271.0,56.142857142857146
9272.0,0.09302325581395343
9275.0,-0.08846153846153848
9277.0,0.02083333333333326
9284.0,22.990000000000002
9285.0,102.0
9286.0,329.0
9289.0,23.995
9295.0,56.0
9297.0,0.08514285714285719
9298.0,22.333333333333332
9301.0,1.074074074074074
9304.0,1.2460674157303369
9305.0,0.8666666666666667
9306.0,0.8737502342187793
9307.0,8.865406006674082
9308.0,-0.07826086956521738
9310.0,1.8333333333333335
9313.0,0.2333333333333334
9316.0,199.0
9317.0,-0.014285714285714346
9318.0,282.33333333333337
9319.0,0.15159128978224468
9322.0,21.12430426716141
9324.0,3.6828437633035334
9325.0,1.0
9326.0,13.132307692307691
9332.0,-0.4894736842105263
9333.0,201.6315789473684
9335.0,-0.394
9337.0,65.25
9339.0,0.0
9340.0,0.8281535648994516
9342.0,27.57142857142857
9345.0,5.15
9347.0,51.5
9348.0,0.25142857142857133
9350.0,429.0
9351.0,452.26666666666665
9353.0,0.8696774193548387
9354.0,358.0
9355.0,0.22807017543859653
9356.0,8.285714285714286
9361.0,239.0
9363.0,0.2215555555555555
9364.0,22.316666666666666
9370.0,0.2637681159420291
9371.0,1.2500000000000004
9372.0,276.6571428571429
9373.0,2.4482068965517243
9375.0,5.19
9378.0,540.6666666666667
9380.0,1225.8181818181818
9381.0,229.0
9384.0,4.970449966420417
9385.0,87.95
9386.0,2.373125
9390.0,33.017008504252125
9391.0,356.1142857142857
9400.0,0.7219113215669393
9401.0,4.052631578947368
9403.0,75.0
9404.0,22.26666666666667
9405.0,2.4
9407.0,26.42857142857143
9408.0,0.20833333333333326
9409.0,1.072480181200453
9410.0,47.0
9416.0,1.7102884201463624
9417.0,0.3157894736842106
9420.0,395.6666666666667
9423.0,125.66666666666667
9425.0,1.0571428571428574
9430.0,140.46666666666667
9434.0,3.0
9436.0,77.57142857142857
9438.0,1.684657534246575
9439.0,2.1111111111111107
9441.0,5.25
9442.0,0.875
9443.0,1.4120603015075375
9444.0,2.9904615384615383
9445.0,0.44469149527515284
9447.0,59.54545454545455
9449.0,799.0
9450.0,94.88
9453.0,255.94915254237287
9455.0,0.3999999999999999
9456.0,6.454545454545454
9458.0,38.971428571428575
9459.0,2.0
9460.0,167.75
9461.0,707.0
9462.0,50.11111111111111
9463.0,64.83333333333334
9465.0,1.2000000000000002
9467.0,8.522857142857143
9468.0,110.96
9469.0,0.2236800000000001
9476.0,1.0909090909090908
9478.0,365.64444444444445
9479.0,0.875
9481.0,0.9917119176907687
9488.0,0.16009280742459397
9490.0,53.28571428571429
9491.0,1.8999999999999995
9493.0,0.33340742387197153
9496.0,0.4750000000000001
9500.0,2.166666666666667
9502.0,58.9
9505.0,3.105263157894737
9506.0,2.5707142857142857
9507.0,447.0
9508.0,2.719291907514451
9509.0,249.0
9510.0,32.59288537549407
9511.0,2.380281690140845
9512.0,15.8
9513.0,2498.9999999999995
9514.0,213.2714285714286
9515.0,23.0
9518.0,79.0
9520.0,1.3599999999999999
9521.0,89.0
9522.0,0.8068181818181819
9528.0,0.16666666666666674
9530.0,728.2682926829269
9532.0,8.206349206349206
9535.0,5.452830188679245
9536.0,0.45857642940490084
9537.0,1.4997222222222222
9538.0,3.3995555555555557
9539.0,232.26666666666668
9540.0,3.578589108910891
9543.0,9.392609699769054
9544.0,7.0
9546.0,3.3345000000000002
9547.0,0.7039644312708413
9548.0,4.304370888569081
9550.0,0.08291666666666653
9555.0,1.56
9561.0,27.0
9562.0,137.0
9564.0,28.0
9567.0,19.571428571428573
9570.0,2.228931223764934
9571.0,2322.0
9572.0,1.8557142857142859
9576.0,2.0
9577.0,405.6666666666667
9578.0,1.5924999999999998
9580.0,56.6
9581.0,2.411764705882353
9588.0,0.003236245954692629
9589.0,82.33333333333334
9594.0,2.8181818181818183
9598.0,2.6892307692307695
9599.0,349.0
9601.0,0.12778535698044569
9602.0,2.751375687843922
9603.0,0.27593360995850635
9606.0,0.7171717171717171
9608.0,254.6
9609.0,1.50965250965251
9610.0,799.0
9612.0,3.8076923076923075
9617.0,52.333333333333336
9618.0,4.2
9619.0,-0.3877551020408163
9620.0,1.937062937062937
9622.0,45.15384615384615
9625.0,24.0
9627.0,27.166666666666664
9630.0,2.75
9631.0,0.0004349717268379294
9632.0,0.26666666666666683
9633.0,0.6216216216216215
9637.0,21.4
9641.0,2.298655163664045
9644.0,8.971428571428573
9647.0,38.705714285714286
9651.0,774.0
9652.0,48.375
9654.0,18.68421052631579
9655.0,499.0
9656.0,21.455526392534267
9658.0,43.904334244435766
9659.0,2.8275862068965516
9660.0,0.19631901840490795
9661.0,56.92304509722797
9663.0,1.92
9665.0,311.5
9667.0,1.725
9668.0,94.1219512195122
9669.0,1249.0
9670.0,2.5555555555555554
9671.0,581.2
9673.0,2.2
9674.0,139.0
9675.0,8.072727272727272
9678.0,421.8571428571429
9683.0,65.0
9684.0,756.5
9686.0,44.0
9689.0,3.366504854368932
9690.0,572.0
9691.0,67.96551724137932
9692.0,499.0
9695.0,748.3000000000001
9696.0,0.13448844884488453
9697.0,399.0
9704.0,0.0
9705.0,1.7941176470588234
9707.0,1.4324324324324325
9708.0,79.83333333333334
9709.0,1.8125
9710.0,79.0
9713.0,52.333333333333336
9718.0,0.6015625
9719.0,-0.4
9720.0,2.2738095238095237
9721.0,34.552
9722.0,49.0
9724.0,498.94999999999993
9725.0,0.23750000000000004
9726.0,64.3529411764706
9730.0,24.869565217391305
9731.0,-0.08553191489361711
9740.0,0.6915384615384614
9744.0,16.391217391304348
9747.0,0.5384615384615385
9749.0,5.74468085106383
9752.0,1.08
9753.0,0.019565217391304346
9754.0,2.1067961165048543
9759.0,66.6470588235294
9760.0,0.4871794871794872
9763.0,0.9546204620462049
9764.0,218.875
9767.0,223.59016393442624
9768.0,33.6
9770.0,36.075
9771.0,0.30292307692307685
9773.0,213.2857142857143
9775.0,269.0
9776.0,5.6
9780.0,999.0
9781.0,168.56521739130437
9787.0,124.0
9791.0,192.75
9793.0,5.0
9795.0,0.18008185538881305
9798.0,656.5
9805.0,4.6
9810.0,1.3389830508474576
9815.0,258.23333333333335
9816.0,0.10691823899371067
9828.0,53.958333333333336
9833.0,5.666666666666667
9834.0,2.3915151515151516
9836.0,64.0
9839.0,0.3234411470490164
9840.0,4.131333333333333
9841.0,12.384615384615385
9842.0,3.137471264367816
9843.0,158.0
9844.0,0.728395061728395
9845.0,-0.28896
9846.0,4.882352941176471
9847.0,158.93333333333334
9848.0,6.916666666666667
9849.0,3.954954954954955
9851.0,6.993142857142857
9853.0,1.727272727272727
9855.0,576.2727272727273
9856.0,128.95
9859.0,1162.6363636363637
9860.0,123.11347517730498
9861.0,8.899999999999999
9862.0,790.7500000000001
9863.0,469.0
9865.0,4.553846153846154
9868.0,4.523809523809524
9871.0,9.37037037037037
9873.0,225.53061224489795
9874.0,248.95
9875.0,-0.29999999999999993
9879.0,-0.07692307692307687
9880.0,44.0
9881.0,126.6
9884.0,9.393258426966291
9885.0,0.6675931072818233
9886.0,24.0
9887.0,9.833333333333334
9890.0,3.2156521739130435
9891.0,2.333334814815473
9893.0,0.7766666666666668
9895.0,432.33333333333337
9900.0,0.18368421052631567
9902.0,0.04761904761904767
9905.0,28.142857142857142
9907.0,55.0
9910.0,578.1666666666667
9912.0,165.0
9915.0,968.0
9916.0,34.78947368421053
9920.0,127.0
9921.0,1.2222222222222223
9922.0,147.14166666666668
9923.0,7e+16
9924.0,5.779661016949153
9926.0,1499.0
9929.0,4.084745762711865
9931.0,311.5
9932.0,0.020000000000000018
9933.0,3.666666666666667
9934.0,1.896261190100053
9935.0,1.3333333333333335
9938.0,85.66666666666667
9943.0,369.0
9947.0,59.03001500750375
9951.0,1.9030645161290325
9952.0,4.761185185185185
9953.0,3.5419318181818182
9958.0,2.2513547311379742
9963.0,265.6666666666667
9967.0,0.4394
9969.0,176.6
9970.0,40.0
9972.0,64.0
9976.0,5.0
9979.0,4.0
9980.0,549.0
9982.0,-0.09395973154362414
9990.0,-0.9999996408163265
